30000020
B002F378
80010000
A0000002
10000000
20000000
60000001
70000002
F0000000
80010200
A0000002
10000360
20000000
60000001
70000002
F0000000
80010400
A0000002
100006C0
20000000
60000001
70000002
F0000000
80010600
A0000002
10000A20
20000000
60000001
70000002
F0000000
80010800
A0000002
10000D80
20000000
60000001
70000002
F0000000
80010A00
A0000002
100010E0
20000000
60000001
70000002
F0000000
80010C00
A0000002
10001440
20000000
60000001
70000002
F0000000
80010E00
A0000002
100017A0
20000000
60000001
70000002
F0000000
80011000
A0000002
10001B00
20000000
60000001
70000002
F0000000
80011200
A0000002
10001E60
20000000
60000001
70000002
F0000000
80011400
A0000002
100021C0
20000000
60000001
70000002
F0000000
80011600
A0000002
10002520
20000000
60000001
70000002
F0000000
80011800
A0000002
10002880
20000000
60000001
70000002
F0000000
80011A00
A0000002
10002BE0
20000000
60000001
70000002
F0000000
80011C00
A0000002
10002F40
20000000
60000001
70000002
F0000000
80011E00
A0000002
100032A0
20000000
60000001
70000002
F0000000
80012000
A0000002
10003600
20000000
60000001
70000002
F0000000
80012200
A0000002
10003960
20000000
60000001
70000002
F0000000
80012400
A0000002
10003CC0
20000000
60000001
70000002
F0000000
80012600
A0000002
10004020
20000000
60000001
70000002
F0000000
80012800
A0000002
10004380
20000000
60000001
70000002
F0000000
80012A00
A0000002
100046E0
20000000
60000001
70000002
F0000000
80012C00
A0000002
10004A40
20000000
60000001
70000002
F0000000
80012E00
A0000002
10004DA0
20000000
60000001
70000002
F0000000
80013000
A0000002
10005100
20000000
60000001
70000002
F0000000
80013200
A0000002
10005460
20000000
60000001
70000002
F0000000
80013400
A0000002
100057C0
20000000
60000001
70000002
F0000000
80013600
A0000002
10005B20
20000000
60000001
70000002
F0000000
80013800
A0000002
10005E80
20000000
60000001
70000002
F0000000
80013A00
A0000002
100061E0
20000000
60000001
70000002
F0000000
80013C00
A0000002
10006540
20000000
60000001
70000002
F0000000
80013E00
A0000002
100068A0
20000000
60000001
70000002
F0000000
80014000
A0000002
10006C00
20000000
60000001
70000002
F0000000
80014200
A0000002
10006F60
20000000
60000001
70000002
F0000000
80014400
A0000002
100072C0
20000000
60000001
70000002
F0000000
80014600
A0000002
10007620
20000000
60000001
70000002
F0000000
80014800
A0000002
10007980
20000000
60000001
70000002
F0000000
80014A00
A0000002
10007CE0
20000000
60000001
70000002
F0000000
80014C00
A0000002
10008040
20000000
60000001
70000002
F0000000
80014E00
A0000002
100083A0
20000000
60000001
70000002
F0000000
80015000
A0000002
10008700
20000000
60000001
70000002
F0000000
80015200
A0000002
10008A60
20000000
60000001
70000002
F0000000
80015400
A0000002
10008DC0
20000000
60000001
70000002
F0000000
80015600
A0000002
10009120
20000000
60000001
70000002
F0000000
80015800
A0000002
10009480
20000000
60000001
70000002
F0000000
80015A00
A0000002
100097E0
20000000
60000001
70000002
F0000000
80015C00
A0000002
10009B40
20000000
60000001
70000002
F0000000
80015E00
A0000002
10009EA0
20000000
60000001
70000002
F0000000
80016000
A0000002
1000A200
20000000
60000001
70000002
F0000000
80016200
A0000002
1000A560
20000000
60000001
70000002
F0000000
80016400
A0000002
1000A8C0
20000000
60000001
70000002
F0000000
80016600
A0000002
1000AC20
20000000
60000001
70000002
F0000000
80016800
A0000002
1000AF80
20000000
60000001
70000002
F0000000
80016A00
A0000002
1000B2E0
20000000
60000001
70000002
F0000000
80016C00
A0000002
1000B640
20000000
60000001
70000002
F0000000
80016E00
A0000002
1000B9A0
20000000
60000001
70000002
F0000000
80017000
A0000002
1000BD00
20000000
60000001
70000002
F0000000
80017200
A0000002
1000C060
20000000
60000001
70000002
F0000000
80017400
A0000002
1000C3C0
20000000
60000001
70000002
F0000000
80017600
A0000002
1000C720
20000000
60000001
70000002
F0000000
80017800
A0000002
1000CA80
20000000
60000001
70000002
F0000000
80017A00
A0000002
1000CDE0
20000000
60000001
70000002
F0000000
80017C00
A0000002
1000D140
20000000
60000001
70000002
F0000000
80017E00
A0000002
1000D4A0
20000000
60000001
70000002
F0000000
80018000
A0000002
1000D800
20000000
60000001
70000002
F0000000
80018200
A0000002
1000DB60
20000000
60000001
70000002
F0000000
80018400
A0000002
1000DEC0
20000000
60000001
70000002
F0000000
80018600
A0000002
1000E220
20000000
60000001
70000002
F0000000
80018800
A0000002
1000E580
20000000
60000001
70000002
F0000000
80018A00
A0000002
1000E8E0
20000000
60000001
70000002
F0000000
80018C00
A0000002
1000EC40
20000000
60000001
70000002
F0000000
80018E00
A0000002
1000EFA0
20000000
60000001
70000002
F0000000
80019000
A0000002
1000F300
20000000
60000001
70000002
F0000000
80019200
A0000002
1000F660
20000000
60000001
70000002
F0000000
80019400
A0000002
1000F9C0
20000000
60000001
70000002
F0000000
80019600
A0000002
1000FD20
20000000
60000001
70000002
F0000000
80019800
A0000002
10010080
20000000
60000001
70000002
F0000000
80019A00
A0000002
100103E0
20000000
60000001
70000002
F0000000
80019C00
A0000002
10010740
20000000
60000001
70000002
F0000000
80019E00
A0000002
10010AA0
20000000
60000001
70000002
F0000000
8001A000
A0000002
10010E00
20000000
60000001
70000002
F0000000
8001A200
A0000002
10011160
20000000
60000001
70000002
F0000000
8001A400
A0000002
100114C0
20000000
60000001
70000002
F0000000
8001A600
A0000002
10011820
20000000
60000001
70000002
F0000000
8001A800
A0000002
10011B80
20000000
60000001
70000002
F0000000
8001AA00
A0000002
10011EE0
20000000
60000001
70000002
F0000000
8001AC00
A0000002
10012240
20000000
60000001
70000002
F0000000
8001AE00
A0000002
100125A0
20000000
60000001
70000002
F0000000
8001B000
A0000002
10012900
20000000
60000001
70000002
F0000000
8001B200
A0000002
10012C60
20000000
60000001
70000002
F0000000
8001B400
A0000002
10012FC0
20000000
60000001
70000002
F0000000
8001B600
A0000002
10013320
20000000
60000001
70000002
F0000000
8001B800
A0000002
10013680
20000000
60000001
70000002
F0000000
8001BA00
A0000002
100139E0
20000000
60000001
70000002
F0000000
8001BC00
A0000002
10013D40
20000000
60000001
70000002
F0000000
8001BE00
A0000002
100140A0
20000000
60000001
70000002
F0000000
8001C000
A0000002
10014400
20000000
60000001
70000002
F0000000
8001C200
A0000002
10014760
20000000
60000001
70000002
F0000000
8001C400
A0000002
10014AC0
20000000
60000001
70000002
F0000000
8001C600
A0000002
10014E20
20000000
60000001
70000002
F0000000
8001C800
A0000002
10015180
20000000
60000001
70000002
F0000000
8001CA00
A0000002
100154E0
20000000
60000001
70000002
F0000000
8001CC00
A0000002
10015840
20000000
60000001
70000002
F0000000
8001CE00
A0000002
10015BA0
20000000
60000001
70000002
F0000000
8001D000
A0000002
10015F00
20000000
60000001
70000002
F0000000
8001D200
A0000002
10016260
20000000
60000001
70000002
F0000000
8001D400
A0000002
100165C0
20000000
60000001
70000002
F0000000
8001D600
A0000002
10016920
20000000
60000001
70000002
F0000000
8001D800
A0000002
10016C80
20000000
60000001
70000002
F0000000
8001DA00
A0000002
10016FE0
20000000
60000001
70000002
F0000000
8001DC00
A0000002
10017340
20000000
60000001
70000002
F0000000
8001DE00
A0000002
100176A0
20000000
60000001
70000002
F0000000
8001E000
A0000002
10017A00
20000000
60000001
70000002
F0000000
8001E200
A0000002
10017D60
20000000
60000001
70000002
F0000000
8001E400
A0000002
100180C0
20000000
60000001
70000002
F0000000
8001E600
A0000002
10018420
20000000
60000001
70000002
F0000000
8001E800
A0000002
10018780
20000000
60000001
70000002
F0000000
8001EA00
A0000002
10018AE0
20000000
60000001
70000002
F0000000
8001EC00
A0000002
10018E40
20000000
60000001
70000002
F0000000
8001EE00
A0000002
100191A0
20000000
60000001
70000002
F0000000
8001F000
A0000002
10019500
20000000
60000001
70000002
F0000000
8001F200
A0000002
10019860
20000000
60000001
70000002
F0000000
8001F400
A0000002
10019BC0
20000000
60000001
70000002
F0000000
8001F600
A0000002
10019F20
20000000
60000001
70000002
F0000000
8001F800
A0000002
1001A280
20000000
60000001
70000002
F0000000
8001FA00
A0000002
1001A5E0
20000000
60000001
70000002
F0000000
8001FC00
A0000002
1001A940
20000000
60000001
70000002
F0000000
8001FE00
A0000002
1001ACA0
20000000
60000001
70000002
F0000000
80020000
A0000002
1001B000
20000000
60000001
70000002
F0000000
80020200
A0000002
1001B360
20000000
60000001
70000002
F0000000
80020400
A0000002
1001B6C0
20000000
60000001
70000002
F0000000
80020600
A0000002
1001BA20
20000000
60000001
70000002
F0000000
80020800
A0000002
1001BD80
20000000
60000001
70000002
F0000000
80020A00
A0000002
1001C0E0
20000000
60000001
70000002
F0000000
80020C00
A0000002
1001C440
20000000
60000001
70000002
F0000000
80020E00
A0000002
1001C7A0
20000000
60000001
70000002
F0000000
80021000
A0000002
1001CB00
20000000
60000001
70000002
F0000000
80021200
A0000002
1001CE60
20000000
60000001
70000002
F0000000
80021400
A0000002
1001D1C0
20000000
60000001
70000002
F0000000
80021600
A0000002
1001D520
20000000
60000001
70000002
F0000000
80021800
A0000002
1001D880
20000000
60000001
70000002
F0000000
80021A00
A0000002
1001DBE0
20000000
60000001
70000002
F0000000
80021C00
A0000002
1001DF40
20000000
60000001
70000002
F0000000
80021E00
A0000002
1001E2A0
20000000
60000001
70000002
F0000000
80022000
A0000002
1001E600
20000000
60000001
70000002
F0000000
80022200
A0000002
1001E960
20000000
60000001
70000002
F0000000
80022400
A0000002
1001ECC0
20000000
60000001
70000002
F0000000
80022600
A0000002
1001F020
20000000
60000001
70000002
F0000000
80022800
A0000002
1001F380
20000000
60000001
70000002
F0000000
80022A00
A0000002
1001F6E0
20000000
60000001
70000002
F0000000
80022C00
A0000002
1001FA40
20000000
60000001
70000002
F0000000
80022E00
A0000002
1001FDA0
20000000
60000001
70000002
F0000000
80023000
A0000002
10020100
20000000
60000001
70000002
F0000000
80023200
A0000002
10020460
20000000
60000001
70000002
F0000000
80023400
A0000002
100207C0
20000000
60000001
70000002
F0000000
80023600
A0000002
10020B20
20000000
60000001
70000002
F0000000
80023800
A0000002
10020E80
20000000
60000001
70000002
F0000000
80023A00
A0000002
100211E0
20000000
60000001
70000002
F0000000
80023C00
A0000002
10021540
20000000
60000001
70000002
F0000000
80023E00
A0000002
100218A0
20000000
60000001
70000002
F0000000
80024000
A0000002
10021C00
20000000
60000001
70000002
F0000000
80024200
A0000002
10021F60
20000000
60000001
70000002
F0000000
80024400
A0000002
100222C0
20000000
60000001
70000002
F0000000
80024600
A0000002
10022620
20000000
60000001
70000002
F0000000
80024800
A0000002
10022980
20000000
60000001
70000002
F0000000
80024A00
A0000002
10022CE0
20000000
60000001
70000002
F0000000
80024C00
A0000002
10023040
20000000
60000001
70000002
F0000000
80024E00
A0000002
100233A0
20000000
60000001
70000002
F0000000
80025000
A0000002
10023700
20000000
60000001
70000002
F0000000
80025200
A0000002
10023A60
20000000
60000001
70000002
F0000000
80025400
A0000002
10023DC0
20000000
60000001
70000002
F0000000
80025600
A0000002
10024120
20000000
60000001
70000002
F0000000
80025800
A0000002
10024480
20000000
60000001
70000002
F0000000
80025A00
A0000002
100247E0
20000000
60000001
70000002
F0000000
80025C00
A0000002
10024B40
20000000
60000001
70000002
F0000000
80025E00
A0000002
10024EA0
20000000
60000001
70000002
F0000000
80026000
A0000002
10025200
20000000
60000001
70000002
F0000000
80026200
A0000002
10025560
20000000
60000001
70000002
F0000000
80026400
A0000002
100258C0
20000000
60000001
70000002
F0000000
80026600
A0000002
10025C20
20000000
60000001
70000002
F0000000
80026800
A0000002
10025F80
20000000
60000001
70000002
F0000000
80026A00
A0000002
100262E0
20000000
60000001
70000002
F0000000
80026C00
A0000002
10026640
20000000
60000001
70000002
F0000000
80026E00
A0000002
100269A0
20000000
60000001
70000002
F0000000
80027000
A0000002
10026D00
20000000
60000001
70000002
F0000000
80027200
A0000002
10027060
20000000
60000001
70000002
F0000000
80027400
A0000002
100273C0
20000000
60000001
70000002
F0000000
80027600
A0000002
10027720
20000000
60000001
70000002
F0000000
80027800
A0000002
10027A80
20000000
60000001
70000002
F0000000
80027A00
A0000002
10027DE0
20000000
60000001
70000002
F0000000
80027C00
A0000002
10028140
20000000
60000001
70000002
F0000000
80027E00
A0000002
100284A0
20000000
60000001
70000002
F0000000
80028000
A0000002
10028800
20000000
60000001
70000002
F0000000
80028200
A0000002
10028B60
20000000
60000001
70000002
F0000000
80028400
A0000002
10028EC0
20000000
60000001
70000002
F0000000
80028600
A0000002
10029220
20000000
60000001
70000002
F0000000
80028800
A0000002
10029580
20000000
60000001
70000002
F0000000
80028A00
A0000002
100298E0
20000000
60000001
70000002
F0000000
80028C00
A0000002
10029C40
20000000
60000001
70000002
F0000000
80028E00
A0000002
10029FA0
20000000
60000001
70000002
F0000000
80029000
A0000002
1002A300
20000000
60000001
70000002
F0000000
80029200
A0000002
1002A660
20000000
60000001
70000002
F0000000
80029400
A0000002
1002A9C0
20000000
60000001
70000002
F0000000
80029600
A0000002
1002AD20
20000000
60000001
70000002
F0000000
80029800
A0000002
1002B080
20000000
60000001
70000002
F0000000
80029A00
A0000002
1002B3E0
20000000
60000001
70000002
F0000000
80029C00
A0000002
1002B740
20000000
60000001
70000002
F0000000
80029E00
A0000002
1002BAA0
20000000
60000001
70000002
F0000000
8002A000
A0000002
1002BE00
20000000
60000001
70000002
F0000000
8002A200
A0000002
1002C160
20000000
60000001
70000002
F0000000
8002A400
A0000002
1002C4C0
20000000
60000001
70000002
F0000000
8002A600
A0000002
1002C820
20000000
60000001
70000002
F0000000
8002A800
A0000002
1002CB80
20000000
60000001
70000002
F0000000
8002AA00
A0000002
1002CEE0
20000000
60000001
70000002
F0000000
8002AC00
A0000002
1002D240
20000000
60000001
70000002
F0000000
8002AE00
A0000002
1002D5A0
20000000
60000001
70000002
F0000000
8002B000
A0000002
1002D900
20000000
60000001
70000002
F0000000
8002B200
A0000002
1002DC60
20000000
60000001
70000002
F0000000
8002B400
A0000002
1002DFC0
20000000
60000001
70000002
F0000000
8002B600
A0000002
1002E320
20000000
60000001
70000002
F0000000
8002B800
A0000002
1002E680
20000000
60000001
70000002
F0000000
8002BA00
A0000002
1002E9E0
20000000
60000001
70000002
F0000000
8002BC00
A0000002
1002ED40
20000000
60000001
70000002
F0000000
8002BE00
A0000002
1002F0A0
20000000
60000001
70000002
F0000000
8002C000
A0000002
1002F400
20000000
60000001
70000002
F0000000
8002C200
A0000002
1002F760
20000000
60000001
70000002
F0000000
8002C400
A0000002
1002FAC0
20000000
60000001
70000002
F0000000
8002C600
A0000002
1002FE20
20000000
60000001
70000002
F0000000
8002C800
A0000002
10030180
20000000
60000001
70000002
F0000000
8002CA00
A0000002
100304E0
20000000
60000001
70000002
F0000000
8002CC00
A0000002
10030840
20000000
60000001
70000002
F0000000
8002CE00
A0000002
10030BA0
20000000
60000001
70000002
F0000000
8002D000
A0000002
10030F00
20000000
60000001
70000002
F0000000
8002D200
A0000002
10031260
20000000
60000001
70000002
F0000000
8002D400
A0000002
100315C0
20000000
60000001
70000002
F0000000
8002D600
A0000002
10031920
20000000
60000001
70000002
F0000000
8002D800
A0000002
10031C80
20000000
60000001
70000002
F0000000
8002DA00
A0000002
10031FE0
20000000
60000001
70000002
F0000000
8002DC00
A0000002
10032340
20000000
60000001
70000002
F0000000
8002DE00
A0000002
100326A0
20000000
60000001
70000002
F0000000
8002E000
A0000002
10032A00
20000000
60000001
70000002
F0000000
8002E200
A0000002
10032D60
20000000
60000001
70000002
F0000000
8002E400
A0000002
100330C0
20000000
60000001
70000002
F0000000
8002E600
A0000002
10033420
20000000
60000001
70000002
F0000000
8002E800
A0000002
10033780
20000000
60000001
70000002
F0000000
8002EA00
A0000002
10033AE0
20000000
60000001
70000002
F0000000
8002EC00
A0000002
10033E40
20000000
60000001
70000002
F0000000
8002EE00
A0000002
100341A0
20000000
60000001
70000002
F0000000
8002F000
A0000002
10034500
20000000
60000001
70000002
F0000000
8002F200
A0000002
10034860
20000000
60000001
70000002
F0000000
8002F400
A0000002
10034BC0
20000000
60000001
70000002
F0000000
8002F600
A0000002
10034F20
20000000
60000001
70000002
F0000000
8002F800
A0000002
10035280
20000000
60000001
70000002
F0000000
8002FA00
A0000002
100355E0
20000000
60000001
70000002
F0000000
8002FC00
A0000002
10035940
20000000
60000001
70000002
F0000000
8002FE00
A0000002
10035CA0
20000000
60000001
70000002
F0000000
80030000
A0000002
10036000
20000000
60000001
70000002
F0000000
80030200
A0000002
10036360
20000000
60000001
70000002
F0000000
80030400
A0000002
100366C0
20000000
60000001
70000002
F0000000
80030600
A0000002
10036A20
20000000
60000001
70000002
F0000000
80030800
A0000002
10036D80
20000000
60000001
70000002
F0000000
80030A00
A0000002
100370E0
20000000
60000001
70000002
F0000000
80030C00
A0000002
10037440
20000000
60000001
70000002
F0000000
80030E00
A0000002
100377A0
20000000
60000001
70000002
F0000000
80031000
A0000002
10037B00
20000000
60000001
70000002
F0000000
80031200
A0000002
10037E60
20000000
60000001
70000002
F0000000
80031400
A0000002
100381C0
20000000
60000001
70000002
F0000000
80031600
A0000002
10038520
20000000
60000001
70000002
F0000000
80031800
A0000002
10038880
20000000
60000001
70000002
F0000000
80031A00
A0000002
10038BE0
20000000
60000001
70000002
F0000000
80031C00
A0000002
10038F40
20000000
60000001
70000002
F0000000
80031E00
A0000002
100392A0
20000000
60000001
70000002
F0000000
80032000
A0000002
10039600
20000000
60000001
70000002
F0000000
80032200
A0000002
10039960
20000000
60000001
70000002
F0000000
80032400
A0000002
10039CC0
20000000
60000001
70000002
F0000000
80032600
A0000002
1003A020
20000000
60000001
70000002
F0000000
80032800
A0000002
1003A380
20000000
60000001
70000002
F0000000
80032A00
A0000002
1003A6E0
20000000
60000001
70000002
F0000000
80032C00
A0000002
1003AA40
20000000
60000001
70000002
F0000000
80032E00
A0000002
1003ADA0
20000000
60000001
70000002
F0000000
80033000
A0000002
1003B100
20000000
60000001
70000002
F0000000
80033200
A0000002
1003B460
20000000
60000001
70000002
F0000000
80033400
A0000002
1003B7C0
20000000
60000001
70000002
F0000000
80033600
A0000002
1003BB20
20000000
60000001
70000002
F0000000
80033800
A0000002
1003BE80
20000000
60000001
70000002
F0000000
80033A00
A0000002
1003C1E0
20000000
60000001
70000002
F0000000
80033C00
A0000002
1003C540
20000000
60000001
70000002
F0000000
80033E00
A0000002
1003C8A0
20000000
60000001
70000002
F0000000
80034000
A0000002
1003CC00
20000000
60000001
70000002
F0000000
80034200
A0000002
1003CF60
20000000
60000001
70000002
F0000000
80034400
A0000002
1003D2C0
20000000
60000001
70000002
F0000000
80034600
A0000002
1003D620
20000000
60000001
70000002
F0000000
80034800
A0000002
1003D980
20000000
60000001
70000002
F0000000
80034A00
A0000002
1003DCE0
20000000
60000001
70000002
F0000000
80034C00
A0000002
1003E040
20000000
60000001
70000002
F0000000
80034E00
A0000002
1003E3A0
20000000
60000001
70000002
F0000000
80035000
A0000002
1003E700
20000000
60000001
70000002
F0000000
80035200
A0000002
1003EA60
20000000
60000001
70000002
F0000000
80035400
A0000002
1003EDC0
20000000
60000001
70000002
F0000000
80035600
A0000002
1003F120
20000000
60000001
70000002
F0000000
80035800
A0000002
1003F480
20000000
60000001
70000002
F0000000
80035A00
A0000002
1003F7E0
20000000
60000001
70000002
F0000000
80035C00
A0000002
1003FB40
20000000
60000001
70000002
F0000000
80035E00
A0000002
1003FEA0
20000000
60000001
70000002
F0000000
80036000
A0000002
10040200
20000000
60000001
70000002
F0000000
80036200
A0000002
10040560
20000000
60000001
70000002
F0000000
80036400
A0000002
100408C0
20000000
60000001
70000002
F0000000
80036600
A0000002
10040C20
20000000
60000001
70000002
F0000000
80036800
A0000002
10040F80
20000000
60000001
70000002
F0000000
80036A00
A0000002
100412E0
20000000
60000001
70000002
F0000000
80036C00
A0000002
10041640
20000000
60000001
70000002
F0000000
80036E00
A0000002
100419A0
20000000
60000001
70000002
F0000000
80037000
A0000002
10041D00
20000000
60000001
70000002
F0000000
80037200
A0000002
10042060
20000000
60000001
70000002
F0000000
80037400
A0000002
100423C0
20000000
60000001
70000002
F0000000
80037600
A0000002
10042720
20000000
60000001
70000002
F0000000
80037800
A0000002
10042A80
20000000
60000001
70000002
F0000000
80037A00
A0000002
10042DE0
20000000
60000001
70000002
F0000000
80037C00
A0000002
10043140
20000000
60000001
70000002
F0000000
80037E00
A0000002
100434A0
20000000
60000001
70000002
F0000000
80038000
A0000002
10043800
20000000
60000001
70000002
F0000000
80038200
A0000002
10043B60
20000000
60000001
70000002
F0000000
80038400
A0000002
10043EC0
20000000
60000001
70000002
F0000000
80038600
A0000002
10044220
20000000
60000001
70000002
F0000000
80038800
A0000002
10044580
20000000
60000001
70000002
F0000000
80038A00
A0000002
100448E0
20000000
60000001
70000002
F0000000
80038C00
A0000002
10044C40
20000000
60000001
70000002
F0000000
80038E00
A0000002
10044FA0
20000000
60000001
70000002
F0000000
80039000
A0000002
10045300
20000000
60000001
70000002
F0000000
80039200
A0000002
10045660
20000000
60000001
70000002
F0000000
80039400
A0000002
100459C0
20000000
60000001
70000002
F0000000
80039600
A0000002
10045D20
20000000
60000001
70000002
F0000000
80039800
A0000002
10046080
20000000
60000001
70000002
F0000000
80039A00
A0000002
100463E0
20000000
60000001
70000002
F0000000
80039C00
A0000002
10046740
20000000
60000001
70000002
F0000000
80039E00
A0000002
10046AA0
20000000
60000001
70000002
F0000000
8003A000
A0000002
10046E00
20000000
60000001
70000002
F0000000
8003A200
A0000002
10047160
20000000
60000001
70000002
F0000000
8003A400
A0000002
100474C0
20000000
60000001
70000002
F0000000
8003A600
A0000002
10047820
20000000
60000001
70000002
F0000000
8003A800
A0000002
10047B80
20000000
60000001
70000002
F0000000
8003AA00
A0000002
10047EE0
20000000
60000001
70000002
F0000000
8003AC00
A0000002
10048240
20000000
60000001
70000002
F0000000
8003AE00
A0000002
100485A0
20000000
60000001
70000002
F0000000
8003B000
A0000002
10048900
20000000
60000001
70000002
F0000000
8003B200
A0000002
10048C60
20000000
60000001
70000002
F0000000
8003B400
A0000002
10048FC0
20000000
60000001
70000002
F0000000
8003B600
A0000002
10049320
20000000
60000001
70000002
F0000000
8003B800
A0000002
10049680
20000000
60000001
70000002
F0000000
8003BA00
A0000002
100499E0
20000000
60000001
70000002
F0000000
8003BC00
A0000002
10049D40
20000000
60000001
70000002
F0000000
8003BE00
A0000002
1004A0A0
20000000
60000001
70000002
F0000000
8003C000
A0000002
1004A400
20000000
60000001
70000002
F0000000
8003C200
A0000002
1004A760
20000000
60000001
70000002
F0000000
8003C400
A0000002
1004AAC0
20000000
60000001
70000002
F0000000
8003C600
A0000002
1004AE20
20000000
60000001
70000002
F0000000
8003C800
A0000002
1004B180
20000000
60000001
70000002
F0000000
8003CA00
A0000002
1004B4E0
20000000
60000001
70000002
F0000000
8003CC00
A0000002
1004B840
20000000
60000001
70000002
F0000000
8003CE00
A0000002
1004BBA0
20000000
60000001
70000002
F0000000
8003D000
A0000002
1004BF00
20000000
60000001
70000002
F0000000
8003D200
A0000002
1004C260
20000000
60000001
70000002
F0000000
8003D400
A0000002
1004C5C0
20000000
60000001
70000002
F0000000
8003D600
A0000002
1004C920
20000000
60000001
70000002
F0000000
8003D800
A0000002
1004CC80
20000000
60000001
70000002
F0000000
8003DA00
A0000002
1004CFE0
20000000
60000001
70000002
F0000000
8003DC00
A0000002
1004D340
20000000
60000001
70000002
F0000000
8003DE00
A0000002
1004D6A0
20000000
60000001
70000002
F0000000
8003E000
A0000002
1004DA00
20000000
60000001
70000002
F0000000
8003E200
A0000002
1004DD60
20000000
60000001
70000002
F0000000
8003E400
A0000002
1004E0C0
20000000
60000001
70000002
F0000000
8003E600
A0000002
1004E420
20000000
60000001
70000002
F0000000
8003E800
A0000002
1004E780
20000000
60000001
70000002
F0000000
8003EA00
A0000002
1004EAE0
20000000
60000001
70000002
F0000000
8003EC00
A0000002
1004EE40
20000000
60000001
70000002
F0000000
8003EE00
A0000002
1004F1A0
20000000
60000001
70000002
F0000000
8003F000
A0000002
1004F500
20000000
60000001
70000002
F0000000
8003F200
A0000002
1004F860
20000000
60000001
70000002
F0000000
8003F400
A0000002
1004FBC0
20000000
60000001
70000002
F0000000
8003F600
A0000002
1004FF20
20000000
60000001
70000002
F0000000
8003F800
A0000002
10050280
20000000
60000001
70000002
F0000000
8003FA00
A0000002
100505E0
20000000
60000001
70000002
F0000000
8003FC00
A0000002
10050940
20000000
60000001
70000002
F0000000
8003FE00
A0000002
10050CA0
20000000
60000001
70000002
F0000000
80040000
A0000002
10051000
20000000
60000001
70000002
F0000000
80040200
A0000002
10051360
20000000
60000001
70000002
F0000000
80040400
A0000002
100516C0
20000000
60000001
70000002
F0000000
80040600
A0000002
10051A20
20000000
60000001
70000002
F0000000
80040800
A0000002
10051D80
20000000
60000001
70000002
F0000000
80040A00
A0000002
100520E0
20000000
60000001
70000002
F0000000
80040C00
A0000002
10052440
20000000
60000001
70000002
F0000000
80040E00
A0000002
100527A0
20000000
60000001
70000002
F0000000
80041000
A0000002
10052B00
20000000
60000001
70000002
F0000000
80041200
A0000002
10052E60
20000000
60000001
70000002
F0000000
80041400
A0000002
100531C0
20000000
60000001
70000002
F0000000
80041600
A0000002
10053520
20000000
60000001
70000002
F0000000
80041800
A0000002
10053880
20000000
60000001
70000002
F0000000
80041A00
A0000002
10053BE0
20000000
60000001
70000002
F0000000
80041C00
A0000002
10053F40
20000000
60000001
70000002
F0000000
80041E00
A0000002
100542A0
20000000
60000001
70000002
F0000000
80042000
A0000002
10054600
20000000
60000001
70000002
F0000000
80042200
A0000002
10054960
20000000
60000001
70000002
F0000000
80042400
A0000002
10054CC0
20000000
60000001
70000002
F0000000
80042600
A0000002
10055020
20000000
60000001
70000002
F0000000
80042800
A0000002
10055380
20000000
60000001
70000002
F0000000
80042A00
A0000002
100556E0
20000000
60000001
70000002
F0000000
80042C00
A0000002
10055A40
20000000
60000001
70000002
F0000000
80042E00
A0000002
10055DA0
20000000
60000001
70000002
F0000000
80043000
A0000002
10056100
20000000
60000001
70000002
F0000000
80043200
A0000002
10056460
20000000
60000001
70000002
F0000000
80043400
A0000002
100567C0
20000000
60000001
70000002
F0000000
80043600
A0000002
10056B20
20000000
60000001
70000002
F0000000
80043800
A0000002
10056E80
20000000
60000001
70000002
F0000000
80043A00
A0000002
100571E0
20000000
60000001
70000002
F0000000
80043C00
A0000002
10057540
20000000
60000001
70000002
F0000000
80043E00
A0000002
100578A0
20000000
60000001
70000002
F0000000
80044000
A0000002
10057C00
20000000
60000001
70000002
F0000000
80044200
A0000002
10057F60
20000000
60000001
70000002
F0000000
80044400
A0000002
100582C0
20000000
60000001
70000002
F0000000
80044600
A0000002
10058620
20000000
60000001
70000002
F0000000
80044800
A0000002
10058980
20000000
60000001
70000002
F0000000
80044A00
A0000002
10058CE0
20000000
60000001
70000002
F0000000
80044C00
A0000002
10059040
20000000
60000001
70000002
F0000000
80044E00
A0000002
100593A0
20000000
60000001
70000002
F0000000
80045000
A0000002
10059700
20000000
60000001
70000002
F0000000
80045200
A0000002
10059A60
20000000
60000001
70000002
F0000000
80045400
A0000002
10059DC0
20000000
60000001
70000002
F0000000
80045600
A0000002
1005A120
20000000
60000001
70000002
F0000000
80045800
A0000002
1005A480
20000000
60000001
70000002
F0000000
80045A00
A0000002
1005A7E0
20000000
60000001
70000002
F0000000
80045C00
A0000002
1005AB40
20000000
60000001
70000002
F0000000
80045E00
A0000002
1005AEA0
20000000
60000001
70000002
F0000000
80046000
A0000002
1005B200
20000000
60000001
70000002
F0000000
80046200
A0000002
1005B560
20000000
60000001
70000002
F0000000
80046400
A0000002
1005B8C0
20000000
60000001
70000002
F0000000
80046600
A0000002
1005BC20
20000000
60000001
70000002
F0000000
80046800
A0000002
1005BF80
20000000
60000001
70000002
F0000000
80046A00
A0000002
1005C2E0
20000000
60000001
70000002
F0000000
80046C00
A0000002
1005C640
20000000
60000001
70000002
F0000000
80046E00
A0000002
1005C9A0
20000000
60000001
70000002
F0000000
80047000
A0000002
1005CD00
20000000
60000001
70000002
F0000000
80047200
A0000002
1005D060
20000000
60000001
70000002
F0000000
80047400
A0000002
1005D3C0
20000000
60000001
70000002
F0000000
80047600
A0000002
1005D720
20000000
60000001
70000002
F0000000
80047800
A0000002
1005DA80
20000000
60000001
70000002
F0000000
80047A00
A0000002
1005DDE0
20000000
60000001
70000002
F0000000
80047C00
A0000002
1005E140
20000000
60000001
70000002
F0000000
80047E00
A0000002
1005E4A0
20000000
60000001
70000002
F0000000
80048000
A0000002
1005E800
20000000
60000001
70000002
F0000000
80048200
A0000002
1005EB60
20000000
60000001
70000002
F0000000
E0000000
30000020
B027EB95
80000000
A0000002
10010000
2000006C
60000001
70000001
F0000000
10010020
2000046C
60000000
70000003
F0000000
10010040
2000086C
60000000
70000003
F0000000
10010060
20000C6C
60000000
70000003
F0000000
10010080
2000106C
60000000
70000002
F0000000
80000400
A0000002
10011200
2000006C
60000001
70000001
F0000000
10011220
2000046C
60000000
70000003
F0000000
10011240
2000086C
60000000
70000003
F0000000
10011260
20000C6C
60000000
70000003
F0000000
10011280
2000106C
60000000
70000002
F0000000
80000800
A0000002
10012400
2000006C
60000001
70000001
F0000000
10012420
2000046C
60000000
70000003
F0000000
10012440
2000086C
60000000
70000003
F0000000
10012460
20000C6C
60000000
70000003
F0000000
10012480
2000106C
60000000
70000002
F0000000
80000C00
A0000002
10013600
2000006C
60000001
70000001
F0000000
10013620
2000046C
60000000
70000003
F0000000
10013640
2000086C
60000000
70000003
F0000000
10013660
20000C6C
60000000
70000003
F0000000
10013680
2000106C
60000000
70000002
F0000000
80001000
A0000002
10014800
2000006C
60000001
70000001
F0000000
10014820
2000046C
60000000
70000003
F0000000
10014840
2000086C
60000000
70000003
F0000000
10014860
20000C6C
60000000
70000003
F0000000
10014880
2000106C
60000000
70000002
F0000000
80001400
A0000002
10015A00
2000006C
60000001
70000001
F0000000
10015A20
2000046C
60000000
70000003
F0000000
10015A40
2000086C
60000000
70000003
F0000000
10015A60
20000C6C
60000000
70000003
F0000000
10015A80
2000106C
60000000
70000002
F0000000
80001800
A0000002
10016C00
2000006C
60000001
70000001
F0000000
10016C20
2000046C
60000000
70000003
F0000000
10016C40
2000086C
60000000
70000003
F0000000
10016C60
20000C6C
60000000
70000003
F0000000
10016C80
2000106C
60000000
70000002
F0000000
80001C00
A0000002
10017E00
2000006C
60000001
70000001
F0000000
10017E20
2000046C
60000000
70000003
F0000000
10017E40
2000086C
60000000
70000003
F0000000
10017E60
20000C6C
60000000
70000003
F0000000
10017E80
2000106C
60000000
70000002
F0000000
80002000
A0000002
10019000
2000006C
60000001
70000001
F0000000
10019020
2000046C
60000000
70000003
F0000000
10019040
2000086C
60000000
70000003
F0000000
10019060
20000C6C
60000000
70000003
F0000000
10019080
2000106C
60000000
70000002
F0000000
80002400
A0000002
1001A200
2000006C
60000001
70000001
F0000000
1001A220
2000046C
60000000
70000003
F0000000
1001A240
2000086C
60000000
70000003
F0000000
1001A260
20000C6C
60000000
70000003
F0000000
1001A280
2000106C
60000000
70000002
F0000000
80002800
A0000002
1001B400
2000006C
60000001
70000001
F0000000
1001B420
2000046C
60000000
70000003
F0000000
1001B440
2000086C
60000000
70000003
F0000000
1001B460
20000C6C
60000000
70000003
F0000000
1001B480
2000106C
60000000
70000002
F0000000
80002C00
A0000002
1001C600
2000006C
60000001
70000001
F0000000
1001C620
2000046C
60000000
70000003
F0000000
1001C640
2000086C
60000000
70000003
F0000000
1001C660
20000C6C
60000000
70000003
F0000000
1001C680
2000106C
60000000
70000002
F0000000
80003000
A0000002
1001D800
2000006C
60000001
70000001
F0000000
1001D820
2000046C
60000000
70000003
F0000000
1001D840
2000086C
60000000
70000003
F0000000
1001D860
20000C6C
60000000
70000003
F0000000
1001D880
2000106C
60000000
70000002
F0000000
80003400
A0000002
1001EA00
2000006C
60000001
70000001
F0000000
1001EA20
2000046C
60000000
70000003
F0000000
1001EA40
2000086C
60000000
70000003
F0000000
1001EA60
20000C6C
60000000
70000003
F0000000
1001EA80
2000106C
60000000
70000002
F0000000
80003800
A0000002
1001FC00
2000006C
60000001
70000001
F0000000
1001FC20
2000046C
60000000
70000003
F0000000
1001FC40
2000086C
60000000
70000003
F0000000
1001FC60
20000C6C
60000000
70000003
F0000000
1001FC80
2000106C
60000000
70000002
F0000000
80003C00
A0000002
10020E00
2000006C
60000001
70000001
F0000000
10020E20
2000046C
60000000
70000003
F0000000
10020E40
2000086C
60000000
70000003
F0000000
10020E60
20000C6C
60000000
70000003
F0000000
10020E80
2000106C
60000000
70000002
F0000000
80004000
A0000002
10022000
2000006C
60000001
70000001
F0000000
10022020
2000046C
60000000
70000003
F0000000
10022040
2000086C
60000000
70000003
F0000000
10022060
20000C6C
60000000
70000003
F0000000
10022080
2000106C
60000000
70000002
F0000000
80004400
A0000002
10023200
2000006C
60000001
70000001
F0000000
10023220
2000046C
60000000
70000003
F0000000
10023240
2000086C
60000000
70000003
F0000000
10023260
20000C6C
60000000
70000003
F0000000
10023280
2000106C
60000000
70000002
F0000000
80004800
A0000002
10024400
2000006C
60000001
70000001
F0000000
10024420
2000046C
60000000
70000003
F0000000
10024440
2000086C
60000000
70000003
F0000000
10024460
20000C6C
60000000
70000003
F0000000
10024480
2000106C
60000000
70000002
F0000000
80004C00
A0000002
10025600
2000006C
60000001
70000001
F0000000
10025620
2000046C
60000000
70000003
F0000000
10025640
2000086C
60000000
70000003
F0000000
10025660
20000C6C
60000000
70000003
F0000000
10025680
2000106C
60000000
70000002
F0000000
80005000
A0000002
10026800
2000006C
60000001
70000001
F0000000
10026820
2000046C
60000000
70000003
F0000000
10026840
2000086C
60000000
70000003
F0000000
10026860
20000C6C
60000000
70000003
F0000000
10026880
2000106C
60000000
70000002
F0000000
80005400
A0000002
10027A00
2000006C
60000001
70000001
F0000000
10027A20
2000046C
60000000
70000003
F0000000
10027A40
2000086C
60000000
70000003
F0000000
10027A60
20000C6C
60000000
70000003
F0000000
10027A80
2000106C
60000000
70000002
F0000000
80005800
A0000002
10028C00
2000006C
60000001
70000001
F0000000
10028C20
2000046C
60000000
70000003
F0000000
10028C40
2000086C
60000000
70000003
F0000000
10028C60
20000C6C
60000000
70000003
F0000000
10028C80
2000106C
60000000
70000002
F0000000
80005C00
A0000002
10029E00
2000006C
60000001
70000001
F0000000
10029E20
2000046C
60000000
70000003
F0000000
10029E40
2000086C
60000000
70000003
F0000000
10029E60
20000C6C
60000000
70000003
F0000000
10029E80
2000106C
60000000
70000002
F0000000
80006000
A0000002
1002B000
2000006C
60000001
70000001
F0000000
1002B020
2000046C
60000000
70000003
F0000000
1002B040
2000086C
60000000
70000003
F0000000
1002B060
20000C6C
60000000
70000003
F0000000
1002B080
2000106C
60000000
70000002
F0000000
80006400
A0000002
1002C200
2000006C
60000001
70000001
F0000000
1002C220
2000046C
60000000
70000003
F0000000
1002C240
2000086C
60000000
70000003
F0000000
1002C260
20000C6C
60000000
70000003
F0000000
1002C280
2000106C
60000000
70000002
F0000000
80006800
A0000002
1002D400
2000006C
60000001
70000001
F0000000
1002D420
2000046C
60000000
70000003
F0000000
1002D440
2000086C
60000000
70000003
F0000000
1002D460
20000C6C
60000000
70000003
F0000000
1002D480
2000106C
60000000
70000002
F0000000
80006C00
A0000002
1002E600
2000006C
60000001
70000001
F0000000
1002E620
2000046C
60000000
70000003
F0000000
1002E640
2000086C
60000000
70000003
F0000000
1002E660
20000C6C
60000000
70000003
F0000000
1002E680
2000106C
60000000
70000002
F0000000
80007000
A0000002
1002F800
2000006C
60000001
70000001
F0000000
1002F820
2000046C
60000000
70000003
F0000000
1002F840
2000086C
60000000
70000003
F0000000
1002F860
20000C6C
60000000
70000003
F0000000
1002F880
2000106C
60000000
70000002
F0000000
80007400
A0000002
10030A00
2000006C
60000001
70000001
F0000000
10030A20
2000046C
60000000
70000003
F0000000
10030A40
2000086C
60000000
70000003
F0000000
10030A60
20000C6C
60000000
70000003
F0000000
10030A80
2000106C
60000000
70000002
F0000000
80007800
A0000002
10031C00
2000006C
60000001
70000001
F0000000
10031C20
2000046C
60000000
70000003
F0000000
10031C40
2000086C
60000000
70000003
F0000000
10031C60
20000C6C
60000000
70000003
F0000000
10031C80
2000106C
60000000
70000002
F0000000
80007C00
A0000002
10032E00
2000006C
60000001
70000001
F0000000
10032E20
2000046C
60000000
70000003
F0000000
10032E40
2000086C
60000000
70000003
F0000000
10032E60
20000C6C
60000000
70000003
F0000000
10032E80
2000106C
60000000
70000002
F0000000
80008000
A0000002
10034000
2000006C
60000001
70000001
F0000000
10034020
2000046C
60000000
70000003
F0000000
10034040
2000086C
60000000
70000003
F0000000
10034060
20000C6C
60000000
70000003
F0000000
10034080
2000106C
60000000
70000002
F0000000
80008400
A0000002
10035200
2000006C
60000001
70000001
F0000000
10035220
2000046C
60000000
70000003
F0000000
10035240
2000086C
60000000
70000003
F0000000
10035260
20000C6C
60000000
70000003
F0000000
10035280
2000106C
60000000
70000002
F0000000
80008800
A0000002
10036400
2000006C
60000001
70000001
F0000000
10036420
2000046C
60000000
70000003
F0000000
10036440
2000086C
60000000
70000003
F0000000
10036460
20000C6C
60000000
70000003
F0000000
10036480
2000106C
60000000
70000002
F0000000
80008C00
A0000002
10037600
2000006C
60000001
70000001
F0000000
10037620
2000046C
60000000
70000003
F0000000
10037640
2000086C
60000000
70000003
F0000000
10037660
20000C6C
60000000
70000003
F0000000
10037680
2000106C
60000000
70000002
F0000000
80009000
A0000002
10038800
2000006C
60000001
70000001
F0000000
10038820
2000046C
60000000
70000003
F0000000
10038840
2000086C
60000000
70000003
F0000000
10038860
20000C6C
60000000
70000003
F0000000
10038880
2000106C
60000000
70000002
F0000000
80009400
A0000002
10039A00
2000006C
60000001
70000001
F0000000
10039A20
2000046C
60000000
70000003
F0000000
10039A40
2000086C
60000000
70000003
F0000000
10039A60
20000C6C
60000000
70000003
F0000000
10039A80
2000106C
60000000
70000002
F0000000
80009800
A0000002
1003AC00
2000006C
60000001
70000001
F0000000
1003AC20
2000046C
60000000
70000003
F0000000
1003AC40
2000086C
60000000
70000003
F0000000
1003AC60
20000C6C
60000000
70000003
F0000000
1003AC80
2000106C
60000000
70000002
F0000000
80009C00
A0000002
1003BE00
2000006C
60000001
70000001
F0000000
1003BE20
2000046C
60000000
70000003
F0000000
1003BE40
2000086C
60000000
70000003
F0000000
1003BE60
20000C6C
60000000
70000003
F0000000
1003BE80
2000106C
60000000
70000002
F0000000
8000A000
A0000002
1003D000
2000006C
60000001
70000001
F0000000
1003D020
2000046C
60000000
70000003
F0000000
1003D040
2000086C
60000000
70000003
F0000000
1003D060
20000C6C
60000000
70000003
F0000000
1003D080
2000106C
60000000
70000002
F0000000
8000A400
A0000002
1003E200
2000006C
60000001
70000001
F0000000
1003E220
2000046C
60000000
70000003
F0000000
1003E240
2000086C
60000000
70000003
F0000000
1003E260
20000C6C
60000000
70000003
F0000000
1003E280
2000106C
60000000
70000002
F0000000
8000A800
A0000002
1003F400
2000006C
60000001
70000001
F0000000
1003F420
2000046C
60000000
70000003
F0000000
1003F440
2000086C
60000000
70000003
F0000000
1003F460
20000C6C
60000000
70000003
F0000000
1003F480
2000106C
60000000
70000002
F0000000
8000AC00
A0000002
10040600
2000006C
60000001
70000001
F0000000
10040620
2000046C
60000000
70000003
F0000000
10040640
2000086C
60000000
70000003
F0000000
10040660
20000C6C
60000000
70000003
F0000000
10040680
2000106C
60000000
70000002
F0000000
8000B000
A0000002
10041800
2000006C
60000001
70000001
F0000000
10041820
2000046C
60000000
70000003
F0000000
10041840
2000086C
60000000
70000003
F0000000
10041860
20000C6C
60000000
70000003
F0000000
10041880
2000106C
60000000
70000002
F0000000
8000B400
A0000002
10042A00
2000006C
60000001
70000001
F0000000
10042A20
2000046C
60000000
70000003
F0000000
10042A40
2000086C
60000000
70000003
F0000000
10042A60
20000C6C
60000000
70000003
F0000000
10042A80
2000106C
60000000
70000002
F0000000
8000B800
A0000002
10043C00
2000006C
60000001
70000001
F0000000
10043C20
2000046C
60000000
70000003
F0000000
10043C40
2000086C
60000000
70000003
F0000000
10043C60
20000C6C
60000000
70000003
F0000000
10043C80
2000106C
60000000
70000002
F0000000
8000BC00
A0000002
10044E00
2000006C
60000001
70000001
F0000000
10044E20
2000046C
60000000
70000003
F0000000
10044E40
2000086C
60000000
70000003
F0000000
10044E60
20000C6C
60000000
70000003
F0000000
10044E80
2000106C
60000000
70000002
F0000000
8000C000
A0000002
10046000
2000006C
60000001
70000001
F0000000
10046020
2000046C
60000000
70000003
F0000000
10046040
2000086C
60000000
70000003
F0000000
10046060
20000C6C
60000000
70000003
F0000000
10046080
2000106C
60000000
70000002
F0000000
8000C400
A0000002
10047200
2000006C
60000001
70000001
F0000000
10047220
2000046C
60000000
70000003
F0000000
10047240
2000086C
60000000
70000003
F0000000
10047260
20000C6C
60000000
70000003
F0000000
10047280
2000106C
60000000
70000002
F0000000
8000C800
A0000002
10048400
2000006C
60000001
70000001
F0000000
10048420
2000046C
60000000
70000003
F0000000
10048440
2000086C
60000000
70000003
F0000000
10048460
20000C6C
60000000
70000003
F0000000
10048480
2000106C
60000000
70000002
F0000000
8000CC00
A0000002
10049600
2000006C
60000001
70000001
F0000000
10049620
2000046C
60000000
70000003
F0000000
10049640
2000086C
60000000
70000003
F0000000
10049660
20000C6C
60000000
70000003
F0000000
10049680
2000106C
60000000
70000002
F0000000
8000D000
A0000002
1004A800
2000006C
60000001
70000001
F0000000
1004A820
2000046C
60000000
70000003
F0000000
1004A840
2000086C
60000000
70000003
F0000000
1004A860
20000C6C
60000000
70000003
F0000000
1004A880
2000106C
60000000
70000002
F0000000
8000D400
A0000002
1004BA00
2000006C
60000001
70000001
F0000000
1004BA20
2000046C
60000000
70000003
F0000000
1004BA40
2000086C
60000000
70000003
F0000000
1004BA60
20000C6C
60000000
70000003
F0000000
1004BA80
2000106C
60000000
70000002
F0000000
8000D800
A0000002
1004CC00
2000006C
60000001
70000001
F0000000
1004CC20
2000046C
60000000
70000003
F0000000
1004CC40
2000086C
60000000
70000003
F0000000
1004CC60
20000C6C
60000000
70000003
F0000000
1004CC80
2000106C
60000000
70000002
F0000000
8000DC00
A0000002
1004DE00
2000006C
60000001
70000001
F0000000
1004DE20
2000046C
60000000
70000003
F0000000
1004DE40
2000086C
60000000
70000003
F0000000
1004DE60
20000C6C
60000000
70000003
F0000000
1004DE80
2000106C
60000000
70000002
F0000000
8000E000
A0000002
1004F000
2000006C
60000001
70000001
F0000000
1004F020
2000046C
60000000
70000003
F0000000
1004F040
2000086C
60000000
70000003
F0000000
1004F060
20000C6C
60000000
70000003
F0000000
1004F080
2000106C
60000000
70000002
F0000000
8000E400
A0000002
10050200
2000006C
60000001
70000001
F0000000
10050220
2000046C
60000000
70000003
F0000000
10050240
2000086C
60000000
70000003
F0000000
10050260
20000C6C
60000000
70000003
F0000000
10050280
2000106C
60000000
70000002
F0000000
8000E800
A0000002
10051400
2000006C
60000001
70000001
F0000000
10051420
2000046C
60000000
70000003
F0000000
10051440
2000086C
60000000
70000003
F0000000
10051460
20000C6C
60000000
70000003
F0000000
10051480
2000106C
60000000
70000002
F0000000
8000EC00
A0000002
10052600
2000006C
60000001
70000001
F0000000
10052620
2000046C
60000000
70000003
F0000000
10052640
2000086C
60000000
70000003
F0000000
10052660
20000C6C
60000000
70000003
F0000000
10052680
2000106C
60000000
70000002
F0000000
8000F000
A0000002
10053800
2000006C
60000001
70000001
F0000000
10053820
2000046C
60000000
70000003
F0000000
10053840
2000086C
60000000
70000003
F0000000
10053860
20000C6C
60000000
70000003
F0000000
10053880
2000106C
60000000
70000002
F0000000
8000F400
A0000002
10054A00
2000006C
60000001
70000001
F0000000
10054A20
2000046C
60000000
70000003
F0000000
10054A40
2000086C
60000000
70000003
F0000000
10054A60
20000C6C
60000000
70000003
F0000000
10054A80
2000106C
60000000
70000002
F0000000
8000F800
A0000002
10055C00
2000006C
60000001
70000001
F0000000
10055C20
2000046C
60000000
70000003
F0000000
10055C40
2000086C
60000000
70000003
F0000000
10055C60
20000C6C
60000000
70000003
F0000000
10055C80
2000106C
60000000
70000002
F0000000
8000FC00
A0000002
10056E00
2000006C
60000001
70000001
F0000000
10056E20
2000046C
60000000
70000003
F0000000
10056E40
2000086C
60000000
70000003
F0000000
10056E60
20000C6C
60000000
70000003
F0000000
10056E80
2000106C
60000000
70000002
F0000000
80010000
A0000002
10058000
2000006C
60000001
70000001
F0000000
10058020
2000046C
60000000
70000003
F0000000
10058040
2000086C
60000000
70000003
F0000000
10058060
20000C6C
60000000
70000003
F0000000
10058080
2000106C
60000000
70000002
F0000000
80010400
A0000002
10059200
2000006C
60000001
70000001
F0000000
10059220
2000046C
60000000
70000003
F0000000
10059240
2000086C
60000000
70000003
F0000000
10059260
20000C6C
60000000
70000003
F0000000
10059280
2000106C
60000000
70000002
F0000000
80010800
A0000002
1005A400
2000006C
60000001
70000001
F0000000
1005A420
2000046C
60000000
70000003
F0000000
1005A440
2000086C
60000000
70000003
F0000000
1005A460
20000C6C
60000000
70000003
F0000000
1005A480
2000106C
60000000
70000002
F0000000
80010C00
A0000002
1005B600
2000006C
60000001
70000001
F0000000
1005B620
2000046C
60000000
70000003
F0000000
1005B640
2000086C
60000000
70000003
F0000000
1005B660
20000C6C
60000000
70000003
F0000000
1005B680
2000106C
60000000
70000002
F0000000
80011000
A0000002
1005C800
2000006C
60000001
70000001
F0000000
1005C820
2000046C
60000000
70000003
F0000000
1005C840
2000086C
60000000
70000003
F0000000
1005C860
20000C6C
60000000
70000003
F0000000
1005C880
2000106C
60000000
70000002
F0000000
80011400
A0000002
1005DA00
2000006C
60000001
70000001
F0000000
1005DA20
2000046C
60000000
70000003
F0000000
1005DA40
2000086C
60000000
70000003
F0000000
1005DA60
20000C6C
60000000
70000003
F0000000
1005DA80
2000106C
60000000
70000002
F0000000
80011800
A0000002
1005EC00
2000006C
60000001
70000001
F0000000
1005EC20
2000046C
60000000
70000003
F0000000
1005EC40
2000086C
60000000
70000003
F0000000
1005EC60
20000C6C
60000000
70000003
F0000000
1005EC80
2000106C
60000000
70000002
F0000000
80011C00
A0000002
1005FE00
2000006C
60000001
70000001
F0000000
1005FE20
2000046C
60000000
70000003
F0000000
1005FE40
2000086C
60000000
70000003
F0000000
1005FE60
20000C6C
60000000
70000003
F0000000
1005FE80
2000106C
60000000
70000002
F0000000
80012000
A0000002
10061000
2000006C
60000001
70000001
F0000000
10061020
2000046C
60000000
70000003
F0000000
10061040
2000086C
60000000
70000003
F0000000
10061060
20000C6C
60000000
70000003
F0000000
10061080
2000106C
60000000
70000002
F0000000
80012400
A0000002
10062200
2000006C
60000001
70000001
F0000000
10062220
2000046C
60000000
70000003
F0000000
10062240
2000086C
60000000
70000003
F0000000
10062260
20000C6C
60000000
70000003
F0000000
10062280
2000106C
60000000
70000002
F0000000
80012800
A0000002
10063400
2000006C
60000001
70000001
F0000000
10063420
2000046C
60000000
70000003
F0000000
10063440
2000086C
60000000
70000003
F0000000
10063460
20000C6C
60000000
70000003
F0000000
10063480
2000106C
60000000
70000002
F0000000
80012C00
A0000002
10064600
2000006C
60000001
70000001
F0000000
10064620
2000046C
60000000
70000003
F0000000
10064640
2000086C
60000000
70000003
F0000000
10064660
20000C6C
60000000
70000003
F0000000
10064680
2000106C
60000000
70000002
F0000000
80013000
A0000002
10065800
2000006C
60000001
70000001
F0000000
10065820
2000046C
60000000
70000003
F0000000
10065840
2000086C
60000000
70000003
F0000000
10065860
20000C6C
60000000
70000003
F0000000
10065880
2000106C
60000000
70000002
F0000000
80013400
A0000002
10066A00
2000006C
60000001
70000001
F0000000
10066A20
2000046C
60000000
70000003
F0000000
10066A40
2000086C
60000000
70000003
F0000000
10066A60
20000C6C
60000000
70000003
F0000000
10066A80
2000106C
60000000
70000002
F0000000
80013800
A0000002
10067C00
2000006C
60000001
70000001
F0000000
10067C20
2000046C
60000000
70000003
F0000000
10067C40
2000086C
60000000
70000003
F0000000
10067C60
20000C6C
60000000
70000003
F0000000
10067C80
2000106C
60000000
70000002
F0000000
80013C00
A0000002
10068E00
2000006C
60000001
70000001
F0000000
10068E20
2000046C
60000000
70000003
F0000000
10068E40
2000086C
60000000
70000003
F0000000
10068E60
20000C6C
60000000
70000003
F0000000
10068E80
2000106C
60000000
70000002
F0000000
80014000
A0000002
1006A000
2000006C
60000001
70000001
F0000000
1006A020
2000046C
60000000
70000003
F0000000
1006A040
2000086C
60000000
70000003
F0000000
1006A060
20000C6C
60000000
70000003
F0000000
1006A080
2000106C
60000000
70000002
F0000000
80014400
A0000002
1006B200
2000006C
60000001
70000001
F0000000
1006B220
2000046C
60000000
70000003
F0000000
1006B240
2000086C
60000000
70000003
F0000000
1006B260
20000C6C
60000000
70000003
F0000000
1006B280
2000106C
60000000
70000002
F0000000
80014800
A0000002
1006C400
2000006C
60000001
70000001
F0000000
1006C420
2000046C
60000000
70000003
F0000000
1006C440
2000086C
60000000
70000003
F0000000
1006C460
20000C6C
60000000
70000003
F0000000
1006C480
2000106C
60000000
70000002
F0000000
80014C00
A0000002
1006D600
2000006C
60000001
70000001
F0000000
1006D620
2000046C
60000000
70000003
F0000000
1006D640
2000086C
60000000
70000003
F0000000
1006D660
20000C6C
60000000
70000003
F0000000
1006D680
2000106C
60000000
70000002
F0000000
80015000
A0000002
1006E800
2000006C
60000001
70000001
F0000000
1006E820
2000046C
60000000
70000003
F0000000
1006E840
2000086C
60000000
70000003
F0000000
1006E860
20000C6C
60000000
70000003
F0000000
1006E880
2000106C
60000000
70000002
F0000000
80015400
A0000002
1006FA00
2000006C
60000001
70000001
F0000000
1006FA20
2000046C
60000000
70000003
F0000000
1006FA40
2000086C
60000000
70000003
F0000000
1006FA60
20000C6C
60000000
70000003
F0000000
1006FA80
2000106C
60000000
70000002
F0000000
80015800
A0000002
10070C00
2000006C
60000001
70000001
F0000000
10070C20
2000046C
60000000
70000003
F0000000
10070C40
2000086C
60000000
70000003
F0000000
10070C60
20000C6C
60000000
70000003
F0000000
10070C80
2000106C
60000000
70000002
F0000000
80015C00
A0000002
10071E00
2000006C
60000001
70000001
F0000000
10071E20
2000046C
60000000
70000003
F0000000
10071E40
2000086C
60000000
70000003
F0000000
10071E60
20000C6C
60000000
70000003
F0000000
10071E80
2000106C
60000000
70000002
F0000000
80016000
A0000002
10073000
2000006C
60000001
70000001
F0000000
10073020
2000046C
60000000
70000003
F0000000
10073040
2000086C
60000000
70000003
F0000000
10073060
20000C6C
60000000
70000003
F0000000
10073080
2000106C
60000000
70000002
F0000000
80016400
A0000002
10074200
2000006C
60000001
70000001
F0000000
10074220
2000046C
60000000
70000003
F0000000
10074240
2000086C
60000000
70000003
F0000000
10074260
20000C6C
60000000
70000003
F0000000
10074280
2000106C
60000000
70000002
F0000000
80016800
A0000002
10075400
2000006C
60000001
70000001
F0000000
10075420
2000046C
60000000
70000003
F0000000
10075440
2000086C
60000000
70000003
F0000000
10075460
20000C6C
60000000
70000003
F0000000
10075480
2000106C
60000000
70000002
F0000000
80016C00
A0000002
10076600
2000006C
60000001
70000001
F0000000
10076620
2000046C
60000000
70000003
F0000000
10076640
2000086C
60000000
70000003
F0000000
10076660
20000C6C
60000000
70000003
F0000000
10076680
2000106C
60000000
70000002
F0000000
80017000
A0000002
10077800
2000006C
60000001
70000001
F0000000
10077820
2000046C
60000000
70000003
F0000000
10077840
2000086C
60000000
70000003
F0000000
10077860
20000C6C
60000000
70000003
F0000000
10077880
2000106C
60000000
70000002
F0000000
80017400
A0000002
10078A00
2000006C
60000001
70000001
F0000000
10078A20
2000046C
60000000
70000003
F0000000
10078A40
2000086C
60000000
70000003
F0000000
10078A60
20000C6C
60000000
70000003
F0000000
10078A80
2000106C
60000000
70000002
F0000000
80017800
A0000002
10079C00
2000006C
60000001
70000001
F0000000
10079C20
2000046C
60000000
70000003
F0000000
10079C40
2000086C
60000000
70000003
F0000000
10079C60
20000C6C
60000000
70000003
F0000000
10079C80
2000106C
60000000
70000002
F0000000
80017C00
A0000002
1007AE00
2000006C
60000001
70000001
F0000000
1007AE20
2000046C
60000000
70000003
F0000000
1007AE40
2000086C
60000000
70000003
F0000000
1007AE60
20000C6C
60000000
70000003
F0000000
1007AE80
2000106C
60000000
70000002
F0000000
80018000
A0000002
1007C000
2000006C
60000001
70000001
F0000000
1007C020
2000046C
60000000
70000003
F0000000
1007C040
2000086C
60000000
70000003
F0000000
1007C060
20000C6C
60000000
70000003
F0000000
1007C080
2000106C
60000000
70000002
F0000000
80018400
A0000002
1007D200
2000006C
60000001
70000001
F0000000
1007D220
2000046C
60000000
70000003
F0000000
1007D240
2000086C
60000000
70000003
F0000000
1007D260
20000C6C
60000000
70000003
F0000000
1007D280
2000106C
60000000
70000002
F0000000
80018800
A0000002
1007E400
2000006C
60000001
70000001
F0000000
1007E420
2000046C
60000000
70000003
F0000000
1007E440
2000086C
60000000
70000003
F0000000
1007E460
20000C6C
60000000
70000003
F0000000
1007E480
2000106C
60000000
70000002
F0000000
80018C00
A0000002
1007F600
2000006C
60000001
70000001
F0000000
1007F620
2000046C
60000000
70000003
F0000000
1007F640
2000086C
60000000
70000003
F0000000
1007F660
20000C6C
60000000
70000003
F0000000
1007F680
2000106C
60000000
70000002
F0000000
80019000
A0000002
10080800
2000006C
60000001
70000001
F0000000
10080820
2000046C
60000000
70000003
F0000000
10080840
2000086C
60000000
70000003
F0000000
10080860
20000C6C
60000000
70000003
F0000000
10080880
2000106C
60000000
70000002
F0000000
80019400
A0000002
10081A00
2000006C
60000001
70000001
F0000000
10081A20
2000046C
60000000
70000003
F0000000
10081A40
2000086C
60000000
70000003
F0000000
10081A60
20000C6C
60000000
70000003
F0000000
10081A80
2000106C
60000000
70000002
F0000000
80019800
A0000002
10082C00
2000006C
60000001
70000001
F0000000
10082C20
2000046C
60000000
70000003
F0000000
10082C40
2000086C
60000000
70000003
F0000000
10082C60
20000C6C
60000000
70000003
F0000000
10082C80
2000106C
60000000
70000002
F0000000
80019C00
A0000002
10083E00
2000006C
60000001
70000001
F0000000
10083E20
2000046C
60000000
70000003
F0000000
10083E40
2000086C
60000000
70000003
F0000000
10083E60
20000C6C
60000000
70000003
F0000000
10083E80
2000106C
60000000
70000002
F0000000
8001A000
A0000002
10085000
2000006C
60000001
70000001
F0000000
10085020
2000046C
60000000
70000003
F0000000
10085040
2000086C
60000000
70000003
F0000000
10085060
20000C6C
60000000
70000003
F0000000
10085080
2000106C
60000000
70000002
F0000000
8001A400
A0000002
10086200
2000006C
60000001
70000001
F0000000
10086220
2000046C
60000000
70000003
F0000000
10086240
2000086C
60000000
70000003
F0000000
10086260
20000C6C
60000000
70000003
F0000000
10086280
2000106C
60000000
70000002
F0000000
8001A800
A0000002
10087400
2000006C
60000001
70000001
F0000000
10087420
2000046C
60000000
70000003
F0000000
10087440
2000086C
60000000
70000003
F0000000
10087460
20000C6C
60000000
70000003
F0000000
10087480
2000106C
60000000
70000002
F0000000
8001AC00
A0000002
10088600
2000006C
60000001
70000001
F0000000
10088620
2000046C
60000000
70000003
F0000000
10088640
2000086C
60000000
70000003
F0000000
10088660
20000C6C
60000000
70000003
F0000000
10088680
2000106C
60000000
70000002
F0000000
8001B000
A0000002
10089800
2000006C
60000001
70000001
F0000000
10089820
2000046C
60000000
70000003
F0000000
10089840
2000086C
60000000
70000003
F0000000
10089860
20000C6C
60000000
70000003
F0000000
10089880
2000106C
60000000
70000002
F0000000
8001B400
A0000002
1008AA00
2000006C
60000001
70000001
F0000000
1008AA20
2000046C
60000000
70000003
F0000000
1008AA40
2000086C
60000000
70000003
F0000000
1008AA60
20000C6C
60000000
70000003
F0000000
1008AA80
2000106C
60000000
70000002
F0000000
8001B800
A0000002
1008BC00
2000006C
60000001
70000001
F0000000
1008BC20
2000046C
60000000
70000003
F0000000
1008BC40
2000086C
60000000
70000003
F0000000
1008BC60
20000C6C
60000000
70000003
F0000000
1008BC80
2000106C
60000000
70000002
F0000000
8001BC00
A0000002
1008CE00
2000006C
60000001
70000001
F0000000
1008CE20
2000046C
60000000
70000003
F0000000
1008CE40
2000086C
60000000
70000003
F0000000
1008CE60
20000C6C
60000000
70000003
F0000000
1008CE80
2000106C
60000000
70000002
F0000000
8001C000
A0000002
1008E000
2000006C
60000001
70000001
F0000000
1008E020
2000046C
60000000
70000003
F0000000
1008E040
2000086C
60000000
70000003
F0000000
1008E060
20000C6C
60000000
70000003
F0000000
1008E080
2000106C
60000000
70000002
F0000000
E0000000
30000020
B07CBBD6
80010000
A0000002
10000000
200004EC
60000001
70000002
F0000000
80010400
A0000002
10000400
200004EC
60000001
70000002
F0000000
80010800
A0000002
10000800
200004EC
60000001
70000002
F0000000
80010C00
A0000002
10000C00
200004EC
60000001
70000002
F0000000
80011000
A0000002
10001000
200004EC
60000001
70000002
F0000000
80011400
A0000002
10001400
200004EC
60000001
70000002
F0000000
80011800
A0000002
10001800
200004EC
60000001
70000002
F0000000
80011C00
A0000002
10001C00
200004EC
60000001
70000002
F0000000
80012000
A0000002
10002000
200004EC
60000001
70000002
F0000000
80012400
A0000002
10002400
200004EC
60000001
70000002
F0000000
80012800
A0000002
10002800
200004EC
60000001
70000002
F0000000
80012C00
A0000002
10002C00
200004EC
60000001
70000002
F0000000
80013000
A0000002
10003000
200004EC
60000001
70000002
F0000000
80013400
A0000002
10003400
200004EC
60000001
70000002
F0000000
80013800
A0000002
10003800
200004EC
60000001
70000002
F0000000
80013C00
A0000002
10003C00
200004EC
60000001
70000002
F0000000
80014000
A0000002
10004000
200004EC
60000001
70000002
F0000000
80014400
A0000002
10004400
200004EC
60000001
70000002
F0000000
80014800
A0000002
10004800
200004EC
60000001
70000002
F0000000
80014C00
A0000002
10004C00
200004EC
60000001
70000002
F0000000
80015000
A0000002
10005000
200004EC
60000001
70000002
F0000000
80015400
A0000002
10005400
200004EC
60000001
70000002
F0000000
80015800
A0000002
10005800
200004EC
60000001
70000002
F0000000
80015C00
A0000002
10005C00
200004EC
60000001
70000002
F0000000
80016000
A0000002
10006000
200004EC
60000001
70000002
F0000000
80016400
A0000002
10006400
200004EC
60000001
70000002
F0000000
80016800
A0000002
10006800
200004EC
60000001
70000002
F0000000
80016C00
A0000002
10006C00
200004EC
60000001
70000002
F0000000
80017000
A0000002
10007000
200004EC
60000001
70000002
F0000000
80017400
A0000002
10007400
200004EC
60000001
70000002
F0000000
80017800
A0000002
10007800
200004EC
60000001
70000002
F0000000
80017C00
A0000002
10007C00
200004EC
60000001
70000002
F0000000
80018000
A0000002
10008000
200004EC
60000001
70000002
F0000000
80018400
A0000002
10008400
200004EC
60000001
70000002
F0000000
80018800
A0000002
10008800
200004EC
60000001
70000002
F0000000
80018C00
A0000002
10008C00
200004EC
60000001
70000002
F0000000
80019000
A0000002
10009000
200004EC
60000001
70000002
F0000000
80019400
A0000002
10009400
200004EC
60000001
70000002
F0000000
80019800
A0000002
10009800
200004EC
60000001
70000002
F0000000
80019C00
A0000002
10009C00
200004EC
60000001
70000002
F0000000
8001A000
A0000002
1000A000
200004EC
60000001
70000002
F0000000
8001A400
A0000002
1000A400
200004EC
60000001
70000002
F0000000
8001A800
A0000002
1000A800
200004EC
60000001
70000002
F0000000
8001AC00
A0000002
1000AC00
200004EC
60000001
70000002
F0000000
8001B000
A0000002
1000B000
200004EC
60000001
70000002
F0000000
8001B400
A0000002
1000B400
200004EC
60000001
70000002
F0000000
8001B800
A0000002
1000B800
200004EC
60000001
70000002
F0000000
8001BC00
A0000002
1000BC00
200004EC
60000001
70000002
F0000000
8001C000
A0000002
1000C000
200004EC
60000001
70000002
F0000000
8001C400
A0000002
1000C400
200004EC
60000001
70000002
F0000000
8001C800
A0000002
1000C800
200004EC
60000001
70000002
F0000000
8001CC00
A0000002
1000CC00
200004EC
60000001
70000002
F0000000
8001D000
A0000002
1000D000
200004EC
60000001
70000002
F0000000
8001D400
A0000002
1000D400
200004EC
60000001
70000002
F0000000
8001D800
A0000002
1000D800
200004EC
60000001
70000002
F0000000
8001DC00
A0000002
1000DC00
200004EC
60000001
70000002
F0000000
8001E000
A0000002
1000E000
200004EC
60000001
70000002
F0000000
8001E400
A0000002
1000E400
200004EC
60000001
70000002
F0000000
8001E800
A0000002
1000E800
200004EC
60000001
70000002
F0000000
8001EC00
A0000002
1000EC00
200004EC
60000001
70000002
F0000000
8001F000
A0000002
1000F000
200004EC
60000001
70000002
F0000000
8001F400
A0000002
1000F400
200004EC
60000001
70000002
F0000000
8001F800
A0000002
1000F800
200004EC
60000001
70000002
F0000000
8001FC00
A0000002
1000FC00
200004EC
60000001
70000002
F0000000
80020000
A0000002
10010000
200004EC
60000001
70000002
F0000000
80020400
A0000002
10010400
200004EC
60000001
70000002
F0000000
80020800
A0000002
10010800
200004EC
60000001
70000002
F0000000
80020C00
A0000002
10010C00
200004EC
60000001
70000002
F0000000
80021000
A0000002
10011000
200004EC
60000001
70000002
F0000000
80021400
A0000002
10011400
200004EC
60000001
70000002
F0000000
80021800
A0000002
10011800
200004EC
60000001
70000002
F0000000
80021C00
A0000002
10011C00
200004EC
60000001
70000002
F0000000
80022000
A0000002
10012000
200004EC
60000001
70000002
F0000000
80022400
A0000002
10012400
200004EC
60000001
70000002
F0000000
80022800
A0000002
10012800
200004EC
60000001
70000002
F0000000
80022C00
A0000002
10012C00
200004EC
60000001
70000002
F0000000
80023000
A0000002
10013000
200004EC
60000001
70000002
F0000000
80023400
A0000002
10013400
200004EC
60000001
70000002
F0000000
80023800
A0000002
10013800
200004EC
60000001
70000002
F0000000
80023C00
A0000002
10013C00
200004EC
60000001
70000002
F0000000
80024000
A0000002
10014000
200004EC
60000001
70000002
F0000000
80024400
A0000002
10014400
200004EC
60000001
70000002
F0000000
80024800
A0000002
10014800
200004EC
60000001
70000002
F0000000
80024C00
A0000002
10014C00
200004EC
60000001
70000002
F0000000
80025000
A0000002
10015000
200004EC
60000001
70000002
F0000000
80025400
A0000002
10015400
200004EC
60000001
70000002
F0000000
80025800
A0000002
10015800
200004EC
60000001
70000002
F0000000
80025C00
A0000002
10015C00
200004EC
60000001
70000002
F0000000
80026000
A0000002
10016000
200004EC
60000001
70000002
F0000000
80026400
A0000002
10016400
200004EC
60000001
70000002
F0000000
80026800
A0000002
10016800
200004EC
60000001
70000002
F0000000
80026C00
A0000002
10016C00
200004EC
60000001
70000002
F0000000
80027000
A0000002
10017000
200004EC
60000001
70000002
F0000000
80027400
A0000002
10017400
200004EC
60000001
70000002
F0000000
80027800
A0000002
10017800
200004EC
60000001
70000002
F0000000
80027C00
A0000002
10017C00
200004EC
60000001
70000002
F0000000
80028000
A0000002
10018000
200004EC
60000001
70000002
F0000000
80028400
A0000002
10018400
200004EC
60000001
70000002
F0000000
80028800
A0000002
10018800
200004EC
60000001
70000002
F0000000
80028C00
A0000002
10018C00
200004EC
60000001
70000002
F0000000
80029000
A0000002
10019000
200004EC
60000001
70000002
F0000000
80029400
A0000002
10019400
200004EC
60000001
70000002
F0000000
80029800
A0000002
10019800
200004EC
60000001
70000002
F0000000
80029C00
A0000002
10019C00
200004EC
60000001
70000002
F0000000
8002A000
A0000002
1001A000
200004EC
60000001
70000002
F0000000
8002A400
A0000002
1001A400
200004EC
60000001
70000002
F0000000
8002A800
A0000002
1001A800
200004EC
60000001
70000002
F0000000
8002AC00
A0000002
1001AC00
200004EC
60000001
70000002
F0000000
8002B000
A0000002
1001B000
200004EC
60000001
70000002
F0000000
8002B400
A0000002
1001B400
200004EC
60000001
70000002
F0000000
8002B800
A0000002
1001B800
200004EC
60000001
70000002
F0000000
8002BC00
A0000002
1001BC00
200004EC
60000001
70000002
F0000000
8002C000
A0000002
1001C000
200004EC
60000001
70000002
F0000000
E0000000
30000020
B0ACEC68
80000000
A0000002
10010000
200005EC
60000001
70000001
F0000000
10010020
200009EC
60000000
70000002
F0000000
80000400
A0000002
10010600
200005EC
60000001
70000001
F0000000
10010620
200009EC
60000000
70000002
F0000000
80000800
A0000002
10010C00
200005EC
60000001
70000001
F0000000
10010C20
200009EC
60000000
70000002
F0000000
80000C00
A0000002
10011200
200005EC
60000001
70000001
F0000000
10011220
200009EC
60000000
70000002
F0000000
80001000
A0000002
10011800
200005EC
60000001
70000001
F0000000
10011820
200009EC
60000000
70000002
F0000000
80001400
A0000002
10011E00
200005EC
60000001
70000001
F0000000
10011E20
200009EC
60000000
70000002
F0000000
80001800
A0000002
10012400
200005EC
60000001
70000001
F0000000
10012420
200009EC
60000000
70000002
F0000000
80001C00
A0000002
10012A00
200005EC
60000001
70000001
F0000000
10012A20
200009EC
60000000
70000002
F0000000
80002000
A0000002
10013000
200005EC
60000001
70000001
F0000000
10013020
200009EC
60000000
70000002
F0000000
80002400
A0000002
10013600
200005EC
60000001
70000001
F0000000
10013620
200009EC
60000000
70000002
F0000000
80002800
A0000002
10013C00
200005EC
60000001
70000001
F0000000
10013C20
200009EC
60000000
70000002
F0000000
80002C00
A0000002
10014200
200005EC
60000001
70000001
F0000000
10014220
200009EC
60000000
70000002
F0000000
80003000
A0000002
10014800
200005EC
60000001
70000001
F0000000
10014820
200009EC
60000000
70000002
F0000000
80003400
A0000002
10014E00
200005EC
60000001
70000001
F0000000
10014E20
200009EC
60000000
70000002
F0000000
80003800
A0000002
10015400
200005EC
60000001
70000001
F0000000
10015420
200009EC
60000000
70000002
F0000000
80003C00
A0000002
10015A00
200005EC
60000001
70000001
F0000000
10015A20
200009EC
60000000
70000002
F0000000
80004000
A0000002
10016000
200005EC
60000001
70000001
F0000000
10016020
200009EC
60000000
70000002
F0000000
80004400
A0000002
10016600
200005EC
60000001
70000001
F0000000
10016620
200009EC
60000000
70000002
F0000000
80004800
A0000002
10016C00
200005EC
60000001
70000001
F0000000
10016C20
200009EC
60000000
70000002
F0000000
80004C00
A0000002
10017200
200005EC
60000001
70000001
F0000000
10017220
200009EC
60000000
70000002
F0000000
80005000
A0000002
10017800
200005EC
60000001
70000001
F0000000
10017820
200009EC
60000000
70000002
F0000000
80005400
A0000002
10017E00
200005EC
60000001
70000001
F0000000
10017E20
200009EC
60000000
70000002
F0000000
80005800
A0000002
10018400
200005EC
60000001
70000001
F0000000
10018420
200009EC
60000000
70000002
F0000000
80005C00
A0000002
10018A00
200005EC
60000001
70000001
F0000000
10018A20
200009EC
60000000
70000002
F0000000
80006000
A0000002
10019000
200005EC
60000001
70000001
F0000000
10019020
200009EC
60000000
70000002
F0000000
80006400
A0000002
10019600
200005EC
60000001
70000001
F0000000
10019620
200009EC
60000000
70000002
F0000000
80006800
A0000002
10019C00
200005EC
60000001
70000001
F0000000
10019C20
200009EC
60000000
70000002
F0000000
80006C00
A0000002
1001A200
200005EC
60000001
70000001
F0000000
1001A220
200009EC
60000000
70000002
F0000000
80007000
A0000002
1001A800
200005EC
60000001
70000001
F0000000
1001A820
200009EC
60000000
70000002
F0000000
80007400
A0000002
1001AE00
200005EC
60000001
70000001
F0000000
1001AE20
200009EC
60000000
70000002
F0000000
80007800
A0000002
1001B400
200005EC
60000001
70000001
F0000000
1001B420
200009EC
60000000
70000002
F0000000
80007C00
A0000002
1001BA00
200005EC
60000001
70000001
F0000000
1001BA20
200009EC
60000000
70000002
F0000000
80008000
A0000002
1001C000
200005EC
60000001
70000001
F0000000
1001C020
200009EC
60000000
70000002
F0000000
80008400
A0000002
1001C600
200005EC
60000001
70000001
F0000000
1001C620
200009EC
60000000
70000002
F0000000
80008800
A0000002
1001CC00
200005EC
60000001
70000001
F0000000
1001CC20
200009EC
60000000
70000002
F0000000
80008C00
A0000002
1001D200
200005EC
60000001
70000001
F0000000
1001D220
200009EC
60000000
70000002
F0000000
80009000
A0000002
1001D800
200005EC
60000001
70000001
F0000000
1001D820
200009EC
60000000
70000002
F0000000
80009400
A0000002
1001DE00
200005EC
60000001
70000001
F0000000
1001DE20
200009EC
60000000
70000002
F0000000
80009800
A0000002
1001E400
200005EC
60000001
70000001
F0000000
1001E420
200009EC
60000000
70000002
F0000000
80009C00
A0000002
1001EA00
200005EC
60000001
70000001
F0000000
1001EA20
200009EC
60000000
70000002
F0000000
8000A000
A0000002
1001F000
200005EC
60000001
70000001
F0000000
1001F020
200009EC
60000000
70000002
F0000000
8000A400
A0000002
1001F600
200005EC
60000001
70000001
F0000000
1001F620
200009EC
60000000
70000002
F0000000
8000A800
A0000002
1001FC00
200005EC
60000001
70000001
F0000000
1001FC20
200009EC
60000000
70000002
F0000000
8000AC00
A0000002
10020200
200005EC
60000001
70000001
F0000000
10020220
200009EC
60000000
70000002
F0000000
8000B000
A0000002
10020800
200005EC
60000001
70000001
F0000000
10020820
200009EC
60000000
70000002
F0000000
8000B400
A0000002
10020E00
200005EC
60000001
70000001
F0000000
10020E20
200009EC
60000000
70000002
F0000000
8000B800
A0000002
10021400
200005EC
60000001
70000001
F0000000
10021420
200009EC
60000000
70000002
F0000000
8000BC00
A0000002
10021A00
200005EC
60000001
70000001
F0000000
10021A20
200009EC
60000000
70000002
F0000000
8000C000
A0000002
10022000
200005EC
60000001
70000001
F0000000
10022020
200009EC
60000000
70000002
F0000000
8000C400
A0000002
10022600
200005EC
60000001
70000001
F0000000
10022620
200009EC
60000000
70000002
F0000000
8000C800
A0000002
10022C00
200005EC
60000001
70000001
F0000000
10022C20
200009EC
60000000
70000002
F0000000
8000CC00
A0000002
10023200
200005EC
60000001
70000001
F0000000
10023220
200009EC
60000000
70000002
F0000000
8000D000
A0000002
10023800
200005EC
60000001
70000001
F0000000
10023820
200009EC
60000000
70000002
F0000000
8000D400
A0000002
10023E00
200005EC
60000001
70000001
F0000000
10023E20
200009EC
60000000
70000002
F0000000
8000D800
A0000002
10024400
200005EC
60000001
70000001
F0000000
10024420
200009EC
60000000
70000002
F0000000
8000DC00
A0000002
10024A00
200005EC
60000001
70000001
F0000000
10024A20
200009EC
60000000
70000002
F0000000
8000E000
A0000002
10025000
200005EC
60000001
70000001
F0000000
10025020
200009EC
60000000
70000002
F0000000
8000E400
A0000002
10025600
200005EC
60000001
70000001
F0000000
10025620
200009EC
60000000
70000002
F0000000
8000E800
A0000002
10025C00
200005EC
60000001
70000001
F0000000
10025C20
200009EC
60000000
70000002
F0000000
8000EC00
A0000002
10026200
200005EC
60000001
70000001
F0000000
10026220
200009EC
60000000
70000002
F0000000
8000F000
A0000002
10026800
200005EC
60000001
70000001
F0000000
10026820
200009EC
60000000
70000002
F0000000
8000F400
A0000002
10026E00
200005EC
60000001
70000001
F0000000
10026E20
200009EC
60000000
70000002
F0000000
8000F800
A0000002
10027400
200005EC
60000001
70000001
F0000000
10027420
200009EC
60000000
70000002
F0000000
8000FC00
A0000002
10027A00
200005EC
60000001
70000001
F0000000
10027A20
200009EC
60000000
70000002
F0000000
80010000
A0000002
10028000
200005EC
60000001
70000001
F0000000
10028020
200009EC
60000000
70000002
F0000000
80010400
A0000002
10028600
200005EC
60000001
70000001
F0000000
10028620
200009EC
60000000
70000002
F0000000
80010800
A0000002
10028C00
200005EC
60000001
70000001
F0000000
10028C20
200009EC
60000000
70000002
F0000000
80010C00
A0000002
10029200
200005EC
60000001
70000001
F0000000
10029220
200009EC
60000000
70000002
F0000000
80011000
A0000002
10029800
200005EC
60000001
70000001
F0000000
10029820
200009EC
60000000
70000002
F0000000
80011400
A0000002
10029E00
200005EC
60000001
70000001
F0000000
10029E20
200009EC
60000000
70000002
F0000000
80011800
A0000002
1002A400
200005EC
60000001
70000001
F0000000
1002A420
200009EC
60000000
70000002
F0000000
80011C00
A0000002
1002AA00
200005EC
60000001
70000001
F0000000
1002AA20
200009EC
60000000
70000002
F0000000
80012000
A0000002
1002B000
200005EC
60000001
70000001
F0000000
1002B020
200009EC
60000000
70000002
F0000000
80012400
A0000002
1002B600
200005EC
60000001
70000001
F0000000
1002B620
200009EC
60000000
70000002
F0000000
80012800
A0000002
1002BC00
200005EC
60000001
70000001
F0000000
1002BC20
200009EC
60000000
70000002
F0000000
80012C00
A0000002
1002C200
200005EC
60000001
70000001
F0000000
1002C220
200009EC
60000000
70000002
F0000000
80013000
A0000002
1002C800
200005EC
60000001
70000001
F0000000
1002C820
200009EC
60000000
70000002
F0000000
80013400
A0000002
1002CE00
200005EC
60000001
70000001
F0000000
1002CE20
200009EC
60000000
70000002
F0000000
80013800
A0000002
1002D400
200005EC
60000001
70000001
F0000000
1002D420
200009EC
60000000
70000002
F0000000
80013C00
A0000002
1002DA00
200005EC
60000001
70000001
F0000000
1002DA20
200009EC
60000000
70000002
F0000000
80014000
A0000002
1002E000
200005EC
60000001
70000001
F0000000
1002E020
200009EC
60000000
70000002
F0000000
80014400
A0000002
1002E600
200005EC
60000001
70000001
F0000000
1002E620
200009EC
60000000
70000002
F0000000
80014800
A0000002
1002EC00
200005EC
60000001
70000001
F0000000
1002EC20
200009EC
60000000
70000002
F0000000
80014C00
A0000002
1002F200
200005EC
60000001
70000001
F0000000
1002F220
200009EC
60000000
70000002
F0000000
80015000
A0000002
1002F800
200005EC
60000001
70000001
F0000000
1002F820
200009EC
60000000
70000002
F0000000
80015400
A0000002
1002FE00
200005EC
60000001
70000001
F0000000
1002FE20
200009EC
60000000
70000002
F0000000
80015800
A0000002
10030400
200005EC
60000001
70000001
F0000000
10030420
200009EC
60000000
70000002
F0000000
80015C00
A0000002
10030A00
200005EC
60000001
70000001
F0000000
10030A20
200009EC
60000000
70000002
F0000000
80016000
A0000002
10031000
200005EC
60000001
70000001
F0000000
10031020
200009EC
60000000
70000002
F0000000
80016400
A0000002
10031600
200005EC
60000001
70000001
F0000000
10031620
200009EC
60000000
70000002
F0000000
80016800
A0000002
10031C00
200005EC
60000001
70000001
F0000000
10031C20
200009EC
60000000
70000002
F0000000
80016C00
A0000002
10032200
200005EC
60000001
70000001
F0000000
10032220
200009EC
60000000
70000002
F0000000
80017000
A0000002
10032800
200005EC
60000001
70000001
F0000000
10032820
200009EC
60000000
70000002
F0000000
80017400
A0000002
10032E00
200005EC
60000001
70000001
F0000000
10032E20
200009EC
60000000
70000002
F0000000
80017800
A0000002
10033400
200005EC
60000001
70000001
F0000000
10033420
200009EC
60000000
70000002
F0000000
80017C00
A0000002
10033A00
200005EC
60000001
70000001
F0000000
10033A20
200009EC
60000000
70000002
F0000000
80018000
A0000002
10034000
200005EC
60000001
70000001
F0000000
10034020
200009EC
60000000
70000002
F0000000
80018400
A0000002
10034600
200005EC
60000001
70000001
F0000000
10034620
200009EC
60000000
70000002
F0000000
80018800
A0000002
10034C00
200005EC
60000001
70000001
F0000000
10034C20
200009EC
60000000
70000002
F0000000
80018C00
A0000002
10035200
200005EC
60000001
70000001
F0000000
10035220
200009EC
60000000
70000002
F0000000
80019000
A0000002
10035800
200005EC
60000001
70000001
F0000000
10035820
200009EC
60000000
70000002
F0000000
80019400
A0000002
10035E00
200005EC
60000001
70000001
F0000000
10035E20
200009EC
60000000
70000002
F0000000
80019800
A0000002
10036400
200005EC
60000001
70000001
F0000000
10036420
200009EC
60000000
70000002
F0000000
80019C00
A0000002
10036A00
200005EC
60000001
70000001
F0000000
10036A20
200009EC
60000000
70000002
F0000000
8001A000
A0000002
10037000
200005EC
60000001
70000001
F0000000
10037020
200009EC
60000000
70000002
F0000000
8001A400
A0000002
10037600
200005EC
60000001
70000001
F0000000
10037620
200009EC
60000000
70000002
F0000000
8001A800
A0000002
10037C00
200005EC
60000001
70000001
F0000000
10037C20
200009EC
60000000
70000002
F0000000
8001AC00
A0000002
10038200
200005EC
60000001
70000001
F0000000
10038220
200009EC
60000000
70000002
F0000000
8001B000
A0000002
10038800
200005EC
60000001
70000001
F0000000
10038820
200009EC
60000000
70000002
F0000000
8001B400
A0000002
10038E00
200005EC
60000001
70000001
F0000000
10038E20
200009EC
60000000
70000002
F0000000
8001B800
A0000002
10039400
200005EC
60000001
70000001
F0000000
10039420
200009EC
60000000
70000002
F0000000
8001BC00
A0000002
10039A00
200005EC
60000001
70000001
F0000000
10039A20
200009EC
60000000
70000002
F0000000
8001C000
A0000002
1003A000
200005EC
60000001
70000001
F0000000
1003A020
200009EC
60000000
70000002
F0000000
E0000000
30000020
B04399E4
80010000
A0000002
10000000
2000076C
60000001
70000001
F0000000
10000020
2000096C
60000000
70000003
F0000000
10000040
20000B6C
60000000
70000003
F0000000
10000060
20000D6C
60000000
70000003
F0000000
10000080
20000F6C
60000000
70000002
F0000000
80010200
A0000002
10001200
2000076C
60000001
70000001
F0000000
10001220
2000096C
60000000
70000003
F0000000
10001240
20000B6C
60000000
70000003
F0000000
10001260
20000D6C
60000000
70000003
F0000000
10001280
20000F6C
60000000
70000002
F0000000
80010400
A0000002
10002400
2000076C
60000001
70000001
F0000000
10002420
2000096C
60000000
70000003
F0000000
10002440
20000B6C
60000000
70000003
F0000000
10002460
20000D6C
60000000
70000003
F0000000
10002480
20000F6C
60000000
70000002
F0000000
80010600
A0000002
10003600
2000076C
60000001
70000001
F0000000
10003620
2000096C
60000000
70000003
F0000000
10003640
20000B6C
60000000
70000003
F0000000
10003660
20000D6C
60000000
70000003
F0000000
10003680
20000F6C
60000000
70000002
F0000000
80010800
A0000002
10004800
2000076C
60000001
70000001
F0000000
10004820
2000096C
60000000
70000003
F0000000
10004840
20000B6C
60000000
70000003
F0000000
10004860
20000D6C
60000000
70000003
F0000000
10004880
20000F6C
60000000
70000002
F0000000
80010A00
A0000002
10005A00
2000076C
60000001
70000001
F0000000
10005A20
2000096C
60000000
70000003
F0000000
10005A40
20000B6C
60000000
70000003
F0000000
10005A60
20000D6C
60000000
70000003
F0000000
10005A80
20000F6C
60000000
70000002
F0000000
80010C00
A0000002
10006C00
2000076C
60000001
70000001
F0000000
10006C20
2000096C
60000000
70000003
F0000000
10006C40
20000B6C
60000000
70000003
F0000000
10006C60
20000D6C
60000000
70000003
F0000000
10006C80
20000F6C
60000000
70000002
F0000000
80010E00
A0000002
10007E00
2000076C
60000001
70000001
F0000000
10007E20
2000096C
60000000
70000003
F0000000
10007E40
20000B6C
60000000
70000003
F0000000
10007E60
20000D6C
60000000
70000003
F0000000
10007E80
20000F6C
60000000
70000002
F0000000
80011000
A0000002
10009000
2000076C
60000001
70000001
F0000000
10009020
2000096C
60000000
70000003
F0000000
10009040
20000B6C
60000000
70000003
F0000000
10009060
20000D6C
60000000
70000003
F0000000
10009080
20000F6C
60000000
70000002
F0000000
80011200
A0000002
1000A200
2000076C
60000001
70000001
F0000000
1000A220
2000096C
60000000
70000003
F0000000
1000A240
20000B6C
60000000
70000003
F0000000
1000A260
20000D6C
60000000
70000003
F0000000
1000A280
20000F6C
60000000
70000002
F0000000
80011400
A0000002
1000B400
2000076C
60000001
70000001
F0000000
1000B420
2000096C
60000000
70000003
F0000000
1000B440
20000B6C
60000000
70000003
F0000000
1000B460
20000D6C
60000000
70000003
F0000000
1000B480
20000F6C
60000000
70000002
F0000000
80011600
A0000002
1000C600
2000076C
60000001
70000001
F0000000
1000C620
2000096C
60000000
70000003
F0000000
1000C640
20000B6C
60000000
70000003
F0000000
1000C660
20000D6C
60000000
70000003
F0000000
1000C680
20000F6C
60000000
70000002
F0000000
80011800
A0000002
1000D800
2000076C
60000001
70000001
F0000000
1000D820
2000096C
60000000
70000003
F0000000
1000D840
20000B6C
60000000
70000003
F0000000
1000D860
20000D6C
60000000
70000003
F0000000
1000D880
20000F6C
60000000
70000002
F0000000
80011A00
A0000002
1000EA00
2000076C
60000001
70000001
F0000000
1000EA20
2000096C
60000000
70000003
F0000000
1000EA40
20000B6C
60000000
70000003
F0000000
1000EA60
20000D6C
60000000
70000003
F0000000
1000EA80
20000F6C
60000000
70000002
F0000000
80011C00
A0000002
1000FC00
2000076C
60000001
70000001
F0000000
1000FC20
2000096C
60000000
70000003
F0000000
1000FC40
20000B6C
60000000
70000003
F0000000
1000FC60
20000D6C
60000000
70000003
F0000000
1000FC80
20000F6C
60000000
70000002
F0000000
80011E00
A0000002
10010E00
2000076C
60000001
70000001
F0000000
10010E20
2000096C
60000000
70000003
F0000000
10010E40
20000B6C
60000000
70000003
F0000000
10010E60
20000D6C
60000000
70000003
F0000000
10010E80
20000F6C
60000000
70000002
F0000000
80012000
A0000002
10012000
2000076C
60000001
70000001
F0000000
10012020
2000096C
60000000
70000003
F0000000
10012040
20000B6C
60000000
70000003
F0000000
10012060
20000D6C
60000000
70000003
F0000000
10012080
20000F6C
60000000
70000002
F0000000
80012200
A0000002
10013200
2000076C
60000001
70000001
F0000000
10013220
2000096C
60000000
70000003
F0000000
10013240
20000B6C
60000000
70000003
F0000000
10013260
20000D6C
60000000
70000003
F0000000
10013280
20000F6C
60000000
70000002
F0000000
80012400
A0000002
10014400
2000076C
60000001
70000001
F0000000
10014420
2000096C
60000000
70000003
F0000000
10014440
20000B6C
60000000
70000003
F0000000
10014460
20000D6C
60000000
70000003
F0000000
10014480
20000F6C
60000000
70000002
F0000000
80012600
A0000002
10015600
2000076C
60000001
70000001
F0000000
10015620
2000096C
60000000
70000003
F0000000
10015640
20000B6C
60000000
70000003
F0000000
10015660
20000D6C
60000000
70000003
F0000000
10015680
20000F6C
60000000
70000002
F0000000
80012800
A0000002
10016800
2000076C
60000001
70000001
F0000000
10016820
2000096C
60000000
70000003
F0000000
10016840
20000B6C
60000000
70000003
F0000000
10016860
20000D6C
60000000
70000003
F0000000
10016880
20000F6C
60000000
70000002
F0000000
80012A00
A0000002
10017A00
2000076C
60000001
70000001
F0000000
10017A20
2000096C
60000000
70000003
F0000000
10017A40
20000B6C
60000000
70000003
F0000000
10017A60
20000D6C
60000000
70000003
F0000000
10017A80
20000F6C
60000000
70000002
F0000000
80012C00
A0000002
10018C00
2000076C
60000001
70000001
F0000000
10018C20
2000096C
60000000
70000003
F0000000
10018C40
20000B6C
60000000
70000003
F0000000
10018C60
20000D6C
60000000
70000003
F0000000
10018C80
20000F6C
60000000
70000002
F0000000
80012E00
A0000002
10019E00
2000076C
60000001
70000001
F0000000
10019E20
2000096C
60000000
70000003
F0000000
10019E40
20000B6C
60000000
70000003
F0000000
10019E60
20000D6C
60000000
70000003
F0000000
10019E80
20000F6C
60000000
70000002
F0000000
80013000
A0000002
1001B000
2000076C
60000001
70000001
F0000000
1001B020
2000096C
60000000
70000003
F0000000
1001B040
20000B6C
60000000
70000003
F0000000
1001B060
20000D6C
60000000
70000003
F0000000
1001B080
20000F6C
60000000
70000002
F0000000
80013200
A0000002
1001C200
2000076C
60000001
70000001
F0000000
1001C220
2000096C
60000000
70000003
F0000000
1001C240
20000B6C
60000000
70000003
F0000000
1001C260
20000D6C
60000000
70000003
F0000000
1001C280
20000F6C
60000000
70000002
F0000000
80013400
A0000002
1001D400
2000076C
60000001
70000001
F0000000
1001D420
2000096C
60000000
70000003
F0000000
1001D440
20000B6C
60000000
70000003
F0000000
1001D460
20000D6C
60000000
70000003
F0000000
1001D480
20000F6C
60000000
70000002
F0000000
80013600
A0000002
1001E600
2000076C
60000001
70000001
F0000000
1001E620
2000096C
60000000
70000003
F0000000
1001E640
20000B6C
60000000
70000003
F0000000
1001E660
20000D6C
60000000
70000003
F0000000
1001E680
20000F6C
60000000
70000002
F0000000
80013800
A0000002
1001F800
2000076C
60000001
70000001
F0000000
1001F820
2000096C
60000000
70000003
F0000000
1001F840
20000B6C
60000000
70000003
F0000000
1001F860
20000D6C
60000000
70000003
F0000000
1001F880
20000F6C
60000000
70000002
F0000000
80013A00
A0000002
10020A00
2000076C
60000001
70000001
F0000000
10020A20
2000096C
60000000
70000003
F0000000
10020A40
20000B6C
60000000
70000003
F0000000
10020A60
20000D6C
60000000
70000003
F0000000
10020A80
20000F6C
60000000
70000002
F0000000
80013C00
A0000002
10021C00
2000076C
60000001
70000001
F0000000
10021C20
2000096C
60000000
70000003
F0000000
10021C40
20000B6C
60000000
70000003
F0000000
10021C60
20000D6C
60000000
70000003
F0000000
10021C80
20000F6C
60000000
70000002
F0000000
80013E00
A0000002
10022E00
2000076C
60000001
70000001
F0000000
10022E20
2000096C
60000000
70000003
F0000000
10022E40
20000B6C
60000000
70000003
F0000000
10022E60
20000D6C
60000000
70000003
F0000000
10022E80
20000F6C
60000000
70000002
F0000000
80014000
A0000002
10024000
2000076C
60000001
70000001
F0000000
10024020
2000096C
60000000
70000003
F0000000
10024040
20000B6C
60000000
70000003
F0000000
10024060
20000D6C
60000000
70000003
F0000000
10024080
20000F6C
60000000
70000002
F0000000
80014200
A0000002
10025200
2000076C
60000001
70000001
F0000000
10025220
2000096C
60000000
70000003
F0000000
10025240
20000B6C
60000000
70000003
F0000000
10025260
20000D6C
60000000
70000003
F0000000
10025280
20000F6C
60000000
70000002
F0000000
80014400
A0000002
10026400
2000076C
60000001
70000001
F0000000
10026420
2000096C
60000000
70000003
F0000000
10026440
20000B6C
60000000
70000003
F0000000
10026460
20000D6C
60000000
70000003
F0000000
10026480
20000F6C
60000000
70000002
F0000000
80014600
A0000002
10027600
2000076C
60000001
70000001
F0000000
10027620
2000096C
60000000
70000003
F0000000
10027640
20000B6C
60000000
70000003
F0000000
10027660
20000D6C
60000000
70000003
F0000000
10027680
20000F6C
60000000
70000002
F0000000
80014800
A0000002
10028800
2000076C
60000001
70000001
F0000000
10028820
2000096C
60000000
70000003
F0000000
10028840
20000B6C
60000000
70000003
F0000000
10028860
20000D6C
60000000
70000003
F0000000
10028880
20000F6C
60000000
70000002
F0000000
80014A00
A0000002
10029A00
2000076C
60000001
70000001
F0000000
10029A20
2000096C
60000000
70000003
F0000000
10029A40
20000B6C
60000000
70000003
F0000000
10029A60
20000D6C
60000000
70000003
F0000000
10029A80
20000F6C
60000000
70000002
F0000000
80014C00
A0000002
1002AC00
2000076C
60000001
70000001
F0000000
1002AC20
2000096C
60000000
70000003
F0000000
1002AC40
20000B6C
60000000
70000003
F0000000
1002AC60
20000D6C
60000000
70000003
F0000000
1002AC80
20000F6C
60000000
70000002
F0000000
80014E00
A0000002
1002BE00
2000076C
60000001
70000001
F0000000
1002BE20
2000096C
60000000
70000003
F0000000
1002BE40
20000B6C
60000000
70000003
F0000000
1002BE60
20000D6C
60000000
70000003
F0000000
1002BE80
20000F6C
60000000
70000002
F0000000
80015000
A0000002
1002D000
2000076C
60000001
70000001
F0000000
1002D020
2000096C
60000000
70000003
F0000000
1002D040
20000B6C
60000000
70000003
F0000000
1002D060
20000D6C
60000000
70000003
F0000000
1002D080
20000F6C
60000000
70000002
F0000000
80015200
A0000002
1002E200
2000076C
60000001
70000001
F0000000
1002E220
2000096C
60000000
70000003
F0000000
1002E240
20000B6C
60000000
70000003
F0000000
1002E260
20000D6C
60000000
70000003
F0000000
1002E280
20000F6C
60000000
70000002
F0000000
80015400
A0000002
1002F400
2000076C
60000001
70000001
F0000000
1002F420
2000096C
60000000
70000003
F0000000
1002F440
20000B6C
60000000
70000003
F0000000
1002F460
20000D6C
60000000
70000003
F0000000
1002F480
20000F6C
60000000
70000002
F0000000
80015600
A0000002
10030600
2000076C
60000001
70000001
F0000000
10030620
2000096C
60000000
70000003
F0000000
10030640
20000B6C
60000000
70000003
F0000000
10030660
20000D6C
60000000
70000003
F0000000
10030680
20000F6C
60000000
70000002
F0000000
80015800
A0000002
10031800
2000076C
60000001
70000001
F0000000
10031820
2000096C
60000000
70000003
F0000000
10031840
20000B6C
60000000
70000003
F0000000
10031860
20000D6C
60000000
70000003
F0000000
10031880
20000F6C
60000000
70000002
F0000000
80015A00
A0000002
10032A00
2000076C
60000001
70000001
F0000000
10032A20
2000096C
60000000
70000003
F0000000
10032A40
20000B6C
60000000
70000003
F0000000
10032A60
20000D6C
60000000
70000003
F0000000
10032A80
20000F6C
60000000
70000002
F0000000
80015C00
A0000002
10033C00
2000076C
60000001
70000001
F0000000
10033C20
2000096C
60000000
70000003
F0000000
10033C40
20000B6C
60000000
70000003
F0000000
10033C60
20000D6C
60000000
70000003
F0000000
10033C80
20000F6C
60000000
70000002
F0000000
80015E00
A0000002
10034E00
2000076C
60000001
70000001
F0000000
10034E20
2000096C
60000000
70000003
F0000000
10034E40
20000B6C
60000000
70000003
F0000000
10034E60
20000D6C
60000000
70000003
F0000000
10034E80
20000F6C
60000000
70000002
F0000000
80016000
A0000002
10036000
2000076C
60000001
70000001
F0000000
10036020
2000096C
60000000
70000003
F0000000
10036040
20000B6C
60000000
70000003
F0000000
10036060
20000D6C
60000000
70000003
F0000000
10036080
20000F6C
60000000
70000002
F0000000
80016200
A0000002
10037200
2000076C
60000001
70000001
F0000000
10037220
2000096C
60000000
70000003
F0000000
10037240
20000B6C
60000000
70000003
F0000000
10037260
20000D6C
60000000
70000003
F0000000
10037280
20000F6C
60000000
70000002
F0000000
80016400
A0000002
10038400
2000076C
60000001
70000001
F0000000
10038420
2000096C
60000000
70000003
F0000000
10038440
20000B6C
60000000
70000003
F0000000
10038460
20000D6C
60000000
70000003
F0000000
10038480
20000F6C
60000000
70000002
F0000000
80016600
A0000002
10039600
2000076C
60000001
70000001
F0000000
10039620
2000096C
60000000
70000003
F0000000
10039640
20000B6C
60000000
70000003
F0000000
10039660
20000D6C
60000000
70000003
F0000000
10039680
20000F6C
60000000
70000002
F0000000
80016800
A0000002
1003A800
2000076C
60000001
70000001
F0000000
1003A820
2000096C
60000000
70000003
F0000000
1003A840
20000B6C
60000000
70000003
F0000000
1003A860
20000D6C
60000000
70000003
F0000000
1003A880
20000F6C
60000000
70000002
F0000000
80016A00
A0000002
1003BA00
2000076C
60000001
70000001
F0000000
1003BA20
2000096C
60000000
70000003
F0000000
1003BA40
20000B6C
60000000
70000003
F0000000
1003BA60
20000D6C
60000000
70000003
F0000000
1003BA80
20000F6C
60000000
70000002
F0000000
80016C00
A0000002
1003CC00
2000076C
60000001
70000001
F0000000
1003CC20
2000096C
60000000
70000003
F0000000
1003CC40
20000B6C
60000000
70000003
F0000000
1003CC60
20000D6C
60000000
70000003
F0000000
1003CC80
20000F6C
60000000
70000002
F0000000
80016E00
A0000002
1003DE00
2000076C
60000001
70000001
F0000000
1003DE20
2000096C
60000000
70000003
F0000000
1003DE40
20000B6C
60000000
70000003
F0000000
1003DE60
20000D6C
60000000
70000003
F0000000
1003DE80
20000F6C
60000000
70000002
F0000000
80017000
A0000002
1003F000
2000076C
60000001
70000001
F0000000
1003F020
2000096C
60000000
70000003
F0000000
1003F040
20000B6C
60000000
70000003
F0000000
1003F060
20000D6C
60000000
70000003
F0000000
1003F080
20000F6C
60000000
70000002
F0000000
80017200
A0000002
10040200
2000076C
60000001
70000001
F0000000
10040220
2000096C
60000000
70000003
F0000000
10040240
20000B6C
60000000
70000003
F0000000
10040260
20000D6C
60000000
70000003
F0000000
10040280
20000F6C
60000000
70000002
F0000000
80017400
A0000002
10041400
2000076C
60000001
70000001
F0000000
10041420
2000096C
60000000
70000003
F0000000
10041440
20000B6C
60000000
70000003
F0000000
10041460
20000D6C
60000000
70000003
F0000000
10041480
20000F6C
60000000
70000002
F0000000
80017600
A0000002
10042600
2000076C
60000001
70000001
F0000000
10042620
2000096C
60000000
70000003
F0000000
10042640
20000B6C
60000000
70000003
F0000000
10042660
20000D6C
60000000
70000003
F0000000
10042680
20000F6C
60000000
70000002
F0000000
80017800
A0000002
10043800
2000076C
60000001
70000001
F0000000
10043820
2000096C
60000000
70000003
F0000000
10043840
20000B6C
60000000
70000003
F0000000
10043860
20000D6C
60000000
70000003
F0000000
10043880
20000F6C
60000000
70000002
F0000000
80017A00
A0000002
10044A00
2000076C
60000001
70000001
F0000000
10044A20
2000096C
60000000
70000003
F0000000
10044A40
20000B6C
60000000
70000003
F0000000
10044A60
20000D6C
60000000
70000003
F0000000
10044A80
20000F6C
60000000
70000002
F0000000
80017C00
A0000002
10045C00
2000076C
60000001
70000001
F0000000
10045C20
2000096C
60000000
70000003
F0000000
10045C40
20000B6C
60000000
70000003
F0000000
10045C60
20000D6C
60000000
70000003
F0000000
10045C80
20000F6C
60000000
70000002
F0000000
80017E00
A0000002
10046E00
2000076C
60000001
70000001
F0000000
10046E20
2000096C
60000000
70000003
F0000000
10046E40
20000B6C
60000000
70000003
F0000000
10046E60
20000D6C
60000000
70000003
F0000000
10046E80
20000F6C
60000000
70000002
F0000000
80018000
A0000002
10048000
2000076C
60000001
70000001
F0000000
10048020
2000096C
60000000
70000003
F0000000
10048040
20000B6C
60000000
70000003
F0000000
10048060
20000D6C
60000000
70000003
F0000000
10048080
20000F6C
60000000
70000002
F0000000
80018200
A0000002
10049200
2000076C
60000001
70000001
F0000000
10049220
2000096C
60000000
70000003
F0000000
10049240
20000B6C
60000000
70000003
F0000000
10049260
20000D6C
60000000
70000003
F0000000
10049280
20000F6C
60000000
70000002
F0000000
80018400
A0000002
1004A400
2000076C
60000001
70000001
F0000000
1004A420
2000096C
60000000
70000003
F0000000
1004A440
20000B6C
60000000
70000003
F0000000
1004A460
20000D6C
60000000
70000003
F0000000
1004A480
20000F6C
60000000
70000002
F0000000
80018600
A0000002
1004B600
2000076C
60000001
70000001
F0000000
1004B620
2000096C
60000000
70000003
F0000000
1004B640
20000B6C
60000000
70000003
F0000000
1004B660
20000D6C
60000000
70000003
F0000000
1004B680
20000F6C
60000000
70000002
F0000000
80018800
A0000002
1004C800
2000076C
60000001
70000001
F0000000
1004C820
2000096C
60000000
70000003
F0000000
1004C840
20000B6C
60000000
70000003
F0000000
1004C860
20000D6C
60000000
70000003
F0000000
1004C880
20000F6C
60000000
70000002
F0000000
80018A00
A0000002
1004DA00
2000076C
60000001
70000001
F0000000
1004DA20
2000096C
60000000
70000003
F0000000
1004DA40
20000B6C
60000000
70000003
F0000000
1004DA60
20000D6C
60000000
70000003
F0000000
1004DA80
20000F6C
60000000
70000002
F0000000
80018C00
A0000002
1004EC00
2000076C
60000001
70000001
F0000000
1004EC20
2000096C
60000000
70000003
F0000000
1004EC40
20000B6C
60000000
70000003
F0000000
1004EC60
20000D6C
60000000
70000003
F0000000
1004EC80
20000F6C
60000000
70000002
F0000000
80018E00
A0000002
1004FE00
2000076C
60000001
70000001
F0000000
1004FE20
2000096C
60000000
70000003
F0000000
1004FE40
20000B6C
60000000
70000003
F0000000
1004FE60
20000D6C
60000000
70000003
F0000000
1004FE80
20000F6C
60000000
70000002
F0000000
80019000
A0000002
10051000
2000076C
60000001
70000001
F0000000
10051020
2000096C
60000000
70000003
F0000000
10051040
20000B6C
60000000
70000003
F0000000
10051060
20000D6C
60000000
70000003
F0000000
10051080
20000F6C
60000000
70000002
F0000000
80019200
A0000002
10052200
2000076C
60000001
70000001
F0000000
10052220
2000096C
60000000
70000003
F0000000
10052240
20000B6C
60000000
70000003
F0000000
10052260
20000D6C
60000000
70000003
F0000000
10052280
20000F6C
60000000
70000002
F0000000
80019400
A0000002
10053400
2000076C
60000001
70000001
F0000000
10053420
2000096C
60000000
70000003
F0000000
10053440
20000B6C
60000000
70000003
F0000000
10053460
20000D6C
60000000
70000003
F0000000
10053480
20000F6C
60000000
70000002
F0000000
80019600
A0000002
10054600
2000076C
60000001
70000001
F0000000
10054620
2000096C
60000000
70000003
F0000000
10054640
20000B6C
60000000
70000003
F0000000
10054660
20000D6C
60000000
70000003
F0000000
10054680
20000F6C
60000000
70000002
F0000000
80019800
A0000002
10055800
2000076C
60000001
70000001
F0000000
10055820
2000096C
60000000
70000003
F0000000
10055840
20000B6C
60000000
70000003
F0000000
10055860
20000D6C
60000000
70000003
F0000000
10055880
20000F6C
60000000
70000002
F0000000
80019A00
A0000002
10056A00
2000076C
60000001
70000001
F0000000
10056A20
2000096C
60000000
70000003
F0000000
10056A40
20000B6C
60000000
70000003
F0000000
10056A60
20000D6C
60000000
70000003
F0000000
10056A80
20000F6C
60000000
70000002
F0000000
80019C00
A0000002
10057C00
2000076C
60000001
70000001
F0000000
10057C20
2000096C
60000000
70000003
F0000000
10057C40
20000B6C
60000000
70000003
F0000000
10057C60
20000D6C
60000000
70000003
F0000000
10057C80
20000F6C
60000000
70000002
F0000000
80019E00
A0000002
10058E00
2000076C
60000001
70000001
F0000000
10058E20
2000096C
60000000
70000003
F0000000
10058E40
20000B6C
60000000
70000003
F0000000
10058E60
20000D6C
60000000
70000003
F0000000
10058E80
20000F6C
60000000
70000002
F0000000
8001A000
A0000002
1005A000
2000076C
60000001
70000001
F0000000
1005A020
2000096C
60000000
70000003
F0000000
1005A040
20000B6C
60000000
70000003
F0000000
1005A060
20000D6C
60000000
70000003
F0000000
1005A080
20000F6C
60000000
70000002
F0000000
8001A200
A0000002
1005B200
2000076C
60000001
70000001
F0000000
1005B220
2000096C
60000000
70000003
F0000000
1005B240
20000B6C
60000000
70000003
F0000000
1005B260
20000D6C
60000000
70000003
F0000000
1005B280
20000F6C
60000000
70000002
F0000000
8001A400
A0000002
1005C400
2000076C
60000001
70000001
F0000000
1005C420
2000096C
60000000
70000003
F0000000
1005C440
20000B6C
60000000
70000003
F0000000
1005C460
20000D6C
60000000
70000003
F0000000
1005C480
20000F6C
60000000
70000002
F0000000
8001A600
A0000002
1005D600
2000076C
60000001
70000001
F0000000
1005D620
2000096C
60000000
70000003
F0000000
1005D640
20000B6C
60000000
70000003
F0000000
1005D660
20000D6C
60000000
70000003
F0000000
1005D680
20000F6C
60000000
70000002
F0000000
8001A800
A0000002
1005E800
2000076C
60000001
70000001
F0000000
1005E820
2000096C
60000000
70000003
F0000000
1005E840
20000B6C
60000000
70000003
F0000000
1005E860
20000D6C
60000000
70000003
F0000000
1005E880
20000F6C
60000000
70000002
F0000000
8001AA00
A0000002
1005FA00
2000076C
60000001
70000001
F0000000
1005FA20
2000096C
60000000
70000003
F0000000
1005FA40
20000B6C
60000000
70000003
F0000000
1005FA60
20000D6C
60000000
70000003
F0000000
1005FA80
20000F6C
60000000
70000002
F0000000
8001AC00
A0000002
10060C00
2000076C
60000001
70000001
F0000000
10060C20
2000096C
60000000
70000003
F0000000
10060C40
20000B6C
60000000
70000003
F0000000
10060C60
20000D6C
60000000
70000003
F0000000
10060C80
20000F6C
60000000
70000002
F0000000
8001AE00
A0000002
10061E00
2000076C
60000001
70000001
F0000000
10061E20
2000096C
60000000
70000003
F0000000
10061E40
20000B6C
60000000
70000003
F0000000
10061E60
20000D6C
60000000
70000003
F0000000
10061E80
20000F6C
60000000
70000002
F0000000
8001B000
A0000002
10063000
2000076C
60000001
70000001
F0000000
10063020
2000096C
60000000
70000003
F0000000
10063040
20000B6C
60000000
70000003
F0000000
10063060
20000D6C
60000000
70000003
F0000000
10063080
20000F6C
60000000
70000002
F0000000
8001B200
A0000002
10064200
2000076C
60000001
70000001
F0000000
10064220
2000096C
60000000
70000003
F0000000
10064240
20000B6C
60000000
70000003
F0000000
10064260
20000D6C
60000000
70000003
F0000000
10064280
20000F6C
60000000
70000002
F0000000
8001B400
A0000002
10065400
2000076C
60000001
70000001
F0000000
10065420
2000096C
60000000
70000003
F0000000
10065440
20000B6C
60000000
70000003
F0000000
10065460
20000D6C
60000000
70000003
F0000000
10065480
20000F6C
60000000
70000002
F0000000
8001B600
A0000002
10066600
2000076C
60000001
70000001
F0000000
10066620
2000096C
60000000
70000003
F0000000
10066640
20000B6C
60000000
70000003
F0000000
10066660
20000D6C
60000000
70000003
F0000000
10066680
20000F6C
60000000
70000002
F0000000
8001B800
A0000002
10067800
2000076C
60000001
70000001
F0000000
10067820
2000096C
60000000
70000003
F0000000
10067840
20000B6C
60000000
70000003
F0000000
10067860
20000D6C
60000000
70000003
F0000000
10067880
20000F6C
60000000
70000002
F0000000
8001BA00
A0000002
10068A00
2000076C
60000001
70000001
F0000000
10068A20
2000096C
60000000
70000003
F0000000
10068A40
20000B6C
60000000
70000003
F0000000
10068A60
20000D6C
60000000
70000003
F0000000
10068A80
20000F6C
60000000
70000002
F0000000
8001BC00
A0000002
10069C00
2000076C
60000001
70000001
F0000000
10069C20
2000096C
60000000
70000003
F0000000
10069C40
20000B6C
60000000
70000003
F0000000
10069C60
20000D6C
60000000
70000003
F0000000
10069C80
20000F6C
60000000
70000002
F0000000
8001BE00
A0000002
1006AE00
2000076C
60000001
70000001
F0000000
1006AE20
2000096C
60000000
70000003
F0000000
1006AE40
20000B6C
60000000
70000003
F0000000
1006AE60
20000D6C
60000000
70000003
F0000000
1006AE80
20000F6C
60000000
70000002
F0000000
8001C000
A0000002
1006C000
2000076C
60000001
70000001
F0000000
1006C020
2000096C
60000000
70000003
F0000000
1006C040
20000B6C
60000000
70000003
F0000000
1006C060
20000D6C
60000000
70000003
F0000000
1006C080
20000F6C
60000000
70000002
F0000000
8001C200
A0000002
1006D200
2000076C
60000001
70000001
F0000000
1006D220
2000096C
60000000
70000003
F0000000
1006D240
20000B6C
60000000
70000003
F0000000
1006D260
20000D6C
60000000
70000003
F0000000
1006D280
20000F6C
60000000
70000002
F0000000
8001C400
A0000002
1006E400
2000076C
60000001
70000001
F0000000
1006E420
2000096C
60000000
70000003
F0000000
1006E440
20000B6C
60000000
70000003
F0000000
1006E460
20000D6C
60000000
70000003
F0000000
1006E480
20000F6C
60000000
70000002
F0000000
8001C600
A0000002
1006F600
2000076C
60000001
70000001
F0000000
1006F620
2000096C
60000000
70000003
F0000000
1006F640
20000B6C
60000000
70000003
F0000000
1006F660
20000D6C
60000000
70000003
F0000000
1006F680
20000F6C
60000000
70000002
F0000000
8001C800
A0000002
10070800
2000076C
60000001
70000001
F0000000
10070820
2000096C
60000000
70000003
F0000000
10070840
20000B6C
60000000
70000003
F0000000
10070860
20000D6C
60000000
70000003
F0000000
10070880
20000F6C
60000000
70000002
F0000000
8001CA00
A0000002
10071A00
2000076C
60000001
70000001
F0000000
10071A20
2000096C
60000000
70000003
F0000000
10071A40
20000B6C
60000000
70000003
F0000000
10071A60
20000D6C
60000000
70000003
F0000000
10071A80
20000F6C
60000000
70000002
F0000000
8001CC00
A0000002
10072C00
2000076C
60000001
70000001
F0000000
10072C20
2000096C
60000000
70000003
F0000000
10072C40
20000B6C
60000000
70000003
F0000000
10072C60
20000D6C
60000000
70000003
F0000000
10072C80
20000F6C
60000000
70000002
F0000000
8001CE00
A0000002
10073E00
2000076C
60000001
70000001
F0000000
10073E20
2000096C
60000000
70000003
F0000000
10073E40
20000B6C
60000000
70000003
F0000000
10073E60
20000D6C
60000000
70000003
F0000000
10073E80
20000F6C
60000000
70000002
F0000000
8001D000
A0000002
10075000
2000076C
60000001
70000001
F0000000
10075020
2000096C
60000000
70000003
F0000000
10075040
20000B6C
60000000
70000003
F0000000
10075060
20000D6C
60000000
70000003
F0000000
10075080
20000F6C
60000000
70000002
F0000000
8001D200
A0000002
10076200
2000076C
60000001
70000001
F0000000
10076220
2000096C
60000000
70000003
F0000000
10076240
20000B6C
60000000
70000003
F0000000
10076260
20000D6C
60000000
70000003
F0000000
10076280
20000F6C
60000000
70000002
F0000000
8001D400
A0000002
10077400
2000076C
60000001
70000001
F0000000
10077420
2000096C
60000000
70000003
F0000000
10077440
20000B6C
60000000
70000003
F0000000
10077460
20000D6C
60000000
70000003
F0000000
10077480
20000F6C
60000000
70000002
F0000000
8001D600
A0000002
10078600
2000076C
60000001
70000001
F0000000
10078620
2000096C
60000000
70000003
F0000000
10078640
20000B6C
60000000
70000003
F0000000
10078660
20000D6C
60000000
70000003
F0000000
10078680
20000F6C
60000000
70000002
F0000000
8001D800
A0000002
10079800
2000076C
60000001
70000001
F0000000
10079820
2000096C
60000000
70000003
F0000000
10079840
20000B6C
60000000
70000003
F0000000
10079860
20000D6C
60000000
70000003
F0000000
10079880
20000F6C
60000000
70000002
F0000000
8001DA00
A0000002
1007AA00
2000076C
60000001
70000001
F0000000
1007AA20
2000096C
60000000
70000003
F0000000
1007AA40
20000B6C
60000000
70000003
F0000000
1007AA60
20000D6C
60000000
70000003
F0000000
1007AA80
20000F6C
60000000
70000002
F0000000
8001DC00
A0000002
1007BC00
2000076C
60000001
70000001
F0000000
1007BC20
2000096C
60000000
70000003
F0000000
1007BC40
20000B6C
60000000
70000003
F0000000
1007BC60
20000D6C
60000000
70000003
F0000000
1007BC80
20000F6C
60000000
70000002
F0000000
8001DE00
A0000002
1007CE00
2000076C
60000001
70000001
F0000000
1007CE20
2000096C
60000000
70000003
F0000000
1007CE40
20000B6C
60000000
70000003
F0000000
1007CE60
20000D6C
60000000
70000003
F0000000
1007CE80
20000F6C
60000000
70000002
F0000000
8001E000
A0000002
1007E000
2000076C
60000001
70000001
F0000000
1007E020
2000096C
60000000
70000003
F0000000
1007E040
20000B6C
60000000
70000003
F0000000
1007E060
20000D6C
60000000
70000003
F0000000
1007E080
20000F6C
60000000
70000002
F0000000
E0000000
30000020
B09F3791
80000000
A0000002
10010000
200009AC
60000001
70000001
F0000000
10010020
20000BAC
60000000
70000003
F0000000
10010040
20000DAC
60000000
70000003
F0000000
10010060
20000FAC
60000000
70000003
F0000000
10010080
200011AC
60000000
70000002
F0000000
80000200
A0000002
10011200
200009AC
60000001
70000001
F0000000
10011220
20000BAC
60000000
70000003
F0000000
10011240
20000DAC
60000000
70000003
F0000000
10011260
20000FAC
60000000
70000003
F0000000
10011280
200011AC
60000000
70000002
F0000000
80000400
A0000002
10012400
200009AC
60000001
70000001
F0000000
10012420
20000BAC
60000000
70000003
F0000000
10012440
20000DAC
60000000
70000003
F0000000
10012460
20000FAC
60000000
70000003
F0000000
10012480
200011AC
60000000
70000002
F0000000
80000600
A0000002
10013600
200009AC
60000001
70000001
F0000000
10013620
20000BAC
60000000
70000003
F0000000
10013640
20000DAC
60000000
70000003
F0000000
10013660
20000FAC
60000000
70000003
F0000000
10013680
200011AC
60000000
70000002
F0000000
80000800
A0000002
10014800
200009AC
60000001
70000001
F0000000
10014820
20000BAC
60000000
70000003
F0000000
10014840
20000DAC
60000000
70000003
F0000000
10014860
20000FAC
60000000
70000003
F0000000
10014880
200011AC
60000000
70000002
F0000000
80000A00
A0000002
10015A00
200009AC
60000001
70000001
F0000000
10015A20
20000BAC
60000000
70000003
F0000000
10015A40
20000DAC
60000000
70000003
F0000000
10015A60
20000FAC
60000000
70000003
F0000000
10015A80
200011AC
60000000
70000002
F0000000
80000C00
A0000002
10016C00
200009AC
60000001
70000001
F0000000
10016C20
20000BAC
60000000
70000003
F0000000
10016C40
20000DAC
60000000
70000003
F0000000
10016C60
20000FAC
60000000
70000003
F0000000
10016C80
200011AC
60000000
70000002
F0000000
80000E00
A0000002
10017E00
200009AC
60000001
70000001
F0000000
10017E20
20000BAC
60000000
70000003
F0000000
10017E40
20000DAC
60000000
70000003
F0000000
10017E60
20000FAC
60000000
70000003
F0000000
10017E80
200011AC
60000000
70000002
F0000000
80001000
A0000002
10019000
200009AC
60000001
70000001
F0000000
10019020
20000BAC
60000000
70000003
F0000000
10019040
20000DAC
60000000
70000003
F0000000
10019060
20000FAC
60000000
70000003
F0000000
10019080
200011AC
60000000
70000002
F0000000
80001200
A0000002
1001A200
200009AC
60000001
70000001
F0000000
1001A220
20000BAC
60000000
70000003
F0000000
1001A240
20000DAC
60000000
70000003
F0000000
1001A260
20000FAC
60000000
70000003
F0000000
1001A280
200011AC
60000000
70000002
F0000000
80001400
A0000002
1001B400
200009AC
60000001
70000001
F0000000
1001B420
20000BAC
60000000
70000003
F0000000
1001B440
20000DAC
60000000
70000003
F0000000
1001B460
20000FAC
60000000
70000003
F0000000
1001B480
200011AC
60000000
70000002
F0000000
80001600
A0000002
1001C600
200009AC
60000001
70000001
F0000000
1001C620
20000BAC
60000000
70000003
F0000000
1001C640
20000DAC
60000000
70000003
F0000000
1001C660
20000FAC
60000000
70000003
F0000000
1001C680
200011AC
60000000
70000002
F0000000
80001800
A0000002
1001D800
200009AC
60000001
70000001
F0000000
1001D820
20000BAC
60000000
70000003
F0000000
1001D840
20000DAC
60000000
70000003
F0000000
1001D860
20000FAC
60000000
70000003
F0000000
1001D880
200011AC
60000000
70000002
F0000000
80001A00
A0000002
1001EA00
200009AC
60000001
70000001
F0000000
1001EA20
20000BAC
60000000
70000003
F0000000
1001EA40
20000DAC
60000000
70000003
F0000000
1001EA60
20000FAC
60000000
70000003
F0000000
1001EA80
200011AC
60000000
70000002
F0000000
80001C00
A0000002
1001FC00
200009AC
60000001
70000001
F0000000
1001FC20
20000BAC
60000000
70000003
F0000000
1001FC40
20000DAC
60000000
70000003
F0000000
1001FC60
20000FAC
60000000
70000003
F0000000
1001FC80
200011AC
60000000
70000002
F0000000
80001E00
A0000002
10020E00
200009AC
60000001
70000001
F0000000
10020E20
20000BAC
60000000
70000003
F0000000
10020E40
20000DAC
60000000
70000003
F0000000
10020E60
20000FAC
60000000
70000003
F0000000
10020E80
200011AC
60000000
70000002
F0000000
80002000
A0000002
10022000
200009AC
60000001
70000001
F0000000
10022020
20000BAC
60000000
70000003
F0000000
10022040
20000DAC
60000000
70000003
F0000000
10022060
20000FAC
60000000
70000003
F0000000
10022080
200011AC
60000000
70000002
F0000000
80002200
A0000002
10023200
200009AC
60000001
70000001
F0000000
10023220
20000BAC
60000000
70000003
F0000000
10023240
20000DAC
60000000
70000003
F0000000
10023260
20000FAC
60000000
70000003
F0000000
10023280
200011AC
60000000
70000002
F0000000
80002400
A0000002
10024400
200009AC
60000001
70000001
F0000000
10024420
20000BAC
60000000
70000003
F0000000
10024440
20000DAC
60000000
70000003
F0000000
10024460
20000FAC
60000000
70000003
F0000000
10024480
200011AC
60000000
70000002
F0000000
80002600
A0000002
10025600
200009AC
60000001
70000001
F0000000
10025620
20000BAC
60000000
70000003
F0000000
10025640
20000DAC
60000000
70000003
F0000000
10025660
20000FAC
60000000
70000003
F0000000
10025680
200011AC
60000000
70000002
F0000000
80002800
A0000002
10026800
200009AC
60000001
70000001
F0000000
10026820
20000BAC
60000000
70000003
F0000000
10026840
20000DAC
60000000
70000003
F0000000
10026860
20000FAC
60000000
70000003
F0000000
10026880
200011AC
60000000
70000002
F0000000
80002A00
A0000002
10027A00
200009AC
60000001
70000001
F0000000
10027A20
20000BAC
60000000
70000003
F0000000
10027A40
20000DAC
60000000
70000003
F0000000
10027A60
20000FAC
60000000
70000003
F0000000
10027A80
200011AC
60000000
70000002
F0000000
80002C00
A0000002
10028C00
200009AC
60000001
70000001
F0000000
10028C20
20000BAC
60000000
70000003
F0000000
10028C40
20000DAC
60000000
70000003
F0000000
10028C60
20000FAC
60000000
70000003
F0000000
10028C80
200011AC
60000000
70000002
F0000000
80002E00
A0000002
10029E00
200009AC
60000001
70000001
F0000000
10029E20
20000BAC
60000000
70000003
F0000000
10029E40
20000DAC
60000000
70000003
F0000000
10029E60
20000FAC
60000000
70000003
F0000000
10029E80
200011AC
60000000
70000002
F0000000
80003000
A0000002
1002B000
200009AC
60000001
70000001
F0000000
1002B020
20000BAC
60000000
70000003
F0000000
1002B040
20000DAC
60000000
70000003
F0000000
1002B060
20000FAC
60000000
70000003
F0000000
1002B080
200011AC
60000000
70000002
F0000000
80003200
A0000002
1002C200
200009AC
60000001
70000001
F0000000
1002C220
20000BAC
60000000
70000003
F0000000
1002C240
20000DAC
60000000
70000003
F0000000
1002C260
20000FAC
60000000
70000003
F0000000
1002C280
200011AC
60000000
70000002
F0000000
80003400
A0000002
1002D400
200009AC
60000001
70000001
F0000000
1002D420
20000BAC
60000000
70000003
F0000000
1002D440
20000DAC
60000000
70000003
F0000000
1002D460
20000FAC
60000000
70000003
F0000000
1002D480
200011AC
60000000
70000002
F0000000
80003600
A0000002
1002E600
200009AC
60000001
70000001
F0000000
1002E620
20000BAC
60000000
70000003
F0000000
1002E640
20000DAC
60000000
70000003
F0000000
1002E660
20000FAC
60000000
70000003
F0000000
1002E680
200011AC
60000000
70000002
F0000000
80003800
A0000002
1002F800
200009AC
60000001
70000001
F0000000
1002F820
20000BAC
60000000
70000003
F0000000
1002F840
20000DAC
60000000
70000003
F0000000
1002F860
20000FAC
60000000
70000003
F0000000
1002F880
200011AC
60000000
70000002
F0000000
80003A00
A0000002
10030A00
200009AC
60000001
70000001
F0000000
10030A20
20000BAC
60000000
70000003
F0000000
10030A40
20000DAC
60000000
70000003
F0000000
10030A60
20000FAC
60000000
70000003
F0000000
10030A80
200011AC
60000000
70000002
F0000000
80003C00
A0000002
10031C00
200009AC
60000001
70000001
F0000000
10031C20
20000BAC
60000000
70000003
F0000000
10031C40
20000DAC
60000000
70000003
F0000000
10031C60
20000FAC
60000000
70000003
F0000000
10031C80
200011AC
60000000
70000002
F0000000
80003E00
A0000002
10032E00
200009AC
60000001
70000001
F0000000
10032E20
20000BAC
60000000
70000003
F0000000
10032E40
20000DAC
60000000
70000003
F0000000
10032E60
20000FAC
60000000
70000003
F0000000
10032E80
200011AC
60000000
70000002
F0000000
80004000
A0000002
10034000
200009AC
60000001
70000001
F0000000
10034020
20000BAC
60000000
70000003
F0000000
10034040
20000DAC
60000000
70000003
F0000000
10034060
20000FAC
60000000
70000003
F0000000
10034080
200011AC
60000000
70000002
F0000000
80004200
A0000002
10035200
200009AC
60000001
70000001
F0000000
10035220
20000BAC
60000000
70000003
F0000000
10035240
20000DAC
60000000
70000003
F0000000
10035260
20000FAC
60000000
70000003
F0000000
10035280
200011AC
60000000
70000002
F0000000
80004400
A0000002
10036400
200009AC
60000001
70000001
F0000000
10036420
20000BAC
60000000
70000003
F0000000
10036440
20000DAC
60000000
70000003
F0000000
10036460
20000FAC
60000000
70000003
F0000000
10036480
200011AC
60000000
70000002
F0000000
80004600
A0000002
10037600
200009AC
60000001
70000001
F0000000
10037620
20000BAC
60000000
70000003
F0000000
10037640
20000DAC
60000000
70000003
F0000000
10037660
20000FAC
60000000
70000003
F0000000
10037680
200011AC
60000000
70000002
F0000000
80004800
A0000002
10038800
200009AC
60000001
70000001
F0000000
10038820
20000BAC
60000000
70000003
F0000000
10038840
20000DAC
60000000
70000003
F0000000
10038860
20000FAC
60000000
70000003
F0000000
10038880
200011AC
60000000
70000002
F0000000
80004A00
A0000002
10039A00
200009AC
60000001
70000001
F0000000
10039A20
20000BAC
60000000
70000003
F0000000
10039A40
20000DAC
60000000
70000003
F0000000
10039A60
20000FAC
60000000
70000003
F0000000
10039A80
200011AC
60000000
70000002
F0000000
80004C00
A0000002
1003AC00
200009AC
60000001
70000001
F0000000
1003AC20
20000BAC
60000000
70000003
F0000000
1003AC40
20000DAC
60000000
70000003
F0000000
1003AC60
20000FAC
60000000
70000003
F0000000
1003AC80
200011AC
60000000
70000002
F0000000
80004E00
A0000002
1003BE00
200009AC
60000001
70000001
F0000000
1003BE20
20000BAC
60000000
70000003
F0000000
1003BE40
20000DAC
60000000
70000003
F0000000
1003BE60
20000FAC
60000000
70000003
F0000000
1003BE80
200011AC
60000000
70000002
F0000000
80005000
A0000002
1003D000
200009AC
60000001
70000001
F0000000
1003D020
20000BAC
60000000
70000003
F0000000
1003D040
20000DAC
60000000
70000003
F0000000
1003D060
20000FAC
60000000
70000003
F0000000
1003D080
200011AC
60000000
70000002
F0000000
80005200
A0000002
1003E200
200009AC
60000001
70000001
F0000000
1003E220
20000BAC
60000000
70000003
F0000000
1003E240
20000DAC
60000000
70000003
F0000000
1003E260
20000FAC
60000000
70000003
F0000000
1003E280
200011AC
60000000
70000002
F0000000
80005400
A0000002
1003F400
200009AC
60000001
70000001
F0000000
1003F420
20000BAC
60000000
70000003
F0000000
1003F440
20000DAC
60000000
70000003
F0000000
1003F460
20000FAC
60000000
70000003
F0000000
1003F480
200011AC
60000000
70000002
F0000000
80005600
A0000002
10040600
200009AC
60000001
70000001
F0000000
10040620
20000BAC
60000000
70000003
F0000000
10040640
20000DAC
60000000
70000003
F0000000
10040660
20000FAC
60000000
70000003
F0000000
10040680
200011AC
60000000
70000002
F0000000
80005800
A0000002
10041800
200009AC
60000001
70000001
F0000000
10041820
20000BAC
60000000
70000003
F0000000
10041840
20000DAC
60000000
70000003
F0000000
10041860
20000FAC
60000000
70000003
F0000000
10041880
200011AC
60000000
70000002
F0000000
80005A00
A0000002
10042A00
200009AC
60000001
70000001
F0000000
10042A20
20000BAC
60000000
70000003
F0000000
10042A40
20000DAC
60000000
70000003
F0000000
10042A60
20000FAC
60000000
70000003
F0000000
10042A80
200011AC
60000000
70000002
F0000000
80005C00
A0000002
10043C00
200009AC
60000001
70000001
F0000000
10043C20
20000BAC
60000000
70000003
F0000000
10043C40
20000DAC
60000000
70000003
F0000000
10043C60
20000FAC
60000000
70000003
F0000000
10043C80
200011AC
60000000
70000002
F0000000
80005E00
A0000002
10044E00
200009AC
60000001
70000001
F0000000
10044E20
20000BAC
60000000
70000003
F0000000
10044E40
20000DAC
60000000
70000003
F0000000
10044E60
20000FAC
60000000
70000003
F0000000
10044E80
200011AC
60000000
70000002
F0000000
80006000
A0000002
10046000
200009AC
60000001
70000001
F0000000
10046020
20000BAC
60000000
70000003
F0000000
10046040
20000DAC
60000000
70000003
F0000000
10046060
20000FAC
60000000
70000003
F0000000
10046080
200011AC
60000000
70000002
F0000000
80006200
A0000002
10047200
200009AC
60000001
70000001
F0000000
10047220
20000BAC
60000000
70000003
F0000000
10047240
20000DAC
60000000
70000003
F0000000
10047260
20000FAC
60000000
70000003
F0000000
10047280
200011AC
60000000
70000002
F0000000
80006400
A0000002
10048400
200009AC
60000001
70000001
F0000000
10048420
20000BAC
60000000
70000003
F0000000
10048440
20000DAC
60000000
70000003
F0000000
10048460
20000FAC
60000000
70000003
F0000000
10048480
200011AC
60000000
70000002
F0000000
80006600
A0000002
10049600
200009AC
60000001
70000001
F0000000
10049620
20000BAC
60000000
70000003
F0000000
10049640
20000DAC
60000000
70000003
F0000000
10049660
20000FAC
60000000
70000003
F0000000
10049680
200011AC
60000000
70000002
F0000000
80006800
A0000002
1004A800
200009AC
60000001
70000001
F0000000
1004A820
20000BAC
60000000
70000003
F0000000
1004A840
20000DAC
60000000
70000003
F0000000
1004A860
20000FAC
60000000
70000003
F0000000
1004A880
200011AC
60000000
70000002
F0000000
80006A00
A0000002
1004BA00
200009AC
60000001
70000001
F0000000
1004BA20
20000BAC
60000000
70000003
F0000000
1004BA40
20000DAC
60000000
70000003
F0000000
1004BA60
20000FAC
60000000
70000003
F0000000
1004BA80
200011AC
60000000
70000002
F0000000
80006C00
A0000002
1004CC00
200009AC
60000001
70000001
F0000000
1004CC20
20000BAC
60000000
70000003
F0000000
1004CC40
20000DAC
60000000
70000003
F0000000
1004CC60
20000FAC
60000000
70000003
F0000000
1004CC80
200011AC
60000000
70000002
F0000000
80006E00
A0000002
1004DE00
200009AC
60000001
70000001
F0000000
1004DE20
20000BAC
60000000
70000003
F0000000
1004DE40
20000DAC
60000000
70000003
F0000000
1004DE60
20000FAC
60000000
70000003
F0000000
1004DE80
200011AC
60000000
70000002
F0000000
80007000
A0000002
1004F000
200009AC
60000001
70000001
F0000000
1004F020
20000BAC
60000000
70000003
F0000000
1004F040
20000DAC
60000000
70000003
F0000000
1004F060
20000FAC
60000000
70000003
F0000000
1004F080
200011AC
60000000
70000002
F0000000
80007200
A0000002
10050200
200009AC
60000001
70000001
F0000000
10050220
20000BAC
60000000
70000003
F0000000
10050240
20000DAC
60000000
70000003
F0000000
10050260
20000FAC
60000000
70000003
F0000000
10050280
200011AC
60000000
70000002
F0000000
80007400
A0000002
10051400
200009AC
60000001
70000001
F0000000
10051420
20000BAC
60000000
70000003
F0000000
10051440
20000DAC
60000000
70000003
F0000000
10051460
20000FAC
60000000
70000003
F0000000
10051480
200011AC
60000000
70000002
F0000000
80007600
A0000002
10052600
200009AC
60000001
70000001
F0000000
10052620
20000BAC
60000000
70000003
F0000000
10052640
20000DAC
60000000
70000003
F0000000
10052660
20000FAC
60000000
70000003
F0000000
10052680
200011AC
60000000
70000002
F0000000
80007800
A0000002
10053800
200009AC
60000001
70000001
F0000000
10053820
20000BAC
60000000
70000003
F0000000
10053840
20000DAC
60000000
70000003
F0000000
10053860
20000FAC
60000000
70000003
F0000000
10053880
200011AC
60000000
70000002
F0000000
80007A00
A0000002
10054A00
200009AC
60000001
70000001
F0000000
10054A20
20000BAC
60000000
70000003
F0000000
10054A40
20000DAC
60000000
70000003
F0000000
10054A60
20000FAC
60000000
70000003
F0000000
10054A80
200011AC
60000000
70000002
F0000000
80007C00
A0000002
10055C00
200009AC
60000001
70000001
F0000000
10055C20
20000BAC
60000000
70000003
F0000000
10055C40
20000DAC
60000000
70000003
F0000000
10055C60
20000FAC
60000000
70000003
F0000000
10055C80
200011AC
60000000
70000002
F0000000
80007E00
A0000002
10056E00
200009AC
60000001
70000001
F0000000
10056E20
20000BAC
60000000
70000003
F0000000
10056E40
20000DAC
60000000
70000003
F0000000
10056E60
20000FAC
60000000
70000003
F0000000
10056E80
200011AC
60000000
70000002
F0000000
80008000
A0000002
10058000
200009AC
60000001
70000001
F0000000
10058020
20000BAC
60000000
70000003
F0000000
10058040
20000DAC
60000000
70000003
F0000000
10058060
20000FAC
60000000
70000003
F0000000
10058080
200011AC
60000000
70000002
F0000000
80008200
A0000002
10059200
200009AC
60000001
70000001
F0000000
10059220
20000BAC
60000000
70000003
F0000000
10059240
20000DAC
60000000
70000003
F0000000
10059260
20000FAC
60000000
70000003
F0000000
10059280
200011AC
60000000
70000002
F0000000
80008400
A0000002
1005A400
200009AC
60000001
70000001
F0000000
1005A420
20000BAC
60000000
70000003
F0000000
1005A440
20000DAC
60000000
70000003
F0000000
1005A460
20000FAC
60000000
70000003
F0000000
1005A480
200011AC
60000000
70000002
F0000000
80008600
A0000002
1005B600
200009AC
60000001
70000001
F0000000
1005B620
20000BAC
60000000
70000003
F0000000
1005B640
20000DAC
60000000
70000003
F0000000
1005B660
20000FAC
60000000
70000003
F0000000
1005B680
200011AC
60000000
70000002
F0000000
80008800
A0000002
1005C800
200009AC
60000001
70000001
F0000000
1005C820
20000BAC
60000000
70000003
F0000000
1005C840
20000DAC
60000000
70000003
F0000000
1005C860
20000FAC
60000000
70000003
F0000000
1005C880
200011AC
60000000
70000002
F0000000
80008A00
A0000002
1005DA00
200009AC
60000001
70000001
F0000000
1005DA20
20000BAC
60000000
70000003
F0000000
1005DA40
20000DAC
60000000
70000003
F0000000
1005DA60
20000FAC
60000000
70000003
F0000000
1005DA80
200011AC
60000000
70000002
F0000000
80008C00
A0000002
1005EC00
200009AC
60000001
70000001
F0000000
1005EC20
20000BAC
60000000
70000003
F0000000
1005EC40
20000DAC
60000000
70000003
F0000000
1005EC60
20000FAC
60000000
70000003
F0000000
1005EC80
200011AC
60000000
70000002
F0000000
80008E00
A0000002
1005FE00
200009AC
60000001
70000001
F0000000
1005FE20
20000BAC
60000000
70000003
F0000000
1005FE40
20000DAC
60000000
70000003
F0000000
1005FE60
20000FAC
60000000
70000003
F0000000
1005FE80
200011AC
60000000
70000002
F0000000
80009000
A0000002
10061000
200009AC
60000001
70000001
F0000000
10061020
20000BAC
60000000
70000003
F0000000
10061040
20000DAC
60000000
70000003
F0000000
10061060
20000FAC
60000000
70000003
F0000000
10061080
200011AC
60000000
70000002
F0000000
80009200
A0000002
10062200
200009AC
60000001
70000001
F0000000
10062220
20000BAC
60000000
70000003
F0000000
10062240
20000DAC
60000000
70000003
F0000000
10062260
20000FAC
60000000
70000003
F0000000
10062280
200011AC
60000000
70000002
F0000000
80009400
A0000002
10063400
200009AC
60000001
70000001
F0000000
10063420
20000BAC
60000000
70000003
F0000000
10063440
20000DAC
60000000
70000003
F0000000
10063460
20000FAC
60000000
70000003
F0000000
10063480
200011AC
60000000
70000002
F0000000
80009600
A0000002
10064600
200009AC
60000001
70000001
F0000000
10064620
20000BAC
60000000
70000003
F0000000
10064640
20000DAC
60000000
70000003
F0000000
10064660
20000FAC
60000000
70000003
F0000000
10064680
200011AC
60000000
70000002
F0000000
80009800
A0000002
10065800
200009AC
60000001
70000001
F0000000
10065820
20000BAC
60000000
70000003
F0000000
10065840
20000DAC
60000000
70000003
F0000000
10065860
20000FAC
60000000
70000003
F0000000
10065880
200011AC
60000000
70000002
F0000000
80009A00
A0000002
10066A00
200009AC
60000001
70000001
F0000000
10066A20
20000BAC
60000000
70000003
F0000000
10066A40
20000DAC
60000000
70000003
F0000000
10066A60
20000FAC
60000000
70000003
F0000000
10066A80
200011AC
60000000
70000002
F0000000
80009C00
A0000002
10067C00
200009AC
60000001
70000001
F0000000
10067C20
20000BAC
60000000
70000003
F0000000
10067C40
20000DAC
60000000
70000003
F0000000
10067C60
20000FAC
60000000
70000003
F0000000
10067C80
200011AC
60000000
70000002
F0000000
80009E00
A0000002
10068E00
200009AC
60000001
70000001
F0000000
10068E20
20000BAC
60000000
70000003
F0000000
10068E40
20000DAC
60000000
70000003
F0000000
10068E60
20000FAC
60000000
70000003
F0000000
10068E80
200011AC
60000000
70000002
F0000000
8000A000
A0000002
1006A000
200009AC
60000001
70000001
F0000000
1006A020
20000BAC
60000000
70000003
F0000000
1006A040
20000DAC
60000000
70000003
F0000000
1006A060
20000FAC
60000000
70000003
F0000000
1006A080
200011AC
60000000
70000002
F0000000
8000A200
A0000002
1006B200
200009AC
60000001
70000001
F0000000
1006B220
20000BAC
60000000
70000003
F0000000
1006B240
20000DAC
60000000
70000003
F0000000
1006B260
20000FAC
60000000
70000003
F0000000
1006B280
200011AC
60000000
70000002
F0000000
8000A400
A0000002
1006C400
200009AC
60000001
70000001
F0000000
1006C420
20000BAC
60000000
70000003
F0000000
1006C440
20000DAC
60000000
70000003
F0000000
1006C460
20000FAC
60000000
70000003
F0000000
1006C480
200011AC
60000000
70000002
F0000000
8000A600
A0000002
1006D600
200009AC
60000001
70000001
F0000000
1006D620
20000BAC
60000000
70000003
F0000000
1006D640
20000DAC
60000000
70000003
F0000000
1006D660
20000FAC
60000000
70000003
F0000000
1006D680
200011AC
60000000
70000002
F0000000
8000A800
A0000002
1006E800
200009AC
60000001
70000001
F0000000
1006E820
20000BAC
60000000
70000003
F0000000
1006E840
20000DAC
60000000
70000003
F0000000
1006E860
20000FAC
60000000
70000003
F0000000
1006E880
200011AC
60000000
70000002
F0000000
8000AA00
A0000002
1006FA00
200009AC
60000001
70000001
F0000000
1006FA20
20000BAC
60000000
70000003
F0000000
1006FA40
20000DAC
60000000
70000003
F0000000
1006FA60
20000FAC
60000000
70000003
F0000000
1006FA80
200011AC
60000000
70000002
F0000000
8000AC00
A0000002
10070C00
200009AC
60000001
70000001
F0000000
10070C20
20000BAC
60000000
70000003
F0000000
10070C40
20000DAC
60000000
70000003
F0000000
10070C60
20000FAC
60000000
70000003
F0000000
10070C80
200011AC
60000000
70000002
F0000000
8000AE00
A0000002
10071E00
200009AC
60000001
70000001
F0000000
10071E20
20000BAC
60000000
70000003
F0000000
10071E40
20000DAC
60000000
70000003
F0000000
10071E60
20000FAC
60000000
70000003
F0000000
10071E80
200011AC
60000000
70000002
F0000000
8000B000
A0000002
10073000
200009AC
60000001
70000001
F0000000
10073020
20000BAC
60000000
70000003
F0000000
10073040
20000DAC
60000000
70000003
F0000000
10073060
20000FAC
60000000
70000003
F0000000
10073080
200011AC
60000000
70000002
F0000000
8000B200
A0000002
10074200
200009AC
60000001
70000001
F0000000
10074220
20000BAC
60000000
70000003
F0000000
10074240
20000DAC
60000000
70000003
F0000000
10074260
20000FAC
60000000
70000003
F0000000
10074280
200011AC
60000000
70000002
F0000000
8000B400
A0000002
10075400
200009AC
60000001
70000001
F0000000
10075420
20000BAC
60000000
70000003
F0000000
10075440
20000DAC
60000000
70000003
F0000000
10075460
20000FAC
60000000
70000003
F0000000
10075480
200011AC
60000000
70000002
F0000000
8000B600
A0000002
10076600
200009AC
60000001
70000001
F0000000
10076620
20000BAC
60000000
70000003
F0000000
10076640
20000DAC
60000000
70000003
F0000000
10076660
20000FAC
60000000
70000003
F0000000
10076680
200011AC
60000000
70000002
F0000000
8000B800
A0000002
10077800
200009AC
60000001
70000001
F0000000
10077820
20000BAC
60000000
70000003
F0000000
10077840
20000DAC
60000000
70000003
F0000000
10077860
20000FAC
60000000
70000003
F0000000
10077880
200011AC
60000000
70000002
F0000000
8000BA00
A0000002
10078A00
200009AC
60000001
70000001
F0000000
10078A20
20000BAC
60000000
70000003
F0000000
10078A40
20000DAC
60000000
70000003
F0000000
10078A60
20000FAC
60000000
70000003
F0000000
10078A80
200011AC
60000000
70000002
F0000000
8000BC00
A0000002
10079C00
200009AC
60000001
70000001
F0000000
10079C20
20000BAC
60000000
70000003
F0000000
10079C40
20000DAC
60000000
70000003
F0000000
10079C60
20000FAC
60000000
70000003
F0000000
10079C80
200011AC
60000000
70000002
F0000000
8000BE00
A0000002
1007AE00
200009AC
60000001
70000001
F0000000
1007AE20
20000BAC
60000000
70000003
F0000000
1007AE40
20000DAC
60000000
70000003
F0000000
1007AE60
20000FAC
60000000
70000003
F0000000
1007AE80
200011AC
60000000
70000002
F0000000
8000C000
A0000002
1007C000
200009AC
60000001
70000001
F0000000
1007C020
20000BAC
60000000
70000003
F0000000
1007C040
20000DAC
60000000
70000003
F0000000
1007C060
20000FAC
60000000
70000003
F0000000
1007C080
200011AC
60000000
70000002
F0000000
8000C200
A0000002
1007D200
200009AC
60000001
70000001
F0000000
1007D220
20000BAC
60000000
70000003
F0000000
1007D240
20000DAC
60000000
70000003
F0000000
1007D260
20000FAC
60000000
70000003
F0000000
1007D280
200011AC
60000000
70000002
F0000000
8000C400
A0000002
1007E400
200009AC
60000001
70000001
F0000000
1007E420
20000BAC
60000000
70000003
F0000000
1007E440
20000DAC
60000000
70000003
F0000000
1007E460
20000FAC
60000000
70000003
F0000000
1007E480
200011AC
60000000
70000002
F0000000
8000C600
A0000002
1007F600
200009AC
60000001
70000001
F0000000
1007F620
20000BAC
60000000
70000003
F0000000
1007F640
20000DAC
60000000
70000003
F0000000
1007F660
20000FAC
60000000
70000003
F0000000
1007F680
200011AC
60000000
70000002
F0000000
8000C800
A0000002
10080800
200009AC
60000001
70000001
F0000000
10080820
20000BAC
60000000
70000003
F0000000
10080840
20000DAC
60000000
70000003
F0000000
10080860
20000FAC
60000000
70000003
F0000000
10080880
200011AC
60000000
70000002
F0000000
8000CA00
A0000002
10081A00
200009AC
60000001
70000001
F0000000
10081A20
20000BAC
60000000
70000003
F0000000
10081A40
20000DAC
60000000
70000003
F0000000
10081A60
20000FAC
60000000
70000003
F0000000
10081A80
200011AC
60000000
70000002
F0000000
8000CC00
A0000002
10082C00
200009AC
60000001
70000001
F0000000
10082C20
20000BAC
60000000
70000003
F0000000
10082C40
20000DAC
60000000
70000003
F0000000
10082C60
20000FAC
60000000
70000003
F0000000
10082C80
200011AC
60000000
70000002
F0000000
8000CE00
A0000002
10083E00
200009AC
60000001
70000001
F0000000
10083E20
20000BAC
60000000
70000003
F0000000
10083E40
20000DAC
60000000
70000003
F0000000
10083E60
20000FAC
60000000
70000003
F0000000
10083E80
200011AC
60000000
70000002
F0000000
8000D000
A0000002
10085000
200009AC
60000001
70000001
F0000000
10085020
20000BAC
60000000
70000003
F0000000
10085040
20000DAC
60000000
70000003
F0000000
10085060
20000FAC
60000000
70000003
F0000000
10085080
200011AC
60000000
70000002
F0000000
8000D200
A0000002
10086200
200009AC
60000001
70000001
F0000000
10086220
20000BAC
60000000
70000003
F0000000
10086240
20000DAC
60000000
70000003
F0000000
10086260
20000FAC
60000000
70000003
F0000000
10086280
200011AC
60000000
70000002
F0000000
8000D400
A0000002
10087400
200009AC
60000001
70000001
F0000000
10087420
20000BAC
60000000
70000003
F0000000
10087440
20000DAC
60000000
70000003
F0000000
10087460
20000FAC
60000000
70000003
F0000000
10087480
200011AC
60000000
70000002
F0000000
8000D600
A0000002
10088600
200009AC
60000001
70000001
F0000000
10088620
20000BAC
60000000
70000003
F0000000
10088640
20000DAC
60000000
70000003
F0000000
10088660
20000FAC
60000000
70000003
F0000000
10088680
200011AC
60000000
70000002
F0000000
8000D800
A0000002
10089800
200009AC
60000001
70000001
F0000000
10089820
20000BAC
60000000
70000003
F0000000
10089840
20000DAC
60000000
70000003
F0000000
10089860
20000FAC
60000000
70000003
F0000000
10089880
200011AC
60000000
70000002
F0000000
8000DA00
A0000002
1008AA00
200009AC
60000001
70000001
F0000000
1008AA20
20000BAC
60000000
70000003
F0000000
1008AA40
20000DAC
60000000
70000003
F0000000
1008AA60
20000FAC
60000000
70000003
F0000000
1008AA80
200011AC
60000000
70000002
F0000000
8000DC00
A0000002
1008BC00
200009AC
60000001
70000001
F0000000
1008BC20
20000BAC
60000000
70000003
F0000000
1008BC40
20000DAC
60000000
70000003
F0000000
1008BC60
20000FAC
60000000
70000003
F0000000
1008BC80
200011AC
60000000
70000002
F0000000
8000DE00
A0000002
1008CE00
200009AC
60000001
70000001
F0000000
1008CE20
20000BAC
60000000
70000003
F0000000
1008CE40
20000DAC
60000000
70000003
F0000000
1008CE60
20000FAC
60000000
70000003
F0000000
1008CE80
200011AC
60000000
70000002
F0000000
8000E000
A0000002
1008E000
200009AC
60000001
70000001
F0000000
1008E020
20000BAC
60000000
70000003
F0000000
1008E040
20000DAC
60000000
70000003
F0000000
1008E060
20000FAC
60000000
70000003
F0000000
1008E080
200011AC
60000000
70000002
F0000000
E0000000
30000020
B10C5BDC
80010000
A0000002
10000000
20000BEC
60000001
70000001
F0000000
10000020
200013EC
60000000
70000003
F0000000
10000040
20001BEC
60000000
70000003
F0000000
10000060
200023EC
60000000
70000003
F0000000
10000080
20002BEC
60000000
70000003
F0000000
100000A0
200033EC
60000000
70000003
F0000000
100000C0
20003BEC
60000000
70000003
F0000000
100000E0
200043EC
60000000
70000003
F0000000
10000100
20004BEC
60000000
70000002
F0000000
80010020
A0000002
10000000
20000C0C
60000001
70000001
F0000000
10000020
2000140C
60000000
70000003
F0000000
10000040
20001C0C
60000000
70000003
F0000000
10000060
2000240C
60000000
70000003
F0000000
10000080
20002C0C
60000000
70000003
F0000000
100000A0
2000340C
60000000
70000003
F0000000
100000C0
20003C0C
60000000
70000003
F0000000
100000E0
2000440C
60000000
70000003
F0000000
10000100
20004C0C
60000000
70000002
F0000000
80010800
A0000002
10002400
20000BEC
60000001
70000001
F0000000
10002420
200013EC
60000000
70000003
F0000000
10002440
20001BEC
60000000
70000003
F0000000
10002460
200023EC
60000000
70000003
F0000000
10002480
20002BEC
60000000
70000003
F0000000
100024A0
200033EC
60000000
70000003
F0000000
100024C0
20003BEC
60000000
70000003
F0000000
100024E0
200043EC
60000000
70000003
F0000000
10002500
20004BEC
60000000
70000002
F0000000
80010820
A0000002
10002400
20000C0C
60000001
70000001
F0000000
10002420
2000140C
60000000
70000003
F0000000
10002440
20001C0C
60000000
70000003
F0000000
10002460
2000240C
60000000
70000003
F0000000
10002480
20002C0C
60000000
70000003
F0000000
100024A0
2000340C
60000000
70000003
F0000000
100024C0
20003C0C
60000000
70000003
F0000000
100024E0
2000440C
60000000
70000003
F0000000
10002500
20004C0C
60000000
70000002
F0000000
80011000
A0000002
10004800
20000BEC
60000001
70000001
F0000000
10004820
200013EC
60000000
70000003
F0000000
10004840
20001BEC
60000000
70000003
F0000000
10004860
200023EC
60000000
70000003
F0000000
10004880
20002BEC
60000000
70000003
F0000000
100048A0
200033EC
60000000
70000003
F0000000
100048C0
20003BEC
60000000
70000003
F0000000
100048E0
200043EC
60000000
70000003
F0000000
10004900
20004BEC
60000000
70000002
F0000000
80011020
A0000002
10004800
20000C0C
60000001
70000001
F0000000
10004820
2000140C
60000000
70000003
F0000000
10004840
20001C0C
60000000
70000003
F0000000
10004860
2000240C
60000000
70000003
F0000000
10004880
20002C0C
60000000
70000003
F0000000
100048A0
2000340C
60000000
70000003
F0000000
100048C0
20003C0C
60000000
70000003
F0000000
100048E0
2000440C
60000000
70000003
F0000000
10004900
20004C0C
60000000
70000002
F0000000
80011800
A0000002
10006C00
20000BEC
60000001
70000001
F0000000
10006C20
200013EC
60000000
70000003
F0000000
10006C40
20001BEC
60000000
70000003
F0000000
10006C60
200023EC
60000000
70000003
F0000000
10006C80
20002BEC
60000000
70000003
F0000000
10006CA0
200033EC
60000000
70000003
F0000000
10006CC0
20003BEC
60000000
70000003
F0000000
10006CE0
200043EC
60000000
70000003
F0000000
10006D00
20004BEC
60000000
70000002
F0000000
80011820
A0000002
10006C00
20000C0C
60000001
70000001
F0000000
10006C20
2000140C
60000000
70000003
F0000000
10006C40
20001C0C
60000000
70000003
F0000000
10006C60
2000240C
60000000
70000003
F0000000
10006C80
20002C0C
60000000
70000003
F0000000
10006CA0
2000340C
60000000
70000003
F0000000
10006CC0
20003C0C
60000000
70000003
F0000000
10006CE0
2000440C
60000000
70000003
F0000000
10006D00
20004C0C
60000000
70000002
F0000000
80012000
A0000002
10009000
20000BEC
60000001
70000001
F0000000
10009020
200013EC
60000000
70000003
F0000000
10009040
20001BEC
60000000
70000003
F0000000
10009060
200023EC
60000000
70000003
F0000000
10009080
20002BEC
60000000
70000003
F0000000
100090A0
200033EC
60000000
70000003
F0000000
100090C0
20003BEC
60000000
70000003
F0000000
100090E0
200043EC
60000000
70000003
F0000000
10009100
20004BEC
60000000
70000002
F0000000
80012020
A0000002
10009000
20000C0C
60000001
70000001
F0000000
10009020
2000140C
60000000
70000003
F0000000
10009040
20001C0C
60000000
70000003
F0000000
10009060
2000240C
60000000
70000003
F0000000
10009080
20002C0C
60000000
70000003
F0000000
100090A0
2000340C
60000000
70000003
F0000000
100090C0
20003C0C
60000000
70000003
F0000000
100090E0
2000440C
60000000
70000003
F0000000
10009100
20004C0C
60000000
70000002
F0000000
80012800
A0000002
1000B400
20000BEC
60000001
70000001
F0000000
1000B420
200013EC
60000000
70000003
F0000000
1000B440
20001BEC
60000000
70000003
F0000000
1000B460
200023EC
60000000
70000003
F0000000
1000B480
20002BEC
60000000
70000003
F0000000
1000B4A0
200033EC
60000000
70000003
F0000000
1000B4C0
20003BEC
60000000
70000003
F0000000
1000B4E0
200043EC
60000000
70000003
F0000000
1000B500
20004BEC
60000000
70000002
F0000000
80012820
A0000002
1000B400
20000C0C
60000001
70000001
F0000000
1000B420
2000140C
60000000
70000003
F0000000
1000B440
20001C0C
60000000
70000003
F0000000
1000B460
2000240C
60000000
70000003
F0000000
1000B480
20002C0C
60000000
70000003
F0000000
1000B4A0
2000340C
60000000
70000003
F0000000
1000B4C0
20003C0C
60000000
70000003
F0000000
1000B4E0
2000440C
60000000
70000003
F0000000
1000B500
20004C0C
60000000
70000002
F0000000
80013000
A0000002
1000D800
20000BEC
60000001
70000001
F0000000
1000D820
200013EC
60000000
70000003
F0000000
1000D840
20001BEC
60000000
70000003
F0000000
1000D860
200023EC
60000000
70000003
F0000000
1000D880
20002BEC
60000000
70000003
F0000000
1000D8A0
200033EC
60000000
70000003
F0000000
1000D8C0
20003BEC
60000000
70000003
F0000000
1000D8E0
200043EC
60000000
70000003
F0000000
1000D900
20004BEC
60000000
70000002
F0000000
80013020
A0000002
1000D800
20000C0C
60000001
70000001
F0000000
1000D820
2000140C
60000000
70000003
F0000000
1000D840
20001C0C
60000000
70000003
F0000000
1000D860
2000240C
60000000
70000003
F0000000
1000D880
20002C0C
60000000
70000003
F0000000
1000D8A0
2000340C
60000000
70000003
F0000000
1000D8C0
20003C0C
60000000
70000003
F0000000
1000D8E0
2000440C
60000000
70000003
F0000000
1000D900
20004C0C
60000000
70000002
F0000000
80013800
A0000002
1000FC00
20000BEC
60000001
70000001
F0000000
1000FC20
200013EC
60000000
70000003
F0000000
1000FC40
20001BEC
60000000
70000003
F0000000
1000FC60
200023EC
60000000
70000003
F0000000
1000FC80
20002BEC
60000000
70000003
F0000000
1000FCA0
200033EC
60000000
70000003
F0000000
1000FCC0
20003BEC
60000000
70000003
F0000000
1000FCE0
200043EC
60000000
70000003
F0000000
1000FD00
20004BEC
60000000
70000002
F0000000
80013820
A0000002
1000FC00
20000C0C
60000001
70000001
F0000000
1000FC20
2000140C
60000000
70000003
F0000000
1000FC40
20001C0C
60000000
70000003
F0000000
1000FC60
2000240C
60000000
70000003
F0000000
1000FC80
20002C0C
60000000
70000003
F0000000
1000FCA0
2000340C
60000000
70000003
F0000000
1000FCC0
20003C0C
60000000
70000003
F0000000
1000FCE0
2000440C
60000000
70000003
F0000000
1000FD00
20004C0C
60000000
70000002
F0000000
80014000
A0000002
10012000
20000BEC
60000001
70000001
F0000000
10012020
200013EC
60000000
70000003
F0000000
10012040
20001BEC
60000000
70000003
F0000000
10012060
200023EC
60000000
70000003
F0000000
10012080
20002BEC
60000000
70000003
F0000000
100120A0
200033EC
60000000
70000003
F0000000
100120C0
20003BEC
60000000
70000003
F0000000
100120E0
200043EC
60000000
70000003
F0000000
10012100
20004BEC
60000000
70000002
F0000000
80014020
A0000002
10012000
20000C0C
60000001
70000001
F0000000
10012020
2000140C
60000000
70000003
F0000000
10012040
20001C0C
60000000
70000003
F0000000
10012060
2000240C
60000000
70000003
F0000000
10012080
20002C0C
60000000
70000003
F0000000
100120A0
2000340C
60000000
70000003
F0000000
100120C0
20003C0C
60000000
70000003
F0000000
100120E0
2000440C
60000000
70000003
F0000000
10012100
20004C0C
60000000
70000002
F0000000
80014800
A0000002
10014400
20000BEC
60000001
70000001
F0000000
10014420
200013EC
60000000
70000003
F0000000
10014440
20001BEC
60000000
70000003
F0000000
10014460
200023EC
60000000
70000003
F0000000
10014480
20002BEC
60000000
70000003
F0000000
100144A0
200033EC
60000000
70000003
F0000000
100144C0
20003BEC
60000000
70000003
F0000000
100144E0
200043EC
60000000
70000003
F0000000
10014500
20004BEC
60000000
70000002
F0000000
80014820
A0000002
10014400
20000C0C
60000001
70000001
F0000000
10014420
2000140C
60000000
70000003
F0000000
10014440
20001C0C
60000000
70000003
F0000000
10014460
2000240C
60000000
70000003
F0000000
10014480
20002C0C
60000000
70000003
F0000000
100144A0
2000340C
60000000
70000003
F0000000
100144C0
20003C0C
60000000
70000003
F0000000
100144E0
2000440C
60000000
70000003
F0000000
10014500
20004C0C
60000000
70000002
F0000000
80015000
A0000002
10016800
20000BEC
60000001
70000001
F0000000
10016820
200013EC
60000000
70000003
F0000000
10016840
20001BEC
60000000
70000003
F0000000
10016860
200023EC
60000000
70000003
F0000000
10016880
20002BEC
60000000
70000003
F0000000
100168A0
200033EC
60000000
70000003
F0000000
100168C0
20003BEC
60000000
70000003
F0000000
100168E0
200043EC
60000000
70000003
F0000000
10016900
20004BEC
60000000
70000002
F0000000
80015020
A0000002
10016800
20000C0C
60000001
70000001
F0000000
10016820
2000140C
60000000
70000003
F0000000
10016840
20001C0C
60000000
70000003
F0000000
10016860
2000240C
60000000
70000003
F0000000
10016880
20002C0C
60000000
70000003
F0000000
100168A0
2000340C
60000000
70000003
F0000000
100168C0
20003C0C
60000000
70000003
F0000000
100168E0
2000440C
60000000
70000003
F0000000
10016900
20004C0C
60000000
70000002
F0000000
80015800
A0000002
10018C00
20000BEC
60000001
70000001
F0000000
10018C20
200013EC
60000000
70000003
F0000000
10018C40
20001BEC
60000000
70000003
F0000000
10018C60
200023EC
60000000
70000003
F0000000
10018C80
20002BEC
60000000
70000003
F0000000
10018CA0
200033EC
60000000
70000003
F0000000
10018CC0
20003BEC
60000000
70000003
F0000000
10018CE0
200043EC
60000000
70000003
F0000000
10018D00
20004BEC
60000000
70000002
F0000000
80015820
A0000002
10018C00
20000C0C
60000001
70000001
F0000000
10018C20
2000140C
60000000
70000003
F0000000
10018C40
20001C0C
60000000
70000003
F0000000
10018C60
2000240C
60000000
70000003
F0000000
10018C80
20002C0C
60000000
70000003
F0000000
10018CA0
2000340C
60000000
70000003
F0000000
10018CC0
20003C0C
60000000
70000003
F0000000
10018CE0
2000440C
60000000
70000003
F0000000
10018D00
20004C0C
60000000
70000002
F0000000
80016000
A0000002
1001B000
20000BEC
60000001
70000001
F0000000
1001B020
200013EC
60000000
70000003
F0000000
1001B040
20001BEC
60000000
70000003
F0000000
1001B060
200023EC
60000000
70000003
F0000000
1001B080
20002BEC
60000000
70000003
F0000000
1001B0A0
200033EC
60000000
70000003
F0000000
1001B0C0
20003BEC
60000000
70000003
F0000000
1001B0E0
200043EC
60000000
70000003
F0000000
1001B100
20004BEC
60000000
70000002
F0000000
80016020
A0000002
1001B000
20000C0C
60000001
70000001
F0000000
1001B020
2000140C
60000000
70000003
F0000000
1001B040
20001C0C
60000000
70000003
F0000000
1001B060
2000240C
60000000
70000003
F0000000
1001B080
20002C0C
60000000
70000003
F0000000
1001B0A0
2000340C
60000000
70000003
F0000000
1001B0C0
20003C0C
60000000
70000003
F0000000
1001B0E0
2000440C
60000000
70000003
F0000000
1001B100
20004C0C
60000000
70000002
F0000000
80016800
A0000002
1001D400
20000BEC
60000001
70000001
F0000000
1001D420
200013EC
60000000
70000003
F0000000
1001D440
20001BEC
60000000
70000003
F0000000
1001D460
200023EC
60000000
70000003
F0000000
1001D480
20002BEC
60000000
70000003
F0000000
1001D4A0
200033EC
60000000
70000003
F0000000
1001D4C0
20003BEC
60000000
70000003
F0000000
1001D4E0
200043EC
60000000
70000003
F0000000
1001D500
20004BEC
60000000
70000002
F0000000
80016820
A0000002
1001D400
20000C0C
60000001
70000001
F0000000
1001D420
2000140C
60000000
70000003
F0000000
1001D440
20001C0C
60000000
70000003
F0000000
1001D460
2000240C
60000000
70000003
F0000000
1001D480
20002C0C
60000000
70000003
F0000000
1001D4A0
2000340C
60000000
70000003
F0000000
1001D4C0
20003C0C
60000000
70000003
F0000000
1001D4E0
2000440C
60000000
70000003
F0000000
1001D500
20004C0C
60000000
70000002
F0000000
80017000
A0000002
1001F800
20000BEC
60000001
70000001
F0000000
1001F820
200013EC
60000000
70000003
F0000000
1001F840
20001BEC
60000000
70000003
F0000000
1001F860
200023EC
60000000
70000003
F0000000
1001F880
20002BEC
60000000
70000003
F0000000
1001F8A0
200033EC
60000000
70000003
F0000000
1001F8C0
20003BEC
60000000
70000003
F0000000
1001F8E0
200043EC
60000000
70000003
F0000000
1001F900
20004BEC
60000000
70000002
F0000000
80017020
A0000002
1001F800
20000C0C
60000001
70000001
F0000000
1001F820
2000140C
60000000
70000003
F0000000
1001F840
20001C0C
60000000
70000003
F0000000
1001F860
2000240C
60000000
70000003
F0000000
1001F880
20002C0C
60000000
70000003
F0000000
1001F8A0
2000340C
60000000
70000003
F0000000
1001F8C0
20003C0C
60000000
70000003
F0000000
1001F8E0
2000440C
60000000
70000003
F0000000
1001F900
20004C0C
60000000
70000002
F0000000
80017800
A0000002
10021C00
20000BEC
60000001
70000001
F0000000
10021C20
200013EC
60000000
70000003
F0000000
10021C40
20001BEC
60000000
70000003
F0000000
10021C60
200023EC
60000000
70000003
F0000000
10021C80
20002BEC
60000000
70000003
F0000000
10021CA0
200033EC
60000000
70000003
F0000000
10021CC0
20003BEC
60000000
70000003
F0000000
10021CE0
200043EC
60000000
70000003
F0000000
10021D00
20004BEC
60000000
70000002
F0000000
80017820
A0000002
10021C00
20000C0C
60000001
70000001
F0000000
10021C20
2000140C
60000000
70000003
F0000000
10021C40
20001C0C
60000000
70000003
F0000000
10021C60
2000240C
60000000
70000003
F0000000
10021C80
20002C0C
60000000
70000003
F0000000
10021CA0
2000340C
60000000
70000003
F0000000
10021CC0
20003C0C
60000000
70000003
F0000000
10021CE0
2000440C
60000000
70000003
F0000000
10021D00
20004C0C
60000000
70000002
F0000000
80018000
A0000002
10024000
20000BEC
60000001
70000001
F0000000
10024020
200013EC
60000000
70000003
F0000000
10024040
20001BEC
60000000
70000003
F0000000
10024060
200023EC
60000000
70000003
F0000000
10024080
20002BEC
60000000
70000003
F0000000
100240A0
200033EC
60000000
70000003
F0000000
100240C0
20003BEC
60000000
70000003
F0000000
100240E0
200043EC
60000000
70000003
F0000000
10024100
20004BEC
60000000
70000002
F0000000
80018020
A0000002
10024000
20000C0C
60000001
70000001
F0000000
10024020
2000140C
60000000
70000003
F0000000
10024040
20001C0C
60000000
70000003
F0000000
10024060
2000240C
60000000
70000003
F0000000
10024080
20002C0C
60000000
70000003
F0000000
100240A0
2000340C
60000000
70000003
F0000000
100240C0
20003C0C
60000000
70000003
F0000000
100240E0
2000440C
60000000
70000003
F0000000
10024100
20004C0C
60000000
70000002
F0000000
80018800
A0000002
10026400
20000BEC
60000001
70000001
F0000000
10026420
200013EC
60000000
70000003
F0000000
10026440
20001BEC
60000000
70000003
F0000000
10026460
200023EC
60000000
70000003
F0000000
10026480
20002BEC
60000000
70000003
F0000000
100264A0
200033EC
60000000
70000003
F0000000
100264C0
20003BEC
60000000
70000003
F0000000
100264E0
200043EC
60000000
70000003
F0000000
10026500
20004BEC
60000000
70000002
F0000000
80018820
A0000002
10026400
20000C0C
60000001
70000001
F0000000
10026420
2000140C
60000000
70000003
F0000000
10026440
20001C0C
60000000
70000003
F0000000
10026460
2000240C
60000000
70000003
F0000000
10026480
20002C0C
60000000
70000003
F0000000
100264A0
2000340C
60000000
70000003
F0000000
100264C0
20003C0C
60000000
70000003
F0000000
100264E0
2000440C
60000000
70000003
F0000000
10026500
20004C0C
60000000
70000002
F0000000
80019000
A0000002
10028800
20000BEC
60000001
70000001
F0000000
10028820
200013EC
60000000
70000003
F0000000
10028840
20001BEC
60000000
70000003
F0000000
10028860
200023EC
60000000
70000003
F0000000
10028880
20002BEC
60000000
70000003
F0000000
100288A0
200033EC
60000000
70000003
F0000000
100288C0
20003BEC
60000000
70000003
F0000000
100288E0
200043EC
60000000
70000003
F0000000
10028900
20004BEC
60000000
70000002
F0000000
80019020
A0000002
10028800
20000C0C
60000001
70000001
F0000000
10028820
2000140C
60000000
70000003
F0000000
10028840
20001C0C
60000000
70000003
F0000000
10028860
2000240C
60000000
70000003
F0000000
10028880
20002C0C
60000000
70000003
F0000000
100288A0
2000340C
60000000
70000003
F0000000
100288C0
20003C0C
60000000
70000003
F0000000
100288E0
2000440C
60000000
70000003
F0000000
10028900
20004C0C
60000000
70000002
F0000000
80019800
A0000002
1002AC00
20000BEC
60000001
70000001
F0000000
1002AC20
200013EC
60000000
70000003
F0000000
1002AC40
20001BEC
60000000
70000003
F0000000
1002AC60
200023EC
60000000
70000003
F0000000
1002AC80
20002BEC
60000000
70000003
F0000000
1002ACA0
200033EC
60000000
70000003
F0000000
1002ACC0
20003BEC
60000000
70000003
F0000000
1002ACE0
200043EC
60000000
70000003
F0000000
1002AD00
20004BEC
60000000
70000002
F0000000
80019820
A0000002
1002AC00
20000C0C
60000001
70000001
F0000000
1002AC20
2000140C
60000000
70000003
F0000000
1002AC40
20001C0C
60000000
70000003
F0000000
1002AC60
2000240C
60000000
70000003
F0000000
1002AC80
20002C0C
60000000
70000003
F0000000
1002ACA0
2000340C
60000000
70000003
F0000000
1002ACC0
20003C0C
60000000
70000003
F0000000
1002ACE0
2000440C
60000000
70000003
F0000000
1002AD00
20004C0C
60000000
70000002
F0000000
8001A000
A0000002
1002D000
20000BEC
60000001
70000001
F0000000
1002D020
200013EC
60000000
70000003
F0000000
1002D040
20001BEC
60000000
70000003
F0000000
1002D060
200023EC
60000000
70000003
F0000000
1002D080
20002BEC
60000000
70000003
F0000000
1002D0A0
200033EC
60000000
70000003
F0000000
1002D0C0
20003BEC
60000000
70000003
F0000000
1002D0E0
200043EC
60000000
70000003
F0000000
1002D100
20004BEC
60000000
70000002
F0000000
8001A020
A0000002
1002D000
20000C0C
60000001
70000001
F0000000
1002D020
2000140C
60000000
70000003
F0000000
1002D040
20001C0C
60000000
70000003
F0000000
1002D060
2000240C
60000000
70000003
F0000000
1002D080
20002C0C
60000000
70000003
F0000000
1002D0A0
2000340C
60000000
70000003
F0000000
1002D0C0
20003C0C
60000000
70000003
F0000000
1002D0E0
2000440C
60000000
70000003
F0000000
1002D100
20004C0C
60000000
70000002
F0000000
8001A800
A0000002
1002F400
20000BEC
60000001
70000001
F0000000
1002F420
200013EC
60000000
70000003
F0000000
1002F440
20001BEC
60000000
70000003
F0000000
1002F460
200023EC
60000000
70000003
F0000000
1002F480
20002BEC
60000000
70000003
F0000000
1002F4A0
200033EC
60000000
70000003
F0000000
1002F4C0
20003BEC
60000000
70000003
F0000000
1002F4E0
200043EC
60000000
70000003
F0000000
1002F500
20004BEC
60000000
70000002
F0000000
8001A820
A0000002
1002F400
20000C0C
60000001
70000001
F0000000
1002F420
2000140C
60000000
70000003
F0000000
1002F440
20001C0C
60000000
70000003
F0000000
1002F460
2000240C
60000000
70000003
F0000000
1002F480
20002C0C
60000000
70000003
F0000000
1002F4A0
2000340C
60000000
70000003
F0000000
1002F4C0
20003C0C
60000000
70000003
F0000000
1002F4E0
2000440C
60000000
70000003
F0000000
1002F500
20004C0C
60000000
70000002
F0000000
8001B000
A0000002
10031800
20000BEC
60000001
70000001
F0000000
10031820
200013EC
60000000
70000003
F0000000
10031840
20001BEC
60000000
70000003
F0000000
10031860
200023EC
60000000
70000003
F0000000
10031880
20002BEC
60000000
70000003
F0000000
100318A0
200033EC
60000000
70000003
F0000000
100318C0
20003BEC
60000000
70000003
F0000000
100318E0
200043EC
60000000
70000003
F0000000
10031900
20004BEC
60000000
70000002
F0000000
8001B020
A0000002
10031800
20000C0C
60000001
70000001
F0000000
10031820
2000140C
60000000
70000003
F0000000
10031840
20001C0C
60000000
70000003
F0000000
10031860
2000240C
60000000
70000003
F0000000
10031880
20002C0C
60000000
70000003
F0000000
100318A0
2000340C
60000000
70000003
F0000000
100318C0
20003C0C
60000000
70000003
F0000000
100318E0
2000440C
60000000
70000003
F0000000
10031900
20004C0C
60000000
70000002
F0000000
8001B800
A0000002
10033C00
20000BEC
60000001
70000001
F0000000
10033C20
200013EC
60000000
70000003
F0000000
10033C40
20001BEC
60000000
70000003
F0000000
10033C60
200023EC
60000000
70000003
F0000000
10033C80
20002BEC
60000000
70000003
F0000000
10033CA0
200033EC
60000000
70000003
F0000000
10033CC0
20003BEC
60000000
70000003
F0000000
10033CE0
200043EC
60000000
70000003
F0000000
10033D00
20004BEC
60000000
70000002
F0000000
8001B820
A0000002
10033C00
20000C0C
60000001
70000001
F0000000
10033C20
2000140C
60000000
70000003
F0000000
10033C40
20001C0C
60000000
70000003
F0000000
10033C60
2000240C
60000000
70000003
F0000000
10033C80
20002C0C
60000000
70000003
F0000000
10033CA0
2000340C
60000000
70000003
F0000000
10033CC0
20003C0C
60000000
70000003
F0000000
10033CE0
2000440C
60000000
70000003
F0000000
10033D00
20004C0C
60000000
70000002
F0000000
8001C000
A0000002
10036000
20000BEC
60000001
70000001
F0000000
10036020
200013EC
60000000
70000003
F0000000
10036040
20001BEC
60000000
70000003
F0000000
10036060
200023EC
60000000
70000003
F0000000
10036080
20002BEC
60000000
70000003
F0000000
100360A0
200033EC
60000000
70000003
F0000000
100360C0
20003BEC
60000000
70000003
F0000000
100360E0
200043EC
60000000
70000003
F0000000
10036100
20004BEC
60000000
70000002
F0000000
8001C020
A0000002
10036000
20000C0C
60000001
70000001
F0000000
10036020
2000140C
60000000
70000003
F0000000
10036040
20001C0C
60000000
70000003
F0000000
10036060
2000240C
60000000
70000003
F0000000
10036080
20002C0C
60000000
70000003
F0000000
100360A0
2000340C
60000000
70000003
F0000000
100360C0
20003C0C
60000000
70000003
F0000000
100360E0
2000440C
60000000
70000003
F0000000
10036100
20004C0C
60000000
70000002
F0000000
8001C800
A0000002
10038400
20000BEC
60000001
70000001
F0000000
10038420
200013EC
60000000
70000003
F0000000
10038440
20001BEC
60000000
70000003
F0000000
10038460
200023EC
60000000
70000003
F0000000
10038480
20002BEC
60000000
70000003
F0000000
100384A0
200033EC
60000000
70000003
F0000000
100384C0
20003BEC
60000000
70000003
F0000000
100384E0
200043EC
60000000
70000003
F0000000
10038500
20004BEC
60000000
70000002
F0000000
8001C820
A0000002
10038400
20000C0C
60000001
70000001
F0000000
10038420
2000140C
60000000
70000003
F0000000
10038440
20001C0C
60000000
70000003
F0000000
10038460
2000240C
60000000
70000003
F0000000
10038480
20002C0C
60000000
70000003
F0000000
100384A0
2000340C
60000000
70000003
F0000000
100384C0
20003C0C
60000000
70000003
F0000000
100384E0
2000440C
60000000
70000003
F0000000
10038500
20004C0C
60000000
70000002
F0000000
8001D000
A0000002
1003A800
20000BEC
60000001
70000001
F0000000
1003A820
200013EC
60000000
70000003
F0000000
1003A840
20001BEC
60000000
70000003
F0000000
1003A860
200023EC
60000000
70000003
F0000000
1003A880
20002BEC
60000000
70000003
F0000000
1003A8A0
200033EC
60000000
70000003
F0000000
1003A8C0
20003BEC
60000000
70000003
F0000000
1003A8E0
200043EC
60000000
70000003
F0000000
1003A900
20004BEC
60000000
70000002
F0000000
8001D020
A0000002
1003A800
20000C0C
60000001
70000001
F0000000
1003A820
2000140C
60000000
70000003
F0000000
1003A840
20001C0C
60000000
70000003
F0000000
1003A860
2000240C
60000000
70000003
F0000000
1003A880
20002C0C
60000000
70000003
F0000000
1003A8A0
2000340C
60000000
70000003
F0000000
1003A8C0
20003C0C
60000000
70000003
F0000000
1003A8E0
2000440C
60000000
70000003
F0000000
1003A900
20004C0C
60000000
70000002
F0000000
8001D800
A0000002
1003CC00
20000BEC
60000001
70000001
F0000000
1003CC20
200013EC
60000000
70000003
F0000000
1003CC40
20001BEC
60000000
70000003
F0000000
1003CC60
200023EC
60000000
70000003
F0000000
1003CC80
20002BEC
60000000
70000003
F0000000
1003CCA0
200033EC
60000000
70000003
F0000000
1003CCC0
20003BEC
60000000
70000003
F0000000
1003CCE0
200043EC
60000000
70000003
F0000000
1003CD00
20004BEC
60000000
70000002
F0000000
8001D820
A0000002
1003CC00
20000C0C
60000001
70000001
F0000000
1003CC20
2000140C
60000000
70000003
F0000000
1003CC40
20001C0C
60000000
70000003
F0000000
1003CC60
2000240C
60000000
70000003
F0000000
1003CC80
20002C0C
60000000
70000003
F0000000
1003CCA0
2000340C
60000000
70000003
F0000000
1003CCC0
20003C0C
60000000
70000003
F0000000
1003CCE0
2000440C
60000000
70000003
F0000000
1003CD00
20004C0C
60000000
70000002
F0000000
8001E000
A0000002
1003F000
20000BEC
60000001
70000001
F0000000
1003F020
200013EC
60000000
70000003
F0000000
1003F040
20001BEC
60000000
70000003
F0000000
1003F060
200023EC
60000000
70000003
F0000000
1003F080
20002BEC
60000000
70000003
F0000000
1003F0A0
200033EC
60000000
70000003
F0000000
1003F0C0
20003BEC
60000000
70000003
F0000000
1003F0E0
200043EC
60000000
70000003
F0000000
1003F100
20004BEC
60000000
70000002
F0000000
8001E020
A0000002
1003F000
20000C0C
60000001
70000001
F0000000
1003F020
2000140C
60000000
70000003
F0000000
1003F040
20001C0C
60000000
70000003
F0000000
1003F060
2000240C
60000000
70000003
F0000000
1003F080
20002C0C
60000000
70000003
F0000000
1003F0A0
2000340C
60000000
70000003
F0000000
1003F0C0
20003C0C
60000000
70000003
F0000000
1003F0E0
2000440C
60000000
70000003
F0000000
1003F100
20004C0C
60000000
70000002
F0000000
E0000000
30000020
B059186C
80000000
A0000002
10010000
20001DEC
60000001
70000001
F0000000
10010020
200025EC
60000000
70000002
F0000000
80000020
A0000002
10010000
20001E0C
60000001
70000001
F0000000
10010020
2000260C
60000000
70000002
F0000000
80000800
A0000002
10010800
20001DEC
60000001
70000001
F0000000
10010820
200025EC
60000000
70000002
F0000000
80000820
A0000002
10010800
20001E0C
60000001
70000001
F0000000
10010820
2000260C
60000000
70000002
F0000000
80001000
A0000002
10011000
20001DEC
60000001
70000001
F0000000
10011020
200025EC
60000000
70000002
F0000000
80001020
A0000002
10011000
20001E0C
60000001
70000001
F0000000
10011020
2000260C
60000000
70000002
F0000000
80001800
A0000002
10011800
20001DEC
60000001
70000001
F0000000
10011820
200025EC
60000000
70000002
F0000000
80001820
A0000002
10011800
20001E0C
60000001
70000001
F0000000
10011820
2000260C
60000000
70000002
F0000000
80002000
A0000002
10012000
20001DEC
60000001
70000001
F0000000
10012020
200025EC
60000000
70000002
F0000000
80002020
A0000002
10012000
20001E0C
60000001
70000001
F0000000
10012020
2000260C
60000000
70000002
F0000000
80002800
A0000002
10012800
20001DEC
60000001
70000001
F0000000
10012820
200025EC
60000000
70000002
F0000000
80002820
A0000002
10012800
20001E0C
60000001
70000001
F0000000
10012820
2000260C
60000000
70000002
F0000000
80003000
A0000002
10013000
20001DEC
60000001
70000001
F0000000
10013020
200025EC
60000000
70000002
F0000000
80003020
A0000002
10013000
20001E0C
60000001
70000001
F0000000
10013020
2000260C
60000000
70000002
F0000000
80003800
A0000002
10013800
20001DEC
60000001
70000001
F0000000
10013820
200025EC
60000000
70000002
F0000000
80003820
A0000002
10013800
20001E0C
60000001
70000001
F0000000
10013820
2000260C
60000000
70000002
F0000000
80004000
A0000002
10014000
20001DEC
60000001
70000001
F0000000
10014020
200025EC
60000000
70000002
F0000000
80004020
A0000002
10014000
20001E0C
60000001
70000001
F0000000
10014020
2000260C
60000000
70000002
F0000000
80004800
A0000002
10014800
20001DEC
60000001
70000001
F0000000
10014820
200025EC
60000000
70000002
F0000000
80004820
A0000002
10014800
20001E0C
60000001
70000001
F0000000
10014820
2000260C
60000000
70000002
F0000000
80005000
A0000002
10015000
20001DEC
60000001
70000001
F0000000
10015020
200025EC
60000000
70000002
F0000000
80005020
A0000002
10015000
20001E0C
60000001
70000001
F0000000
10015020
2000260C
60000000
70000002
F0000000
80005800
A0000002
10015800
20001DEC
60000001
70000001
F0000000
10015820
200025EC
60000000
70000002
F0000000
80005820
A0000002
10015800
20001E0C
60000001
70000001
F0000000
10015820
2000260C
60000000
70000002
F0000000
80006000
A0000002
10016000
20001DEC
60000001
70000001
F0000000
10016020
200025EC
60000000
70000002
F0000000
80006020
A0000002
10016000
20001E0C
60000001
70000001
F0000000
10016020
2000260C
60000000
70000002
F0000000
80006800
A0000002
10016800
20001DEC
60000001
70000001
F0000000
10016820
200025EC
60000000
70000002
F0000000
80006820
A0000002
10016800
20001E0C
60000001
70000001
F0000000
10016820
2000260C
60000000
70000002
F0000000
80007000
A0000002
10017000
20001DEC
60000001
70000001
F0000000
10017020
200025EC
60000000
70000002
F0000000
80007020
A0000002
10017000
20001E0C
60000001
70000001
F0000000
10017020
2000260C
60000000
70000002
F0000000
80007800
A0000002
10017800
20001DEC
60000001
70000001
F0000000
10017820
200025EC
60000000
70000002
F0000000
80007820
A0000002
10017800
20001E0C
60000001
70000001
F0000000
10017820
2000260C
60000000
70000002
F0000000
80008000
A0000002
10018000
20001DEC
60000001
70000001
F0000000
10018020
200025EC
60000000
70000002
F0000000
80008020
A0000002
10018000
20001E0C
60000001
70000001
F0000000
10018020
2000260C
60000000
70000002
F0000000
80008800
A0000002
10018800
20001DEC
60000001
70000001
F0000000
10018820
200025EC
60000000
70000002
F0000000
80008820
A0000002
10018800
20001E0C
60000001
70000001
F0000000
10018820
2000260C
60000000
70000002
F0000000
80009000
A0000002
10019000
20001DEC
60000001
70000001
F0000000
10019020
200025EC
60000000
70000002
F0000000
80009020
A0000002
10019000
20001E0C
60000001
70000001
F0000000
10019020
2000260C
60000000
70000002
F0000000
80009800
A0000002
10019800
20001DEC
60000001
70000001
F0000000
10019820
200025EC
60000000
70000002
F0000000
80009820
A0000002
10019800
20001E0C
60000001
70000001
F0000000
10019820
2000260C
60000000
70000002
F0000000
8000A000
A0000002
1001A000
20001DEC
60000001
70000001
F0000000
1001A020
200025EC
60000000
70000002
F0000000
8000A020
A0000002
1001A000
20001E0C
60000001
70000001
F0000000
1001A020
2000260C
60000000
70000002
F0000000
8000A800
A0000002
1001A800
20001DEC
60000001
70000001
F0000000
1001A820
200025EC
60000000
70000002
F0000000
8000A820
A0000002
1001A800
20001E0C
60000001
70000001
F0000000
1001A820
2000260C
60000000
70000002
F0000000
8000B000
A0000002
1001B000
20001DEC
60000001
70000001
F0000000
1001B020
200025EC
60000000
70000002
F0000000
8000B020
A0000002
1001B000
20001E0C
60000001
70000001
F0000000
1001B020
2000260C
60000000
70000002
F0000000
8000B800
A0000002
1001B800
20001DEC
60000001
70000001
F0000000
1001B820
200025EC
60000000
70000002
F0000000
8000B820
A0000002
1001B800
20001E0C
60000001
70000001
F0000000
1001B820
2000260C
60000000
70000002
F0000000
8000C000
A0000002
1001C000
20001DEC
60000001
70000001
F0000000
1001C020
200025EC
60000000
70000002
F0000000
8000C020
A0000002
1001C000
20001E0C
60000001
70000001
F0000000
1001C020
2000260C
60000000
70000002
F0000000
8000C800
A0000002
1001C800
20001DEC
60000001
70000001
F0000000
1001C820
200025EC
60000000
70000002
F0000000
8000C820
A0000002
1001C800
20001E0C
60000001
70000001
F0000000
1001C820
2000260C
60000000
70000002
F0000000
8000D000
A0000002
1001D000
20001DEC
60000001
70000001
F0000000
1001D020
200025EC
60000000
70000002
F0000000
8000D020
A0000002
1001D000
20001E0C
60000001
70000001
F0000000
1001D020
2000260C
60000000
70000002
F0000000
8000D800
A0000002
1001D800
20001DEC
60000001
70000001
F0000000
1001D820
200025EC
60000000
70000002
F0000000
8000D820
A0000002
1001D800
20001E0C
60000001
70000001
F0000000
1001D820
2000260C
60000000
70000002
F0000000
8000E000
A0000002
1001E000
20001DEC
60000001
70000001
F0000000
1001E020
200025EC
60000000
70000002
F0000000
8000E020
A0000002
1001E000
20001E0C
60000001
70000001
F0000000
1001E020
2000260C
60000000
70000002
F0000000
E0000000
30000020
B0D7DDC2
80010000
A0000002
10000000
200021EC
60000001
70000001
F0000000
10000020
200029EC
60000000
70000003
F0000000
10000040
200031EC
60000000
70000003
F0000000
10000060
200039EC
60000000
70000002
F0000000
80010020
A0000002
10000000
2000220C
60000001
70000001
F0000000
10000020
20002A0C
60000000
70000003
F0000000
10000040
2000320C
60000000
70000003
F0000000
10000060
20003A0C
60000000
70000002
F0000000
80010800
A0000002
10001000
200021EC
60000001
70000001
F0000000
10001020
200029EC
60000000
70000003
F0000000
10001040
200031EC
60000000
70000003
F0000000
10001060
200039EC
60000000
70000002
F0000000
80010820
A0000002
10001000
2000220C
60000001
70000001
F0000000
10001020
20002A0C
60000000
70000003
F0000000
10001040
2000320C
60000000
70000003
F0000000
10001060
20003A0C
60000000
70000002
F0000000
80011000
A0000002
10002000
200021EC
60000001
70000001
F0000000
10002020
200029EC
60000000
70000003
F0000000
10002040
200031EC
60000000
70000003
F0000000
10002060
200039EC
60000000
70000002
F0000000
80011020
A0000002
10002000
2000220C
60000001
70000001
F0000000
10002020
20002A0C
60000000
70000003
F0000000
10002040
2000320C
60000000
70000003
F0000000
10002060
20003A0C
60000000
70000002
F0000000
80011800
A0000002
10003000
200021EC
60000001
70000001
F0000000
10003020
200029EC
60000000
70000003
F0000000
10003040
200031EC
60000000
70000003
F0000000
10003060
200039EC
60000000
70000002
F0000000
80011820
A0000002
10003000
2000220C
60000001
70000001
F0000000
10003020
20002A0C
60000000
70000003
F0000000
10003040
2000320C
60000000
70000003
F0000000
10003060
20003A0C
60000000
70000002
F0000000
80012000
A0000002
10004000
200021EC
60000001
70000001
F0000000
10004020
200029EC
60000000
70000003
F0000000
10004040
200031EC
60000000
70000003
F0000000
10004060
200039EC
60000000
70000002
F0000000
80012020
A0000002
10004000
2000220C
60000001
70000001
F0000000
10004020
20002A0C
60000000
70000003
F0000000
10004040
2000320C
60000000
70000003
F0000000
10004060
20003A0C
60000000
70000002
F0000000
80012800
A0000002
10005000
200021EC
60000001
70000001
F0000000
10005020
200029EC
60000000
70000003
F0000000
10005040
200031EC
60000000
70000003
F0000000
10005060
200039EC
60000000
70000002
F0000000
80012820
A0000002
10005000
2000220C
60000001
70000001
F0000000
10005020
20002A0C
60000000
70000003
F0000000
10005040
2000320C
60000000
70000003
F0000000
10005060
20003A0C
60000000
70000002
F0000000
80013000
A0000002
10006000
200021EC
60000001
70000001
F0000000
10006020
200029EC
60000000
70000003
F0000000
10006040
200031EC
60000000
70000003
F0000000
10006060
200039EC
60000000
70000002
F0000000
80013020
A0000002
10006000
2000220C
60000001
70000001
F0000000
10006020
20002A0C
60000000
70000003
F0000000
10006040
2000320C
60000000
70000003
F0000000
10006060
20003A0C
60000000
70000002
F0000000
80013800
A0000002
10007000
200021EC
60000001
70000001
F0000000
10007020
200029EC
60000000
70000003
F0000000
10007040
200031EC
60000000
70000003
F0000000
10007060
200039EC
60000000
70000002
F0000000
80013820
A0000002
10007000
2000220C
60000001
70000001
F0000000
10007020
20002A0C
60000000
70000003
F0000000
10007040
2000320C
60000000
70000003
F0000000
10007060
20003A0C
60000000
70000002
F0000000
80014000
A0000002
10008000
200021EC
60000001
70000001
F0000000
10008020
200029EC
60000000
70000003
F0000000
10008040
200031EC
60000000
70000003
F0000000
10008060
200039EC
60000000
70000002
F0000000
80014020
A0000002
10008000
2000220C
60000001
70000001
F0000000
10008020
20002A0C
60000000
70000003
F0000000
10008040
2000320C
60000000
70000003
F0000000
10008060
20003A0C
60000000
70000002
F0000000
80014800
A0000002
10009000
200021EC
60000001
70000001
F0000000
10009020
200029EC
60000000
70000003
F0000000
10009040
200031EC
60000000
70000003
F0000000
10009060
200039EC
60000000
70000002
F0000000
80014820
A0000002
10009000
2000220C
60000001
70000001
F0000000
10009020
20002A0C
60000000
70000003
F0000000
10009040
2000320C
60000000
70000003
F0000000
10009060
20003A0C
60000000
70000002
F0000000
80015000
A0000002
1000A000
200021EC
60000001
70000001
F0000000
1000A020
200029EC
60000000
70000003
F0000000
1000A040
200031EC
60000000
70000003
F0000000
1000A060
200039EC
60000000
70000002
F0000000
80015020
A0000002
1000A000
2000220C
60000001
70000001
F0000000
1000A020
20002A0C
60000000
70000003
F0000000
1000A040
2000320C
60000000
70000003
F0000000
1000A060
20003A0C
60000000
70000002
F0000000
80015800
A0000002
1000B000
200021EC
60000001
70000001
F0000000
1000B020
200029EC
60000000
70000003
F0000000
1000B040
200031EC
60000000
70000003
F0000000
1000B060
200039EC
60000000
70000002
F0000000
80015820
A0000002
1000B000
2000220C
60000001
70000001
F0000000
1000B020
20002A0C
60000000
70000003
F0000000
1000B040
2000320C
60000000
70000003
F0000000
1000B060
20003A0C
60000000
70000002
F0000000
80016000
A0000002
1000C000
200021EC
60000001
70000001
F0000000
1000C020
200029EC
60000000
70000003
F0000000
1000C040
200031EC
60000000
70000003
F0000000
1000C060
200039EC
60000000
70000002
F0000000
80016020
A0000002
1000C000
2000220C
60000001
70000001
F0000000
1000C020
20002A0C
60000000
70000003
F0000000
1000C040
2000320C
60000000
70000003
F0000000
1000C060
20003A0C
60000000
70000002
F0000000
80016800
A0000002
1000D000
200021EC
60000001
70000001
F0000000
1000D020
200029EC
60000000
70000003
F0000000
1000D040
200031EC
60000000
70000003
F0000000
1000D060
200039EC
60000000
70000002
F0000000
80016820
A0000002
1000D000
2000220C
60000001
70000001
F0000000
1000D020
20002A0C
60000000
70000003
F0000000
1000D040
2000320C
60000000
70000003
F0000000
1000D060
20003A0C
60000000
70000002
F0000000
80017000
A0000002
1000E000
200021EC
60000001
70000001
F0000000
1000E020
200029EC
60000000
70000003
F0000000
1000E040
200031EC
60000000
70000003
F0000000
1000E060
200039EC
60000000
70000002
F0000000
80017020
A0000002
1000E000
2000220C
60000001
70000001
F0000000
1000E020
20002A0C
60000000
70000003
F0000000
1000E040
2000320C
60000000
70000003
F0000000
1000E060
20003A0C
60000000
70000002
F0000000
80017800
A0000002
1000F000
200021EC
60000001
70000001
F0000000
1000F020
200029EC
60000000
70000003
F0000000
1000F040
200031EC
60000000
70000003
F0000000
1000F060
200039EC
60000000
70000002
F0000000
80017820
A0000002
1000F000
2000220C
60000001
70000001
F0000000
1000F020
20002A0C
60000000
70000003
F0000000
1000F040
2000320C
60000000
70000003
F0000000
1000F060
20003A0C
60000000
70000002
F0000000
80018000
A0000002
10010000
200021EC
60000001
70000001
F0000000
10010020
200029EC
60000000
70000003
F0000000
10010040
200031EC
60000000
70000003
F0000000
10010060
200039EC
60000000
70000002
F0000000
80018020
A0000002
10010000
2000220C
60000001
70000001
F0000000
10010020
20002A0C
60000000
70000003
F0000000
10010040
2000320C
60000000
70000003
F0000000
10010060
20003A0C
60000000
70000002
F0000000
80018800
A0000002
10011000
200021EC
60000001
70000001
F0000000
10011020
200029EC
60000000
70000003
F0000000
10011040
200031EC
60000000
70000003
F0000000
10011060
200039EC
60000000
70000002
F0000000
80018820
A0000002
10011000
2000220C
60000001
70000001
F0000000
10011020
20002A0C
60000000
70000003
F0000000
10011040
2000320C
60000000
70000003
F0000000
10011060
20003A0C
60000000
70000002
F0000000
80019000
A0000002
10012000
200021EC
60000001
70000001
F0000000
10012020
200029EC
60000000
70000003
F0000000
10012040
200031EC
60000000
70000003
F0000000
10012060
200039EC
60000000
70000002
F0000000
80019020
A0000002
10012000
2000220C
60000001
70000001
F0000000
10012020
20002A0C
60000000
70000003
F0000000
10012040
2000320C
60000000
70000003
F0000000
10012060
20003A0C
60000000
70000002
F0000000
80019800
A0000002
10013000
200021EC
60000001
70000001
F0000000
10013020
200029EC
60000000
70000003
F0000000
10013040
200031EC
60000000
70000003
F0000000
10013060
200039EC
60000000
70000002
F0000000
80019820
A0000002
10013000
2000220C
60000001
70000001
F0000000
10013020
20002A0C
60000000
70000003
F0000000
10013040
2000320C
60000000
70000003
F0000000
10013060
20003A0C
60000000
70000002
F0000000
8001A000
A0000002
10014000
200021EC
60000001
70000001
F0000000
10014020
200029EC
60000000
70000003
F0000000
10014040
200031EC
60000000
70000003
F0000000
10014060
200039EC
60000000
70000002
F0000000
8001A020
A0000002
10014000
2000220C
60000001
70000001
F0000000
10014020
20002A0C
60000000
70000003
F0000000
10014040
2000320C
60000000
70000003
F0000000
10014060
20003A0C
60000000
70000002
F0000000
8001A800
A0000002
10015000
200021EC
60000001
70000001
F0000000
10015020
200029EC
60000000
70000003
F0000000
10015040
200031EC
60000000
70000003
F0000000
10015060
200039EC
60000000
70000002
F0000000
8001A820
A0000002
10015000
2000220C
60000001
70000001
F0000000
10015020
20002A0C
60000000
70000003
F0000000
10015040
2000320C
60000000
70000003
F0000000
10015060
20003A0C
60000000
70000002
F0000000
8001B000
A0000002
10016000
200021EC
60000001
70000001
F0000000
10016020
200029EC
60000000
70000003
F0000000
10016040
200031EC
60000000
70000003
F0000000
10016060
200039EC
60000000
70000002
F0000000
8001B020
A0000002
10016000
2000220C
60000001
70000001
F0000000
10016020
20002A0C
60000000
70000003
F0000000
10016040
2000320C
60000000
70000003
F0000000
10016060
20003A0C
60000000
70000002
F0000000
8001B800
A0000002
10017000
200021EC
60000001
70000001
F0000000
10017020
200029EC
60000000
70000003
F0000000
10017040
200031EC
60000000
70000003
F0000000
10017060
200039EC
60000000
70000002
F0000000
8001B820
A0000002
10017000
2000220C
60000001
70000001
F0000000
10017020
20002A0C
60000000
70000003
F0000000
10017040
2000320C
60000000
70000003
F0000000
10017060
20003A0C
60000000
70000002
F0000000
8001C000
A0000002
10018000
200021EC
60000001
70000001
F0000000
10018020
200029EC
60000000
70000003
F0000000
10018040
200031EC
60000000
70000003
F0000000
10018060
200039EC
60000000
70000002
F0000000
8001C020
A0000002
10018000
2000220C
60000001
70000001
F0000000
10018020
20002A0C
60000000
70000003
F0000000
10018040
2000320C
60000000
70000003
F0000000
10018060
20003A0C
60000000
70000002
F0000000
8001C800
A0000002
10019000
200021EC
60000001
70000001
F0000000
10019020
200029EC
60000000
70000003
F0000000
10019040
200031EC
60000000
70000003
F0000000
10019060
200039EC
60000000
70000002
F0000000
8001C820
A0000002
10019000
2000220C
60000001
70000001
F0000000
10019020
20002A0C
60000000
70000003
F0000000
10019040
2000320C
60000000
70000003
F0000000
10019060
20003A0C
60000000
70000002
F0000000
8001D000
A0000002
1001A000
200021EC
60000001
70000001
F0000000
1001A020
200029EC
60000000
70000003
F0000000
1001A040
200031EC
60000000
70000003
F0000000
1001A060
200039EC
60000000
70000002
F0000000
8001D020
A0000002
1001A000
2000220C
60000001
70000001
F0000000
1001A020
20002A0C
60000000
70000003
F0000000
1001A040
2000320C
60000000
70000003
F0000000
1001A060
20003A0C
60000000
70000002
F0000000
8001D800
A0000002
1001B000
200021EC
60000001
70000001
F0000000
1001B020
200029EC
60000000
70000003
F0000000
1001B040
200031EC
60000000
70000003
F0000000
1001B060
200039EC
60000000
70000002
F0000000
8001D820
A0000002
1001B000
2000220C
60000001
70000001
F0000000
1001B020
20002A0C
60000000
70000003
F0000000
1001B040
2000320C
60000000
70000003
F0000000
1001B060
20003A0C
60000000
70000002
F0000000
8001E000
A0000002
1001C000
200021EC
60000001
70000001
F0000000
1001C020
200029EC
60000000
70000003
F0000000
1001C040
200031EC
60000000
70000003
F0000000
1001C060
200039EC
60000000
70000002
F0000000
8001E020
A0000002
1001C000
2000220C
60000001
70000001
F0000000
1001C020
20002A0C
60000000
70000003
F0000000
1001C040
2000320C
60000000
70000003
F0000000
1001C060
20003A0C
60000000
70000002
F0000000
E0000000
30000020
B0B9DD4B
80000000
A0000002
10010000
200029EC
60000001
70000001
F0000000
10010020
20002DEC
60000000
70000003
F0000000
10010040
200031EC
60000000
70000003
F0000000
10010060
200035EC
60000000
70000003
F0000000
10010080
200039EC
60000000
70000003
F0000000
100100A0
20003DEC
60000000
70000003
F0000000
100100C0
200041EC
60000000
70000003
F0000000
100100E0
200045EC
60000000
70000003
F0000000
10010100
200049EC
60000000
70000002
F0000000
80000400
A0000002
10012400
200029EC
60000001
70000001
F0000000
10012420
20002DEC
60000000
70000003
F0000000
10012440
200031EC
60000000
70000003
F0000000
10012460
200035EC
60000000
70000003
F0000000
10012480
200039EC
60000000
70000003
F0000000
100124A0
20003DEC
60000000
70000003
F0000000
100124C0
200041EC
60000000
70000003
F0000000
100124E0
200045EC
60000000
70000003
F0000000
10012500
200049EC
60000000
70000002
F0000000
80000800
A0000002
10014800
200029EC
60000001
70000001
F0000000
10014820
20002DEC
60000000
70000003
F0000000
10014840
200031EC
60000000
70000003
F0000000
10014860
200035EC
60000000
70000003
F0000000
10014880
200039EC
60000000
70000003
F0000000
100148A0
20003DEC
60000000
70000003
F0000000
100148C0
200041EC
60000000
70000003
F0000000
100148E0
200045EC
60000000
70000003
F0000000
10014900
200049EC
60000000
70000002
F0000000
80000C00
A0000002
10016C00
200029EC
60000001
70000001
F0000000
10016C20
20002DEC
60000000
70000003
F0000000
10016C40
200031EC
60000000
70000003
F0000000
10016C60
200035EC
60000000
70000003
F0000000
10016C80
200039EC
60000000
70000003
F0000000
10016CA0
20003DEC
60000000
70000003
F0000000
10016CC0
200041EC
60000000
70000003
F0000000
10016CE0
200045EC
60000000
70000003
F0000000
10016D00
200049EC
60000000
70000002
F0000000
80001000
A0000002
10019000
200029EC
60000001
70000001
F0000000
10019020
20002DEC
60000000
70000003
F0000000
10019040
200031EC
60000000
70000003
F0000000
10019060
200035EC
60000000
70000003
F0000000
10019080
200039EC
60000000
70000003
F0000000
100190A0
20003DEC
60000000
70000003
F0000000
100190C0
200041EC
60000000
70000003
F0000000
100190E0
200045EC
60000000
70000003
F0000000
10019100
200049EC
60000000
70000002
F0000000
80001400
A0000002
1001B400
200029EC
60000001
70000001
F0000000
1001B420
20002DEC
60000000
70000003
F0000000
1001B440
200031EC
60000000
70000003
F0000000
1001B460
200035EC
60000000
70000003
F0000000
1001B480
200039EC
60000000
70000003
F0000000
1001B4A0
20003DEC
60000000
70000003
F0000000
1001B4C0
200041EC
60000000
70000003
F0000000
1001B4E0
200045EC
60000000
70000003
F0000000
1001B500
200049EC
60000000
70000002
F0000000
80001800
A0000002
1001D800
200029EC
60000001
70000001
F0000000
1001D820
20002DEC
60000000
70000003
F0000000
1001D840
200031EC
60000000
70000003
F0000000
1001D860
200035EC
60000000
70000003
F0000000
1001D880
200039EC
60000000
70000003
F0000000
1001D8A0
20003DEC
60000000
70000003
F0000000
1001D8C0
200041EC
60000000
70000003
F0000000
1001D8E0
200045EC
60000000
70000003
F0000000
1001D900
200049EC
60000000
70000002
F0000000
80001C00
A0000002
1001FC00
200029EC
60000001
70000001
F0000000
1001FC20
20002DEC
60000000
70000003
F0000000
1001FC40
200031EC
60000000
70000003
F0000000
1001FC60
200035EC
60000000
70000003
F0000000
1001FC80
200039EC
60000000
70000003
F0000000
1001FCA0
20003DEC
60000000
70000003
F0000000
1001FCC0
200041EC
60000000
70000003
F0000000
1001FCE0
200045EC
60000000
70000003
F0000000
1001FD00
200049EC
60000000
70000002
F0000000
80002000
A0000002
10022000
200029EC
60000001
70000001
F0000000
10022020
20002DEC
60000000
70000003
F0000000
10022040
200031EC
60000000
70000003
F0000000
10022060
200035EC
60000000
70000003
F0000000
10022080
200039EC
60000000
70000003
F0000000
100220A0
20003DEC
60000000
70000003
F0000000
100220C0
200041EC
60000000
70000003
F0000000
100220E0
200045EC
60000000
70000003
F0000000
10022100
200049EC
60000000
70000002
F0000000
80002400
A0000002
10024400
200029EC
60000001
70000001
F0000000
10024420
20002DEC
60000000
70000003
F0000000
10024440
200031EC
60000000
70000003
F0000000
10024460
200035EC
60000000
70000003
F0000000
10024480
200039EC
60000000
70000003
F0000000
100244A0
20003DEC
60000000
70000003
F0000000
100244C0
200041EC
60000000
70000003
F0000000
100244E0
200045EC
60000000
70000003
F0000000
10024500
200049EC
60000000
70000002
F0000000
80002800
A0000002
10026800
200029EC
60000001
70000001
F0000000
10026820
20002DEC
60000000
70000003
F0000000
10026840
200031EC
60000000
70000003
F0000000
10026860
200035EC
60000000
70000003
F0000000
10026880
200039EC
60000000
70000003
F0000000
100268A0
20003DEC
60000000
70000003
F0000000
100268C0
200041EC
60000000
70000003
F0000000
100268E0
200045EC
60000000
70000003
F0000000
10026900
200049EC
60000000
70000002
F0000000
80002C00
A0000002
10028C00
200029EC
60000001
70000001
F0000000
10028C20
20002DEC
60000000
70000003
F0000000
10028C40
200031EC
60000000
70000003
F0000000
10028C60
200035EC
60000000
70000003
F0000000
10028C80
200039EC
60000000
70000003
F0000000
10028CA0
20003DEC
60000000
70000003
F0000000
10028CC0
200041EC
60000000
70000003
F0000000
10028CE0
200045EC
60000000
70000003
F0000000
10028D00
200049EC
60000000
70000002
F0000000
80003000
A0000002
1002B000
200029EC
60000001
70000001
F0000000
1002B020
20002DEC
60000000
70000003
F0000000
1002B040
200031EC
60000000
70000003
F0000000
1002B060
200035EC
60000000
70000003
F0000000
1002B080
200039EC
60000000
70000003
F0000000
1002B0A0
20003DEC
60000000
70000003
F0000000
1002B0C0
200041EC
60000000
70000003
F0000000
1002B0E0
200045EC
60000000
70000003
F0000000
1002B100
200049EC
60000000
70000002
F0000000
80003400
A0000002
1002D400
200029EC
60000001
70000001
F0000000
1002D420
20002DEC
60000000
70000003
F0000000
1002D440
200031EC
60000000
70000003
F0000000
1002D460
200035EC
60000000
70000003
F0000000
1002D480
200039EC
60000000
70000003
F0000000
1002D4A0
20003DEC
60000000
70000003
F0000000
1002D4C0
200041EC
60000000
70000003
F0000000
1002D4E0
200045EC
60000000
70000003
F0000000
1002D500
200049EC
60000000
70000002
F0000000
80003800
A0000002
1002F800
200029EC
60000001
70000001
F0000000
1002F820
20002DEC
60000000
70000003
F0000000
1002F840
200031EC
60000000
70000003
F0000000
1002F860
200035EC
60000000
70000003
F0000000
1002F880
200039EC
60000000
70000003
F0000000
1002F8A0
20003DEC
60000000
70000003
F0000000
1002F8C0
200041EC
60000000
70000003
F0000000
1002F8E0
200045EC
60000000
70000003
F0000000
1002F900
200049EC
60000000
70000002
F0000000
80003C00
A0000002
10031C00
200029EC
60000001
70000001
F0000000
10031C20
20002DEC
60000000
70000003
F0000000
10031C40
200031EC
60000000
70000003
F0000000
10031C60
200035EC
60000000
70000003
F0000000
10031C80
200039EC
60000000
70000003
F0000000
10031CA0
20003DEC
60000000
70000003
F0000000
10031CC0
200041EC
60000000
70000003
F0000000
10031CE0
200045EC
60000000
70000003
F0000000
10031D00
200049EC
60000000
70000002
F0000000
80004000
A0000002
10034000
200029EC
60000001
70000001
F0000000
10034020
20002DEC
60000000
70000003
F0000000
10034040
200031EC
60000000
70000003
F0000000
10034060
200035EC
60000000
70000003
F0000000
10034080
200039EC
60000000
70000003
F0000000
100340A0
20003DEC
60000000
70000003
F0000000
100340C0
200041EC
60000000
70000003
F0000000
100340E0
200045EC
60000000
70000003
F0000000
10034100
200049EC
60000000
70000002
F0000000
80004400
A0000002
10036400
200029EC
60000001
70000001
F0000000
10036420
20002DEC
60000000
70000003
F0000000
10036440
200031EC
60000000
70000003
F0000000
10036460
200035EC
60000000
70000003
F0000000
10036480
200039EC
60000000
70000003
F0000000
100364A0
20003DEC
60000000
70000003
F0000000
100364C0
200041EC
60000000
70000003
F0000000
100364E0
200045EC
60000000
70000003
F0000000
10036500
200049EC
60000000
70000002
F0000000
80004800
A0000002
10038800
200029EC
60000001
70000001
F0000000
10038820
20002DEC
60000000
70000003
F0000000
10038840
200031EC
60000000
70000003
F0000000
10038860
200035EC
60000000
70000003
F0000000
10038880
200039EC
60000000
70000003
F0000000
100388A0
20003DEC
60000000
70000003
F0000000
100388C0
200041EC
60000000
70000003
F0000000
100388E0
200045EC
60000000
70000003
F0000000
10038900
200049EC
60000000
70000002
F0000000
80004C00
A0000002
1003AC00
200029EC
60000001
70000001
F0000000
1003AC20
20002DEC
60000000
70000003
F0000000
1003AC40
200031EC
60000000
70000003
F0000000
1003AC60
200035EC
60000000
70000003
F0000000
1003AC80
200039EC
60000000
70000003
F0000000
1003ACA0
20003DEC
60000000
70000003
F0000000
1003ACC0
200041EC
60000000
70000003
F0000000
1003ACE0
200045EC
60000000
70000003
F0000000
1003AD00
200049EC
60000000
70000002
F0000000
80005000
A0000002
1003D000
200029EC
60000001
70000001
F0000000
1003D020
20002DEC
60000000
70000003
F0000000
1003D040
200031EC
60000000
70000003
F0000000
1003D060
200035EC
60000000
70000003
F0000000
1003D080
200039EC
60000000
70000003
F0000000
1003D0A0
20003DEC
60000000
70000003
F0000000
1003D0C0
200041EC
60000000
70000003
F0000000
1003D0E0
200045EC
60000000
70000003
F0000000
1003D100
200049EC
60000000
70000002
F0000000
80005400
A0000002
1003F400
200029EC
60000001
70000001
F0000000
1003F420
20002DEC
60000000
70000003
F0000000
1003F440
200031EC
60000000
70000003
F0000000
1003F460
200035EC
60000000
70000003
F0000000
1003F480
200039EC
60000000
70000003
F0000000
1003F4A0
20003DEC
60000000
70000003
F0000000
1003F4C0
200041EC
60000000
70000003
F0000000
1003F4E0
200045EC
60000000
70000003
F0000000
1003F500
200049EC
60000000
70000002
F0000000
80005800
A0000002
10041800
200029EC
60000001
70000001
F0000000
10041820
20002DEC
60000000
70000003
F0000000
10041840
200031EC
60000000
70000003
F0000000
10041860
200035EC
60000000
70000003
F0000000
10041880
200039EC
60000000
70000003
F0000000
100418A0
20003DEC
60000000
70000003
F0000000
100418C0
200041EC
60000000
70000003
F0000000
100418E0
200045EC
60000000
70000003
F0000000
10041900
200049EC
60000000
70000002
F0000000
80005C00
A0000002
10043C00
200029EC
60000001
70000001
F0000000
10043C20
20002DEC
60000000
70000003
F0000000
10043C40
200031EC
60000000
70000003
F0000000
10043C60
200035EC
60000000
70000003
F0000000
10043C80
200039EC
60000000
70000003
F0000000
10043CA0
20003DEC
60000000
70000003
F0000000
10043CC0
200041EC
60000000
70000003
F0000000
10043CE0
200045EC
60000000
70000003
F0000000
10043D00
200049EC
60000000
70000002
F0000000
80006000
A0000002
10046000
200029EC
60000001
70000001
F0000000
10046020
20002DEC
60000000
70000003
F0000000
10046040
200031EC
60000000
70000003
F0000000
10046060
200035EC
60000000
70000003
F0000000
10046080
200039EC
60000000
70000003
F0000000
100460A0
20003DEC
60000000
70000003
F0000000
100460C0
200041EC
60000000
70000003
F0000000
100460E0
200045EC
60000000
70000003
F0000000
10046100
200049EC
60000000
70000002
F0000000
80006400
A0000002
10048400
200029EC
60000001
70000001
F0000000
10048420
20002DEC
60000000
70000003
F0000000
10048440
200031EC
60000000
70000003
F0000000
10048460
200035EC
60000000
70000003
F0000000
10048480
200039EC
60000000
70000003
F0000000
100484A0
20003DEC
60000000
70000003
F0000000
100484C0
200041EC
60000000
70000003
F0000000
100484E0
200045EC
60000000
70000003
F0000000
10048500
200049EC
60000000
70000002
F0000000
80006800
A0000002
1004A800
200029EC
60000001
70000001
F0000000
1004A820
20002DEC
60000000
70000003
F0000000
1004A840
200031EC
60000000
70000003
F0000000
1004A860
200035EC
60000000
70000003
F0000000
1004A880
200039EC
60000000
70000003
F0000000
1004A8A0
20003DEC
60000000
70000003
F0000000
1004A8C0
200041EC
60000000
70000003
F0000000
1004A8E0
200045EC
60000000
70000003
F0000000
1004A900
200049EC
60000000
70000002
F0000000
80006C00
A0000002
1004CC00
200029EC
60000001
70000001
F0000000
1004CC20
20002DEC
60000000
70000003
F0000000
1004CC40
200031EC
60000000
70000003
F0000000
1004CC60
200035EC
60000000
70000003
F0000000
1004CC80
200039EC
60000000
70000003
F0000000
1004CCA0
20003DEC
60000000
70000003
F0000000
1004CCC0
200041EC
60000000
70000003
F0000000
1004CCE0
200045EC
60000000
70000003
F0000000
1004CD00
200049EC
60000000
70000002
F0000000
80007000
A0000002
1004F000
200029EC
60000001
70000001
F0000000
1004F020
20002DEC
60000000
70000003
F0000000
1004F040
200031EC
60000000
70000003
F0000000
1004F060
200035EC
60000000
70000003
F0000000
1004F080
200039EC
60000000
70000003
F0000000
1004F0A0
20003DEC
60000000
70000003
F0000000
1004F0C0
200041EC
60000000
70000003
F0000000
1004F0E0
200045EC
60000000
70000003
F0000000
1004F100
200049EC
60000000
70000002
F0000000
E0000000
30000020
B0CE7CBA
80010000
A0000002
10000000
200032EC
60000001
70000001
F0000000
10000020
200036EC
60000000
70000003
F0000000
10000040
20003AEC
60000000
70000003
F0000000
10000060
20003EEC
60000000
70000003
F0000000
10000080
200042EC
60000000
70000003
F0000000
100000A0
200046EC
60000000
70000003
F0000000
100000C0
20004AEC
60000000
70000003
F0000000
100000E0
20004EEC
60000000
70000003
F0000000
10000100
200052EC
60000000
70000002
F0000000
80010400
A0000002
10002400
200032EC
60000001
70000001
F0000000
10002420
200036EC
60000000
70000003
F0000000
10002440
20003AEC
60000000
70000003
F0000000
10002460
20003EEC
60000000
70000003
F0000000
10002480
200042EC
60000000
70000003
F0000000
100024A0
200046EC
60000000
70000003
F0000000
100024C0
20004AEC
60000000
70000003
F0000000
100024E0
20004EEC
60000000
70000003
F0000000
10002500
200052EC
60000000
70000002
F0000000
80010800
A0000002
10004800
200032EC
60000001
70000001
F0000000
10004820
200036EC
60000000
70000003
F0000000
10004840
20003AEC
60000000
70000003
F0000000
10004860
20003EEC
60000000
70000003
F0000000
10004880
200042EC
60000000
70000003
F0000000
100048A0
200046EC
60000000
70000003
F0000000
100048C0
20004AEC
60000000
70000003
F0000000
100048E0
20004EEC
60000000
70000003
F0000000
10004900
200052EC
60000000
70000002
F0000000
80010C00
A0000002
10006C00
200032EC
60000001
70000001
F0000000
10006C20
200036EC
60000000
70000003
F0000000
10006C40
20003AEC
60000000
70000003
F0000000
10006C60
20003EEC
60000000
70000003
F0000000
10006C80
200042EC
60000000
70000003
F0000000
10006CA0
200046EC
60000000
70000003
F0000000
10006CC0
20004AEC
60000000
70000003
F0000000
10006CE0
20004EEC
60000000
70000003
F0000000
10006D00
200052EC
60000000
70000002
F0000000
80011000
A0000002
10009000
200032EC
60000001
70000001
F0000000
10009020
200036EC
60000000
70000003
F0000000
10009040
20003AEC
60000000
70000003
F0000000
10009060
20003EEC
60000000
70000003
F0000000
10009080
200042EC
60000000
70000003
F0000000
100090A0
200046EC
60000000
70000003
F0000000
100090C0
20004AEC
60000000
70000003
F0000000
100090E0
20004EEC
60000000
70000003
F0000000
10009100
200052EC
60000000
70000002
F0000000
80011400
A0000002
1000B400
200032EC
60000001
70000001
F0000000
1000B420
200036EC
60000000
70000003
F0000000
1000B440
20003AEC
60000000
70000003
F0000000
1000B460
20003EEC
60000000
70000003
F0000000
1000B480
200042EC
60000000
70000003
F0000000
1000B4A0
200046EC
60000000
70000003
F0000000
1000B4C0
20004AEC
60000000
70000003
F0000000
1000B4E0
20004EEC
60000000
70000003
F0000000
1000B500
200052EC
60000000
70000002
F0000000
80011800
A0000002
1000D800
200032EC
60000001
70000001
F0000000
1000D820
200036EC
60000000
70000003
F0000000
1000D840
20003AEC
60000000
70000003
F0000000
1000D860
20003EEC
60000000
70000003
F0000000
1000D880
200042EC
60000000
70000003
F0000000
1000D8A0
200046EC
60000000
70000003
F0000000
1000D8C0
20004AEC
60000000
70000003
F0000000
1000D8E0
20004EEC
60000000
70000003
F0000000
1000D900
200052EC
60000000
70000002
F0000000
80011C00
A0000002
1000FC00
200032EC
60000001
70000001
F0000000
1000FC20
200036EC
60000000
70000003
F0000000
1000FC40
20003AEC
60000000
70000003
F0000000
1000FC60
20003EEC
60000000
70000003
F0000000
1000FC80
200042EC
60000000
70000003
F0000000
1000FCA0
200046EC
60000000
70000003
F0000000
1000FCC0
20004AEC
60000000
70000003
F0000000
1000FCE0
20004EEC
60000000
70000003
F0000000
1000FD00
200052EC
60000000
70000002
F0000000
80012000
A0000002
10012000
200032EC
60000001
70000001
F0000000
10012020
200036EC
60000000
70000003
F0000000
10012040
20003AEC
60000000
70000003
F0000000
10012060
20003EEC
60000000
70000003
F0000000
10012080
200042EC
60000000
70000003
F0000000
100120A0
200046EC
60000000
70000003
F0000000
100120C0
20004AEC
60000000
70000003
F0000000
100120E0
20004EEC
60000000
70000003
F0000000
10012100
200052EC
60000000
70000002
F0000000
80012400
A0000002
10014400
200032EC
60000001
70000001
F0000000
10014420
200036EC
60000000
70000003
F0000000
10014440
20003AEC
60000000
70000003
F0000000
10014460
20003EEC
60000000
70000003
F0000000
10014480
200042EC
60000000
70000003
F0000000
100144A0
200046EC
60000000
70000003
F0000000
100144C0
20004AEC
60000000
70000003
F0000000
100144E0
20004EEC
60000000
70000003
F0000000
10014500
200052EC
60000000
70000002
F0000000
80012800
A0000002
10016800
200032EC
60000001
70000001
F0000000
10016820
200036EC
60000000
70000003
F0000000
10016840
20003AEC
60000000
70000003
F0000000
10016860
20003EEC
60000000
70000003
F0000000
10016880
200042EC
60000000
70000003
F0000000
100168A0
200046EC
60000000
70000003
F0000000
100168C0
20004AEC
60000000
70000003
F0000000
100168E0
20004EEC
60000000
70000003
F0000000
10016900
200052EC
60000000
70000002
F0000000
80012C00
A0000002
10018C00
200032EC
60000001
70000001
F0000000
10018C20
200036EC
60000000
70000003
F0000000
10018C40
20003AEC
60000000
70000003
F0000000
10018C60
20003EEC
60000000
70000003
F0000000
10018C80
200042EC
60000000
70000003
F0000000
10018CA0
200046EC
60000000
70000003
F0000000
10018CC0
20004AEC
60000000
70000003
F0000000
10018CE0
20004EEC
60000000
70000003
F0000000
10018D00
200052EC
60000000
70000002
F0000000
80013000
A0000002
1001B000
200032EC
60000001
70000001
F0000000
1001B020
200036EC
60000000
70000003
F0000000
1001B040
20003AEC
60000000
70000003
F0000000
1001B060
20003EEC
60000000
70000003
F0000000
1001B080
200042EC
60000000
70000003
F0000000
1001B0A0
200046EC
60000000
70000003
F0000000
1001B0C0
20004AEC
60000000
70000003
F0000000
1001B0E0
20004EEC
60000000
70000003
F0000000
1001B100
200052EC
60000000
70000002
F0000000
80013400
A0000002
1001D400
200032EC
60000001
70000001
F0000000
1001D420
200036EC
60000000
70000003
F0000000
1001D440
20003AEC
60000000
70000003
F0000000
1001D460
20003EEC
60000000
70000003
F0000000
1001D480
200042EC
60000000
70000003
F0000000
1001D4A0
200046EC
60000000
70000003
F0000000
1001D4C0
20004AEC
60000000
70000003
F0000000
1001D4E0
20004EEC
60000000
70000003
F0000000
1001D500
200052EC
60000000
70000002
F0000000
80013800
A0000002
1001F800
200032EC
60000001
70000001
F0000000
1001F820
200036EC
60000000
70000003
F0000000
1001F840
20003AEC
60000000
70000003
F0000000
1001F860
20003EEC
60000000
70000003
F0000000
1001F880
200042EC
60000000
70000003
F0000000
1001F8A0
200046EC
60000000
70000003
F0000000
1001F8C0
20004AEC
60000000
70000003
F0000000
1001F8E0
20004EEC
60000000
70000003
F0000000
1001F900
200052EC
60000000
70000002
F0000000
80013C00
A0000002
10021C00
200032EC
60000001
70000001
F0000000
10021C20
200036EC
60000000
70000003
F0000000
10021C40
20003AEC
60000000
70000003
F0000000
10021C60
20003EEC
60000000
70000003
F0000000
10021C80
200042EC
60000000
70000003
F0000000
10021CA0
200046EC
60000000
70000003
F0000000
10021CC0
20004AEC
60000000
70000003
F0000000
10021CE0
20004EEC
60000000
70000003
F0000000
10021D00
200052EC
60000000
70000002
F0000000
80014000
A0000002
10024000
200032EC
60000001
70000001
F0000000
10024020
200036EC
60000000
70000003
F0000000
10024040
20003AEC
60000000
70000003
F0000000
10024060
20003EEC
60000000
70000003
F0000000
10024080
200042EC
60000000
70000003
F0000000
100240A0
200046EC
60000000
70000003
F0000000
100240C0
20004AEC
60000000
70000003
F0000000
100240E0
20004EEC
60000000
70000003
F0000000
10024100
200052EC
60000000
70000002
F0000000
80014400
A0000002
10026400
200032EC
60000001
70000001
F0000000
10026420
200036EC
60000000
70000003
F0000000
10026440
20003AEC
60000000
70000003
F0000000
10026460
20003EEC
60000000
70000003
F0000000
10026480
200042EC
60000000
70000003
F0000000
100264A0
200046EC
60000000
70000003
F0000000
100264C0
20004AEC
60000000
70000003
F0000000
100264E0
20004EEC
60000000
70000003
F0000000
10026500
200052EC
60000000
70000002
F0000000
80014800
A0000002
10028800
200032EC
60000001
70000001
F0000000
10028820
200036EC
60000000
70000003
F0000000
10028840
20003AEC
60000000
70000003
F0000000
10028860
20003EEC
60000000
70000003
F0000000
10028880
200042EC
60000000
70000003
F0000000
100288A0
200046EC
60000000
70000003
F0000000
100288C0
20004AEC
60000000
70000003
F0000000
100288E0
20004EEC
60000000
70000003
F0000000
10028900
200052EC
60000000
70000002
F0000000
80014C00
A0000002
1002AC00
200032EC
60000001
70000001
F0000000
1002AC20
200036EC
60000000
70000003
F0000000
1002AC40
20003AEC
60000000
70000003
F0000000
1002AC60
20003EEC
60000000
70000003
F0000000
1002AC80
200042EC
60000000
70000003
F0000000
1002ACA0
200046EC
60000000
70000003
F0000000
1002ACC0
20004AEC
60000000
70000003
F0000000
1002ACE0
20004EEC
60000000
70000003
F0000000
1002AD00
200052EC
60000000
70000002
F0000000
80015000
A0000002
1002D000
200032EC
60000001
70000001
F0000000
1002D020
200036EC
60000000
70000003
F0000000
1002D040
20003AEC
60000000
70000003
F0000000
1002D060
20003EEC
60000000
70000003
F0000000
1002D080
200042EC
60000000
70000003
F0000000
1002D0A0
200046EC
60000000
70000003
F0000000
1002D0C0
20004AEC
60000000
70000003
F0000000
1002D0E0
20004EEC
60000000
70000003
F0000000
1002D100
200052EC
60000000
70000002
F0000000
80015400
A0000002
1002F400
200032EC
60000001
70000001
F0000000
1002F420
200036EC
60000000
70000003
F0000000
1002F440
20003AEC
60000000
70000003
F0000000
1002F460
20003EEC
60000000
70000003
F0000000
1002F480
200042EC
60000000
70000003
F0000000
1002F4A0
200046EC
60000000
70000003
F0000000
1002F4C0
20004AEC
60000000
70000003
F0000000
1002F4E0
20004EEC
60000000
70000003
F0000000
1002F500
200052EC
60000000
70000002
F0000000
80015800
A0000002
10031800
200032EC
60000001
70000001
F0000000
10031820
200036EC
60000000
70000003
F0000000
10031840
20003AEC
60000000
70000003
F0000000
10031860
20003EEC
60000000
70000003
F0000000
10031880
200042EC
60000000
70000003
F0000000
100318A0
200046EC
60000000
70000003
F0000000
100318C0
20004AEC
60000000
70000003
F0000000
100318E0
20004EEC
60000000
70000003
F0000000
10031900
200052EC
60000000
70000002
F0000000
80015C00
A0000002
10033C00
200032EC
60000001
70000001
F0000000
10033C20
200036EC
60000000
70000003
F0000000
10033C40
20003AEC
60000000
70000003
F0000000
10033C60
20003EEC
60000000
70000003
F0000000
10033C80
200042EC
60000000
70000003
F0000000
10033CA0
200046EC
60000000
70000003
F0000000
10033CC0
20004AEC
60000000
70000003
F0000000
10033CE0
20004EEC
60000000
70000003
F0000000
10033D00
200052EC
60000000
70000002
F0000000
80016000
A0000002
10036000
200032EC
60000001
70000001
F0000000
10036020
200036EC
60000000
70000003
F0000000
10036040
20003AEC
60000000
70000003
F0000000
10036060
20003EEC
60000000
70000003
F0000000
10036080
200042EC
60000000
70000003
F0000000
100360A0
200046EC
60000000
70000003
F0000000
100360C0
20004AEC
60000000
70000003
F0000000
100360E0
20004EEC
60000000
70000003
F0000000
10036100
200052EC
60000000
70000002
F0000000
80016400
A0000002
10038400
200032EC
60000001
70000001
F0000000
10038420
200036EC
60000000
70000003
F0000000
10038440
20003AEC
60000000
70000003
F0000000
10038460
20003EEC
60000000
70000003
F0000000
10038480
200042EC
60000000
70000003
F0000000
100384A0
200046EC
60000000
70000003
F0000000
100384C0
20004AEC
60000000
70000003
F0000000
100384E0
20004EEC
60000000
70000003
F0000000
10038500
200052EC
60000000
70000002
F0000000
80016800
A0000002
1003A800
200032EC
60000001
70000001
F0000000
1003A820
200036EC
60000000
70000003
F0000000
1003A840
20003AEC
60000000
70000003
F0000000
1003A860
20003EEC
60000000
70000003
F0000000
1003A880
200042EC
60000000
70000003
F0000000
1003A8A0
200046EC
60000000
70000003
F0000000
1003A8C0
20004AEC
60000000
70000003
F0000000
1003A8E0
20004EEC
60000000
70000003
F0000000
1003A900
200052EC
60000000
70000002
F0000000
80016C00
A0000002
1003CC00
200032EC
60000001
70000001
F0000000
1003CC20
200036EC
60000000
70000003
F0000000
1003CC40
20003AEC
60000000
70000003
F0000000
1003CC60
20003EEC
60000000
70000003
F0000000
1003CC80
200042EC
60000000
70000003
F0000000
1003CCA0
200046EC
60000000
70000003
F0000000
1003CCC0
20004AEC
60000000
70000003
F0000000
1003CCE0
20004EEC
60000000
70000003
F0000000
1003CD00
200052EC
60000000
70000002
F0000000
80017000
A0000002
1003F000
200032EC
60000001
70000001
F0000000
1003F020
200036EC
60000000
70000003
F0000000
1003F040
20003AEC
60000000
70000003
F0000000
1003F060
20003EEC
60000000
70000003
F0000000
1003F080
200042EC
60000000
70000003
F0000000
1003F0A0
200046EC
60000000
70000003
F0000000
1003F0C0
20004AEC
60000000
70000003
F0000000
1003F0E0
20004EEC
60000000
70000003
F0000000
1003F100
200052EC
60000000
70000002
F0000000
E0000000
30000020
B1063CDA
80000000
A0000002
10010000
20003BEC
60000001
70000001
F0000000
10010020
20003FEC
60000000
70000003
F0000000
10010040
200043EC
60000000
70000003
F0000000
10010060
200047EC
60000000
70000003
F0000000
10010080
20004BEC
60000000
70000003
F0000000
100100A0
20004FEC
60000000
70000003
F0000000
100100C0
200053EC
60000000
70000003
F0000000
100100E0
200057EC
60000000
70000003
F0000000
10010100
20005BEC
60000000
70000002
F0000000
80000400
A0000002
10012400
20003BEC
60000001
70000001
F0000000
10012420
20003FEC
60000000
70000003
F0000000
10012440
200043EC
60000000
70000003
F0000000
10012460
200047EC
60000000
70000003
F0000000
10012480
20004BEC
60000000
70000003
F0000000
100124A0
20004FEC
60000000
70000003
F0000000
100124C0
200053EC
60000000
70000003
F0000000
100124E0
200057EC
60000000
70000003
F0000000
10012500
20005BEC
60000000
70000002
F0000000
80000800
A0000002
10014800
20003BEC
60000001
70000001
F0000000
10014820
20003FEC
60000000
70000003
F0000000
10014840
200043EC
60000000
70000003
F0000000
10014860
200047EC
60000000
70000003
F0000000
10014880
20004BEC
60000000
70000003
F0000000
100148A0
20004FEC
60000000
70000003
F0000000
100148C0
200053EC
60000000
70000003
F0000000
100148E0
200057EC
60000000
70000003
F0000000
10014900
20005BEC
60000000
70000002
F0000000
80000C00
A0000002
10016C00
20003BEC
60000001
70000001
F0000000
10016C20
20003FEC
60000000
70000003
F0000000
10016C40
200043EC
60000000
70000003
F0000000
10016C60
200047EC
60000000
70000003
F0000000
10016C80
20004BEC
60000000
70000003
F0000000
10016CA0
20004FEC
60000000
70000003
F0000000
10016CC0
200053EC
60000000
70000003
F0000000
10016CE0
200057EC
60000000
70000003
F0000000
10016D00
20005BEC
60000000
70000002
F0000000
80001000
A0000002
10019000
20003BEC
60000001
70000001
F0000000
10019020
20003FEC
60000000
70000003
F0000000
10019040
200043EC
60000000
70000003
F0000000
10019060
200047EC
60000000
70000003
F0000000
10019080
20004BEC
60000000
70000003
F0000000
100190A0
20004FEC
60000000
70000003
F0000000
100190C0
200053EC
60000000
70000003
F0000000
100190E0
200057EC
60000000
70000003
F0000000
10019100
20005BEC
60000000
70000002
F0000000
80001400
A0000002
1001B400
20003BEC
60000001
70000001
F0000000
1001B420
20003FEC
60000000
70000003
F0000000
1001B440
200043EC
60000000
70000003
F0000000
1001B460
200047EC
60000000
70000003
F0000000
1001B480
20004BEC
60000000
70000003
F0000000
1001B4A0
20004FEC
60000000
70000003
F0000000
1001B4C0
200053EC
60000000
70000003
F0000000
1001B4E0
200057EC
60000000
70000003
F0000000
1001B500
20005BEC
60000000
70000002
F0000000
80001800
A0000002
1001D800
20003BEC
60000001
70000001
F0000000
1001D820
20003FEC
60000000
70000003
F0000000
1001D840
200043EC
60000000
70000003
F0000000
1001D860
200047EC
60000000
70000003
F0000000
1001D880
20004BEC
60000000
70000003
F0000000
1001D8A0
20004FEC
60000000
70000003
F0000000
1001D8C0
200053EC
60000000
70000003
F0000000
1001D8E0
200057EC
60000000
70000003
F0000000
1001D900
20005BEC
60000000
70000002
F0000000
80001C00
A0000002
1001FC00
20003BEC
60000001
70000001
F0000000
1001FC20
20003FEC
60000000
70000003
F0000000
1001FC40
200043EC
60000000
70000003
F0000000
1001FC60
200047EC
60000000
70000003
F0000000
1001FC80
20004BEC
60000000
70000003
F0000000
1001FCA0
20004FEC
60000000
70000003
F0000000
1001FCC0
200053EC
60000000
70000003
F0000000
1001FCE0
200057EC
60000000
70000003
F0000000
1001FD00
20005BEC
60000000
70000002
F0000000
80002000
A0000002
10022000
20003BEC
60000001
70000001
F0000000
10022020
20003FEC
60000000
70000003
F0000000
10022040
200043EC
60000000
70000003
F0000000
10022060
200047EC
60000000
70000003
F0000000
10022080
20004BEC
60000000
70000003
F0000000
100220A0
20004FEC
60000000
70000003
F0000000
100220C0
200053EC
60000000
70000003
F0000000
100220E0
200057EC
60000000
70000003
F0000000
10022100
20005BEC
60000000
70000002
F0000000
80002400
A0000002
10024400
20003BEC
60000001
70000001
F0000000
10024420
20003FEC
60000000
70000003
F0000000
10024440
200043EC
60000000
70000003
F0000000
10024460
200047EC
60000000
70000003
F0000000
10024480
20004BEC
60000000
70000003
F0000000
100244A0
20004FEC
60000000
70000003
F0000000
100244C0
200053EC
60000000
70000003
F0000000
100244E0
200057EC
60000000
70000003
F0000000
10024500
20005BEC
60000000
70000002
F0000000
80002800
A0000002
10026800
20003BEC
60000001
70000001
F0000000
10026820
20003FEC
60000000
70000003
F0000000
10026840
200043EC
60000000
70000003
F0000000
10026860
200047EC
60000000
70000003
F0000000
10026880
20004BEC
60000000
70000003
F0000000
100268A0
20004FEC
60000000
70000003
F0000000
100268C0
200053EC
60000000
70000003
F0000000
100268E0
200057EC
60000000
70000003
F0000000
10026900
20005BEC
60000000
70000002
F0000000
80002C00
A0000002
10028C00
20003BEC
60000001
70000001
F0000000
10028C20
20003FEC
60000000
70000003
F0000000
10028C40
200043EC
60000000
70000003
F0000000
10028C60
200047EC
60000000
70000003
F0000000
10028C80
20004BEC
60000000
70000003
F0000000
10028CA0
20004FEC
60000000
70000003
F0000000
10028CC0
200053EC
60000000
70000003
F0000000
10028CE0
200057EC
60000000
70000003
F0000000
10028D00
20005BEC
60000000
70000002
F0000000
80003000
A0000002
1002B000
20003BEC
60000001
70000001
F0000000
1002B020
20003FEC
60000000
70000003
F0000000
1002B040
200043EC
60000000
70000003
F0000000
1002B060
200047EC
60000000
70000003
F0000000
1002B080
20004BEC
60000000
70000003
F0000000
1002B0A0
20004FEC
60000000
70000003
F0000000
1002B0C0
200053EC
60000000
70000003
F0000000
1002B0E0
200057EC
60000000
70000003
F0000000
1002B100
20005BEC
60000000
70000002
F0000000
80003400
A0000002
1002D400
20003BEC
60000001
70000001
F0000000
1002D420
20003FEC
60000000
70000003
F0000000
1002D440
200043EC
60000000
70000003
F0000000
1002D460
200047EC
60000000
70000003
F0000000
1002D480
20004BEC
60000000
70000003
F0000000
1002D4A0
20004FEC
60000000
70000003
F0000000
1002D4C0
200053EC
60000000
70000003
F0000000
1002D4E0
200057EC
60000000
70000003
F0000000
1002D500
20005BEC
60000000
70000002
F0000000
80003800
A0000002
1002F800
20003BEC
60000001
70000001
F0000000
1002F820
20003FEC
60000000
70000003
F0000000
1002F840
200043EC
60000000
70000003
F0000000
1002F860
200047EC
60000000
70000003
F0000000
1002F880
20004BEC
60000000
70000003
F0000000
1002F8A0
20004FEC
60000000
70000003
F0000000
1002F8C0
200053EC
60000000
70000003
F0000000
1002F8E0
200057EC
60000000
70000003
F0000000
1002F900
20005BEC
60000000
70000002
F0000000
80003C00
A0000002
10031C00
20003BEC
60000001
70000001
F0000000
10031C20
20003FEC
60000000
70000003
F0000000
10031C40
200043EC
60000000
70000003
F0000000
10031C60
200047EC
60000000
70000003
F0000000
10031C80
20004BEC
60000000
70000003
F0000000
10031CA0
20004FEC
60000000
70000003
F0000000
10031CC0
200053EC
60000000
70000003
F0000000
10031CE0
200057EC
60000000
70000003
F0000000
10031D00
20005BEC
60000000
70000002
F0000000
80004000
A0000002
10034000
20003BEC
60000001
70000001
F0000000
10034020
20003FEC
60000000
70000003
F0000000
10034040
200043EC
60000000
70000003
F0000000
10034060
200047EC
60000000
70000003
F0000000
10034080
20004BEC
60000000
70000003
F0000000
100340A0
20004FEC
60000000
70000003
F0000000
100340C0
200053EC
60000000
70000003
F0000000
100340E0
200057EC
60000000
70000003
F0000000
10034100
20005BEC
60000000
70000002
F0000000
80004400
A0000002
10036400
20003BEC
60000001
70000001
F0000000
10036420
20003FEC
60000000
70000003
F0000000
10036440
200043EC
60000000
70000003
F0000000
10036460
200047EC
60000000
70000003
F0000000
10036480
20004BEC
60000000
70000003
F0000000
100364A0
20004FEC
60000000
70000003
F0000000
100364C0
200053EC
60000000
70000003
F0000000
100364E0
200057EC
60000000
70000003
F0000000
10036500
20005BEC
60000000
70000002
F0000000
80004800
A0000002
10038800
20003BEC
60000001
70000001
F0000000
10038820
20003FEC
60000000
70000003
F0000000
10038840
200043EC
60000000
70000003
F0000000
10038860
200047EC
60000000
70000003
F0000000
10038880
20004BEC
60000000
70000003
F0000000
100388A0
20004FEC
60000000
70000003
F0000000
100388C0
200053EC
60000000
70000003
F0000000
100388E0
200057EC
60000000
70000003
F0000000
10038900
20005BEC
60000000
70000002
F0000000
80004C00
A0000002
1003AC00
20003BEC
60000001
70000001
F0000000
1003AC20
20003FEC
60000000
70000003
F0000000
1003AC40
200043EC
60000000
70000003
F0000000
1003AC60
200047EC
60000000
70000003
F0000000
1003AC80
20004BEC
60000000
70000003
F0000000
1003ACA0
20004FEC
60000000
70000003
F0000000
1003ACC0
200053EC
60000000
70000003
F0000000
1003ACE0
200057EC
60000000
70000003
F0000000
1003AD00
20005BEC
60000000
70000002
F0000000
80005000
A0000002
1003D000
20003BEC
60000001
70000001
F0000000
1003D020
20003FEC
60000000
70000003
F0000000
1003D040
200043EC
60000000
70000003
F0000000
1003D060
200047EC
60000000
70000003
F0000000
1003D080
20004BEC
60000000
70000003
F0000000
1003D0A0
20004FEC
60000000
70000003
F0000000
1003D0C0
200053EC
60000000
70000003
F0000000
1003D0E0
200057EC
60000000
70000003
F0000000
1003D100
20005BEC
60000000
70000002
F0000000
80005400
A0000002
1003F400
20003BEC
60000001
70000001
F0000000
1003F420
20003FEC
60000000
70000003
F0000000
1003F440
200043EC
60000000
70000003
F0000000
1003F460
200047EC
60000000
70000003
F0000000
1003F480
20004BEC
60000000
70000003
F0000000
1003F4A0
20004FEC
60000000
70000003
F0000000
1003F4C0
200053EC
60000000
70000003
F0000000
1003F4E0
200057EC
60000000
70000003
F0000000
1003F500
20005BEC
60000000
70000002
F0000000
80005800
A0000002
10041800
20003BEC
60000001
70000001
F0000000
10041820
20003FEC
60000000
70000003
F0000000
10041840
200043EC
60000000
70000003
F0000000
10041860
200047EC
60000000
70000003
F0000000
10041880
20004BEC
60000000
70000003
F0000000
100418A0
20004FEC
60000000
70000003
F0000000
100418C0
200053EC
60000000
70000003
F0000000
100418E0
200057EC
60000000
70000003
F0000000
10041900
20005BEC
60000000
70000002
F0000000
80005C00
A0000002
10043C00
20003BEC
60000001
70000001
F0000000
10043C20
20003FEC
60000000
70000003
F0000000
10043C40
200043EC
60000000
70000003
F0000000
10043C60
200047EC
60000000
70000003
F0000000
10043C80
20004BEC
60000000
70000003
F0000000
10043CA0
20004FEC
60000000
70000003
F0000000
10043CC0
200053EC
60000000
70000003
F0000000
10043CE0
200057EC
60000000
70000003
F0000000
10043D00
20005BEC
60000000
70000002
F0000000
80006000
A0000002
10046000
20003BEC
60000001
70000001
F0000000
10046020
20003FEC
60000000
70000003
F0000000
10046040
200043EC
60000000
70000003
F0000000
10046060
200047EC
60000000
70000003
F0000000
10046080
20004BEC
60000000
70000003
F0000000
100460A0
20004FEC
60000000
70000003
F0000000
100460C0
200053EC
60000000
70000003
F0000000
100460E0
200057EC
60000000
70000003
F0000000
10046100
20005BEC
60000000
70000002
F0000000
80006400
A0000002
10048400
20003BEC
60000001
70000001
F0000000
10048420
20003FEC
60000000
70000003
F0000000
10048440
200043EC
60000000
70000003
F0000000
10048460
200047EC
60000000
70000003
F0000000
10048480
20004BEC
60000000
70000003
F0000000
100484A0
20004FEC
60000000
70000003
F0000000
100484C0
200053EC
60000000
70000003
F0000000
100484E0
200057EC
60000000
70000003
F0000000
10048500
20005BEC
60000000
70000002
F0000000
80006800
A0000002
1004A800
20003BEC
60000001
70000001
F0000000
1004A820
20003FEC
60000000
70000003
F0000000
1004A840
200043EC
60000000
70000003
F0000000
1004A860
200047EC
60000000
70000003
F0000000
1004A880
20004BEC
60000000
70000003
F0000000
1004A8A0
20004FEC
60000000
70000003
F0000000
1004A8C0
200053EC
60000000
70000003
F0000000
1004A8E0
200057EC
60000000
70000003
F0000000
1004A900
20005BEC
60000000
70000002
F0000000
80006C00
A0000002
1004CC00
20003BEC
60000001
70000001
F0000000
1004CC20
20003FEC
60000000
70000003
F0000000
1004CC40
200043EC
60000000
70000003
F0000000
1004CC60
200047EC
60000000
70000003
F0000000
1004CC80
20004BEC
60000000
70000003
F0000000
1004CCA0
20004FEC
60000000
70000003
F0000000
1004CCC0
200053EC
60000000
70000003
F0000000
1004CCE0
200057EC
60000000
70000003
F0000000
1004CD00
20005BEC
60000000
70000002
F0000000
80007000
A0000002
1004F000
20003BEC
60000001
70000001
F0000000
1004F020
20003FEC
60000000
70000003
F0000000
1004F040
200043EC
60000000
70000003
F0000000
1004F060
200047EC
60000000
70000003
F0000000
1004F080
20004BEC
60000000
70000003
F0000000
1004F0A0
20004FEC
60000000
70000003
F0000000
1004F0C0
200053EC
60000000
70000003
F0000000
1004F0E0
200057EC
60000000
70000003
F0000000
1004F100
20005BEC
60000000
70000002
F0000000
E0000000
30000020
B0654F2E
80010000
A0000002
10000000
200044EC
60000001
70000001
F0000000
10000020
200048EC
60000000
70000003
F0000000
10000040
20004CEC
60000000
70000003
F0000000
10000060
200050EC
60000000
70000003
F0000000
10000080
200054EC
60000000
70000003
F0000000
100000A0
200058EC
60000000
70000003
F0000000
100000C0
20005CEC
60000000
70000003
F0000000
100000E0
200060EC
60000000
70000003
F0000000
10000100
200064EC
60000000
70000002
F0000000
80010400
A0000002
10002400
200044EC
60000001
70000001
F0000000
10002420
200048EC
60000000
70000003
F0000000
10002440
20004CEC
60000000
70000003
F0000000
10002460
200050EC
60000000
70000003
F0000000
10002480
200054EC
60000000
70000003
F0000000
100024A0
200058EC
60000000
70000003
F0000000
100024C0
20005CEC
60000000
70000003
F0000000
100024E0
200060EC
60000000
70000003
F0000000
10002500
200064EC
60000000
70000002
F0000000
80010800
A0000002
10004800
200044EC
60000001
70000001
F0000000
10004820
200048EC
60000000
70000003
F0000000
10004840
20004CEC
60000000
70000003
F0000000
10004860
200050EC
60000000
70000003
F0000000
10004880
200054EC
60000000
70000003
F0000000
100048A0
200058EC
60000000
70000003
F0000000
100048C0
20005CEC
60000000
70000003
F0000000
100048E0
200060EC
60000000
70000003
F0000000
10004900
200064EC
60000000
70000002
F0000000
80010C00
A0000002
10006C00
200044EC
60000001
70000001
F0000000
10006C20
200048EC
60000000
70000003
F0000000
10006C40
20004CEC
60000000
70000003
F0000000
10006C60
200050EC
60000000
70000003
F0000000
10006C80
200054EC
60000000
70000003
F0000000
10006CA0
200058EC
60000000
70000003
F0000000
10006CC0
20005CEC
60000000
70000003
F0000000
10006CE0
200060EC
60000000
70000003
F0000000
10006D00
200064EC
60000000
70000002
F0000000
80011000
A0000002
10009000
200044EC
60000001
70000001
F0000000
10009020
200048EC
60000000
70000003
F0000000
10009040
20004CEC
60000000
70000003
F0000000
10009060
200050EC
60000000
70000003
F0000000
10009080
200054EC
60000000
70000003
F0000000
100090A0
200058EC
60000000
70000003
F0000000
100090C0
20005CEC
60000000
70000003
F0000000
100090E0
200060EC
60000000
70000003
F0000000
10009100
200064EC
60000000
70000002
F0000000
80011400
A0000002
1000B400
200044EC
60000001
70000001
F0000000
1000B420
200048EC
60000000
70000003
F0000000
1000B440
20004CEC
60000000
70000003
F0000000
1000B460
200050EC
60000000
70000003
F0000000
1000B480
200054EC
60000000
70000003
F0000000
1000B4A0
200058EC
60000000
70000003
F0000000
1000B4C0
20005CEC
60000000
70000003
F0000000
1000B4E0
200060EC
60000000
70000003
F0000000
1000B500
200064EC
60000000
70000002
F0000000
80011800
A0000002
1000D800
200044EC
60000001
70000001
F0000000
1000D820
200048EC
60000000
70000003
F0000000
1000D840
20004CEC
60000000
70000003
F0000000
1000D860
200050EC
60000000
70000003
F0000000
1000D880
200054EC
60000000
70000003
F0000000
1000D8A0
200058EC
60000000
70000003
F0000000
1000D8C0
20005CEC
60000000
70000003
F0000000
1000D8E0
200060EC
60000000
70000003
F0000000
1000D900
200064EC
60000000
70000002
F0000000
80011C00
A0000002
1000FC00
200044EC
60000001
70000001
F0000000
1000FC20
200048EC
60000000
70000003
F0000000
1000FC40
20004CEC
60000000
70000003
F0000000
1000FC60
200050EC
60000000
70000003
F0000000
1000FC80
200054EC
60000000
70000003
F0000000
1000FCA0
200058EC
60000000
70000003
F0000000
1000FCC0
20005CEC
60000000
70000003
F0000000
1000FCE0
200060EC
60000000
70000003
F0000000
1000FD00
200064EC
60000000
70000002
F0000000
80012000
A0000002
10012000
200044EC
60000001
70000001
F0000000
10012020
200048EC
60000000
70000003
F0000000
10012040
20004CEC
60000000
70000003
F0000000
10012060
200050EC
60000000
70000003
F0000000
10012080
200054EC
60000000
70000003
F0000000
100120A0
200058EC
60000000
70000003
F0000000
100120C0
20005CEC
60000000
70000003
F0000000
100120E0
200060EC
60000000
70000003
F0000000
10012100
200064EC
60000000
70000002
F0000000
80012400
A0000002
10014400
200044EC
60000001
70000001
F0000000
10014420
200048EC
60000000
70000003
F0000000
10014440
20004CEC
60000000
70000003
F0000000
10014460
200050EC
60000000
70000003
F0000000
10014480
200054EC
60000000
70000003
F0000000
100144A0
200058EC
60000000
70000003
F0000000
100144C0
20005CEC
60000000
70000003
F0000000
100144E0
200060EC
60000000
70000003
F0000000
10014500
200064EC
60000000
70000002
F0000000
80012800
A0000002
10016800
200044EC
60000001
70000001
F0000000
10016820
200048EC
60000000
70000003
F0000000
10016840
20004CEC
60000000
70000003
F0000000
10016860
200050EC
60000000
70000003
F0000000
10016880
200054EC
60000000
70000003
F0000000
100168A0
200058EC
60000000
70000003
F0000000
100168C0
20005CEC
60000000
70000003
F0000000
100168E0
200060EC
60000000
70000003
F0000000
10016900
200064EC
60000000
70000002
F0000000
80012C00
A0000002
10018C00
200044EC
60000001
70000001
F0000000
10018C20
200048EC
60000000
70000003
F0000000
10018C40
20004CEC
60000000
70000003
F0000000
10018C60
200050EC
60000000
70000003
F0000000
10018C80
200054EC
60000000
70000003
F0000000
10018CA0
200058EC
60000000
70000003
F0000000
10018CC0
20005CEC
60000000
70000003
F0000000
10018CE0
200060EC
60000000
70000003
F0000000
10018D00
200064EC
60000000
70000002
F0000000
80013000
A0000002
1001B000
200044EC
60000001
70000001
F0000000
1001B020
200048EC
60000000
70000003
F0000000
1001B040
20004CEC
60000000
70000003
F0000000
1001B060
200050EC
60000000
70000003
F0000000
1001B080
200054EC
60000000
70000003
F0000000
1001B0A0
200058EC
60000000
70000003
F0000000
1001B0C0
20005CEC
60000000
70000003
F0000000
1001B0E0
200060EC
60000000
70000003
F0000000
1001B100
200064EC
60000000
70000002
F0000000
80013400
A0000002
1001D400
200044EC
60000001
70000001
F0000000
1001D420
200048EC
60000000
70000003
F0000000
1001D440
20004CEC
60000000
70000003
F0000000
1001D460
200050EC
60000000
70000003
F0000000
1001D480
200054EC
60000000
70000003
F0000000
1001D4A0
200058EC
60000000
70000003
F0000000
1001D4C0
20005CEC
60000000
70000003
F0000000
1001D4E0
200060EC
60000000
70000003
F0000000
1001D500
200064EC
60000000
70000002
F0000000
80013800
A0000002
1001F800
200044EC
60000001
70000001
F0000000
1001F820
200048EC
60000000
70000003
F0000000
1001F840
20004CEC
60000000
70000003
F0000000
1001F860
200050EC
60000000
70000003
F0000000
1001F880
200054EC
60000000
70000003
F0000000
1001F8A0
200058EC
60000000
70000003
F0000000
1001F8C0
20005CEC
60000000
70000003
F0000000
1001F8E0
200060EC
60000000
70000003
F0000000
1001F900
200064EC
60000000
70000002
F0000000
80013C00
A0000002
10021C00
200044EC
60000001
70000001
F0000000
10021C20
200048EC
60000000
70000003
F0000000
10021C40
20004CEC
60000000
70000003
F0000000
10021C60
200050EC
60000000
70000003
F0000000
10021C80
200054EC
60000000
70000003
F0000000
10021CA0
200058EC
60000000
70000003
F0000000
10021CC0
20005CEC
60000000
70000003
F0000000
10021CE0
200060EC
60000000
70000003
F0000000
10021D00
200064EC
60000000
70000002
F0000000
80014000
A0000002
10024000
200044EC
60000001
70000001
F0000000
10024020
200048EC
60000000
70000003
F0000000
10024040
20004CEC
60000000
70000003
F0000000
10024060
200050EC
60000000
70000003
F0000000
10024080
200054EC
60000000
70000003
F0000000
100240A0
200058EC
60000000
70000003
F0000000
100240C0
20005CEC
60000000
70000003
F0000000
100240E0
200060EC
60000000
70000003
F0000000
10024100
200064EC
60000000
70000002
F0000000
80014400
A0000002
10026400
200044EC
60000001
70000001
F0000000
10026420
200048EC
60000000
70000003
F0000000
10026440
20004CEC
60000000
70000003
F0000000
10026460
200050EC
60000000
70000003
F0000000
10026480
200054EC
60000000
70000003
F0000000
100264A0
200058EC
60000000
70000003
F0000000
100264C0
20005CEC
60000000
70000003
F0000000
100264E0
200060EC
60000000
70000003
F0000000
10026500
200064EC
60000000
70000002
F0000000
80014800
A0000002
10028800
200044EC
60000001
70000001
F0000000
10028820
200048EC
60000000
70000003
F0000000
10028840
20004CEC
60000000
70000003
F0000000
10028860
200050EC
60000000
70000003
F0000000
10028880
200054EC
60000000
70000003
F0000000
100288A0
200058EC
60000000
70000003
F0000000
100288C0
20005CEC
60000000
70000003
F0000000
100288E0
200060EC
60000000
70000003
F0000000
10028900
200064EC
60000000
70000002
F0000000
80014C00
A0000002
1002AC00
200044EC
60000001
70000001
F0000000
1002AC20
200048EC
60000000
70000003
F0000000
1002AC40
20004CEC
60000000
70000003
F0000000
1002AC60
200050EC
60000000
70000003
F0000000
1002AC80
200054EC
60000000
70000003
F0000000
1002ACA0
200058EC
60000000
70000003
F0000000
1002ACC0
20005CEC
60000000
70000003
F0000000
1002ACE0
200060EC
60000000
70000003
F0000000
1002AD00
200064EC
60000000
70000002
F0000000
80015000
A0000002
1002D000
200044EC
60000001
70000001
F0000000
1002D020
200048EC
60000000
70000003
F0000000
1002D040
20004CEC
60000000
70000003
F0000000
1002D060
200050EC
60000000
70000003
F0000000
1002D080
200054EC
60000000
70000003
F0000000
1002D0A0
200058EC
60000000
70000003
F0000000
1002D0C0
20005CEC
60000000
70000003
F0000000
1002D0E0
200060EC
60000000
70000003
F0000000
1002D100
200064EC
60000000
70000002
F0000000
80015400
A0000002
1002F400
200044EC
60000001
70000001
F0000000
1002F420
200048EC
60000000
70000003
F0000000
1002F440
20004CEC
60000000
70000003
F0000000
1002F460
200050EC
60000000
70000003
F0000000
1002F480
200054EC
60000000
70000003
F0000000
1002F4A0
200058EC
60000000
70000003
F0000000
1002F4C0
20005CEC
60000000
70000003
F0000000
1002F4E0
200060EC
60000000
70000003
F0000000
1002F500
200064EC
60000000
70000002
F0000000
80015800
A0000002
10031800
200044EC
60000001
70000001
F0000000
10031820
200048EC
60000000
70000003
F0000000
10031840
20004CEC
60000000
70000003
F0000000
10031860
200050EC
60000000
70000003
F0000000
10031880
200054EC
60000000
70000003
F0000000
100318A0
200058EC
60000000
70000003
F0000000
100318C0
20005CEC
60000000
70000003
F0000000
100318E0
200060EC
60000000
70000003
F0000000
10031900
200064EC
60000000
70000002
F0000000
80015C00
A0000002
10033C00
200044EC
60000001
70000001
F0000000
10033C20
200048EC
60000000
70000003
F0000000
10033C40
20004CEC
60000000
70000003
F0000000
10033C60
200050EC
60000000
70000003
F0000000
10033C80
200054EC
60000000
70000003
F0000000
10033CA0
200058EC
60000000
70000003
F0000000
10033CC0
20005CEC
60000000
70000003
F0000000
10033CE0
200060EC
60000000
70000003
F0000000
10033D00
200064EC
60000000
70000002
F0000000
80016000
A0000002
10036000
200044EC
60000001
70000001
F0000000
10036020
200048EC
60000000
70000003
F0000000
10036040
20004CEC
60000000
70000003
F0000000
10036060
200050EC
60000000
70000003
F0000000
10036080
200054EC
60000000
70000003
F0000000
100360A0
200058EC
60000000
70000003
F0000000
100360C0
20005CEC
60000000
70000003
F0000000
100360E0
200060EC
60000000
70000003
F0000000
10036100
200064EC
60000000
70000002
F0000000
80016400
A0000002
10038400
200044EC
60000001
70000001
F0000000
10038420
200048EC
60000000
70000003
F0000000
10038440
20004CEC
60000000
70000003
F0000000
10038460
200050EC
60000000
70000003
F0000000
10038480
200054EC
60000000
70000003
F0000000
100384A0
200058EC
60000000
70000003
F0000000
100384C0
20005CEC
60000000
70000003
F0000000
100384E0
200060EC
60000000
70000003
F0000000
10038500
200064EC
60000000
70000002
F0000000
80016800
A0000002
1003A800
200044EC
60000001
70000001
F0000000
1003A820
200048EC
60000000
70000003
F0000000
1003A840
20004CEC
60000000
70000003
F0000000
1003A860
200050EC
60000000
70000003
F0000000
1003A880
200054EC
60000000
70000003
F0000000
1003A8A0
200058EC
60000000
70000003
F0000000
1003A8C0
20005CEC
60000000
70000003
F0000000
1003A8E0
200060EC
60000000
70000003
F0000000
1003A900
200064EC
60000000
70000002
F0000000
80016C00
A0000002
1003CC00
200044EC
60000001
70000001
F0000000
1003CC20
200048EC
60000000
70000003
F0000000
1003CC40
20004CEC
60000000
70000003
F0000000
1003CC60
200050EC
60000000
70000003
F0000000
1003CC80
200054EC
60000000
70000003
F0000000
1003CCA0
200058EC
60000000
70000003
F0000000
1003CCC0
20005CEC
60000000
70000003
F0000000
1003CCE0
200060EC
60000000
70000003
F0000000
1003CD00
200064EC
60000000
70000002
F0000000
80017000
A0000002
1003F000
200044EC
60000001
70000001
F0000000
1003F020
200048EC
60000000
70000003
F0000000
1003F040
20004CEC
60000000
70000003
F0000000
1003F060
200050EC
60000000
70000003
F0000000
1003F080
200054EC
60000000
70000003
F0000000
1003F0A0
200058EC
60000000
70000003
F0000000
1003F0C0
20005CEC
60000000
70000003
F0000000
1003F0E0
200060EC
60000000
70000003
F0000000
1003F100
200064EC
60000000
70000002
F0000000
E0000000
30000020
B130095C
80000000
A0000002
10010000
20004DEC
60000001
70000001
F0000000
10010020
20005DEC
60000000
70000003
F0000000
10010040
20006DEC
60000000
70000003
F0000000
10010060
20007DEC
60000000
70000003
F0000000
10010080
20008DEC
60000000
70000003
F0000000
100100A0
20009DEC
60000000
70000003
F0000000
100100C0
2000ADEC
60000000
70000003
F0000000
100100E0
2000BDEC
60000000
70000003
F0000000
10010100
2000CDEC
60000000
70000003
F0000000
10010120
2000DDEC
60000000
70000003
F0000000
10010140
2000EDEC
60000000
70000003
F0000000
10010160
2000FDEC
60000000
70000003
F0000000
10010180
20010DEC
60000000
70000003
F0000000
100101A0
20011DEC
60000000
70000003
F0000000
100101C0
20012DEC
60000000
70000003
F0000000
100101E0
20013DEC
60000000
70000003
F0000000
10010200
20014DEC
60000000
70000003
F0000000
10010220
20015DEC
60000000
70000002
F0000000
80000020
A0000002
10010000
20004E0C
60000001
70000001
F0000000
10010020
20005E0C
60000000
70000003
F0000000
10010040
20006E0C
60000000
70000003
F0000000
10010060
20007E0C
60000000
70000003
F0000000
10010080
20008E0C
60000000
70000003
F0000000
100100A0
20009E0C
60000000
70000003
F0000000
100100C0
2000AE0C
60000000
70000003
F0000000
100100E0
2000BE0C
60000000
70000003
F0000000
10010100
2000CE0C
60000000
70000003
F0000000
10010120
2000DE0C
60000000
70000003
F0000000
10010140
2000EE0C
60000000
70000003
F0000000
10010160
2000FE0C
60000000
70000003
F0000000
10010180
20010E0C
60000000
70000003
F0000000
100101A0
20011E0C
60000000
70000003
F0000000
100101C0
20012E0C
60000000
70000003
F0000000
100101E0
20013E0C
60000000
70000003
F0000000
10010200
20014E0C
60000000
70000003
F0000000
10010220
20015E0C
60000000
70000002
F0000000
80000040
A0000002
10010000
20004E2C
60000001
70000001
F0000000
10010020
20005E2C
60000000
70000003
F0000000
10010040
20006E2C
60000000
70000003
F0000000
10010060
20007E2C
60000000
70000003
F0000000
10010080
20008E2C
60000000
70000003
F0000000
100100A0
20009E2C
60000000
70000003
F0000000
100100C0
2000AE2C
60000000
70000003
F0000000
100100E0
2000BE2C
60000000
70000003
F0000000
10010100
2000CE2C
60000000
70000003
F0000000
10010120
2000DE2C
60000000
70000003
F0000000
10010140
2000EE2C
60000000
70000003
F0000000
10010160
2000FE2C
60000000
70000003
F0000000
10010180
20010E2C
60000000
70000003
F0000000
100101A0
20011E2C
60000000
70000003
F0000000
100101C0
20012E2C
60000000
70000003
F0000000
100101E0
20013E2C
60000000
70000003
F0000000
10010200
20014E2C
60000000
70000003
F0000000
10010220
20015E2C
60000000
70000002
F0000000
80000060
A0000002
10010000
20004E4C
60000001
70000001
F0000000
10010020
20005E4C
60000000
70000003
F0000000
10010040
20006E4C
60000000
70000003
F0000000
10010060
20007E4C
60000000
70000003
F0000000
10010080
20008E4C
60000000
70000003
F0000000
100100A0
20009E4C
60000000
70000003
F0000000
100100C0
2000AE4C
60000000
70000003
F0000000
100100E0
2000BE4C
60000000
70000003
F0000000
10010100
2000CE4C
60000000
70000003
F0000000
10010120
2000DE4C
60000000
70000003
F0000000
10010140
2000EE4C
60000000
70000003
F0000000
10010160
2000FE4C
60000000
70000003
F0000000
10010180
20010E4C
60000000
70000003
F0000000
100101A0
20011E4C
60000000
70000003
F0000000
100101C0
20012E4C
60000000
70000003
F0000000
100101E0
20013E4C
60000000
70000003
F0000000
10010200
20014E4C
60000000
70000003
F0000000
10010220
20015E4C
60000000
70000002
F0000000
80001000
A0000002
10014800
20004DEC
60000001
70000001
F0000000
10014820
20005DEC
60000000
70000003
F0000000
10014840
20006DEC
60000000
70000003
F0000000
10014860
20007DEC
60000000
70000003
F0000000
10014880
20008DEC
60000000
70000003
F0000000
100148A0
20009DEC
60000000
70000003
F0000000
100148C0
2000ADEC
60000000
70000003
F0000000
100148E0
2000BDEC
60000000
70000003
F0000000
10014900
2000CDEC
60000000
70000003
F0000000
10014920
2000DDEC
60000000
70000003
F0000000
10014940
2000EDEC
60000000
70000003
F0000000
10014960
2000FDEC
60000000
70000003
F0000000
10014980
20010DEC
60000000
70000003
F0000000
100149A0
20011DEC
60000000
70000003
F0000000
100149C0
20012DEC
60000000
70000003
F0000000
100149E0
20013DEC
60000000
70000003
F0000000
10014A00
20014DEC
60000000
70000003
F0000000
10014A20
20015DEC
60000000
70000002
F0000000
80001020
A0000002
10014800
20004E0C
60000001
70000001
F0000000
10014820
20005E0C
60000000
70000003
F0000000
10014840
20006E0C
60000000
70000003
F0000000
10014860
20007E0C
60000000
70000003
F0000000
10014880
20008E0C
60000000
70000003
F0000000
100148A0
20009E0C
60000000
70000003
F0000000
100148C0
2000AE0C
60000000
70000003
F0000000
100148E0
2000BE0C
60000000
70000003
F0000000
10014900
2000CE0C
60000000
70000003
F0000000
10014920
2000DE0C
60000000
70000003
F0000000
10014940
2000EE0C
60000000
70000003
F0000000
10014960
2000FE0C
60000000
70000003
F0000000
10014980
20010E0C
60000000
70000003
F0000000
100149A0
20011E0C
60000000
70000003
F0000000
100149C0
20012E0C
60000000
70000003
F0000000
100149E0
20013E0C
60000000
70000003
F0000000
10014A00
20014E0C
60000000
70000003
F0000000
10014A20
20015E0C
60000000
70000002
F0000000
80001040
A0000002
10014800
20004E2C
60000001
70000001
F0000000
10014820
20005E2C
60000000
70000003
F0000000
10014840
20006E2C
60000000
70000003
F0000000
10014860
20007E2C
60000000
70000003
F0000000
10014880
20008E2C
60000000
70000003
F0000000
100148A0
20009E2C
60000000
70000003
F0000000
100148C0
2000AE2C
60000000
70000003
F0000000
100148E0
2000BE2C
60000000
70000003
F0000000
10014900
2000CE2C
60000000
70000003
F0000000
10014920
2000DE2C
60000000
70000003
F0000000
10014940
2000EE2C
60000000
70000003
F0000000
10014960
2000FE2C
60000000
70000003
F0000000
10014980
20010E2C
60000000
70000003
F0000000
100149A0
20011E2C
60000000
70000003
F0000000
100149C0
20012E2C
60000000
70000003
F0000000
100149E0
20013E2C
60000000
70000003
F0000000
10014A00
20014E2C
60000000
70000003
F0000000
10014A20
20015E2C
60000000
70000002
F0000000
80001060
A0000002
10014800
20004E4C
60000001
70000001
F0000000
10014820
20005E4C
60000000
70000003
F0000000
10014840
20006E4C
60000000
70000003
F0000000
10014860
20007E4C
60000000
70000003
F0000000
10014880
20008E4C
60000000
70000003
F0000000
100148A0
20009E4C
60000000
70000003
F0000000
100148C0
2000AE4C
60000000
70000003
F0000000
100148E0
2000BE4C
60000000
70000003
F0000000
10014900
2000CE4C
60000000
70000003
F0000000
10014920
2000DE4C
60000000
70000003
F0000000
10014940
2000EE4C
60000000
70000003
F0000000
10014960
2000FE4C
60000000
70000003
F0000000
10014980
20010E4C
60000000
70000003
F0000000
100149A0
20011E4C
60000000
70000003
F0000000
100149C0
20012E4C
60000000
70000003
F0000000
100149E0
20013E4C
60000000
70000003
F0000000
10014A00
20014E4C
60000000
70000003
F0000000
10014A20
20015E4C
60000000
70000002
F0000000
80002000
A0000002
10019000
20004DEC
60000001
70000001
F0000000
10019020
20005DEC
60000000
70000003
F0000000
10019040
20006DEC
60000000
70000003
F0000000
10019060
20007DEC
60000000
70000003
F0000000
10019080
20008DEC
60000000
70000003
F0000000
100190A0
20009DEC
60000000
70000003
F0000000
100190C0
2000ADEC
60000000
70000003
F0000000
100190E0
2000BDEC
60000000
70000003
F0000000
10019100
2000CDEC
60000000
70000003
F0000000
10019120
2000DDEC
60000000
70000003
F0000000
10019140
2000EDEC
60000000
70000003
F0000000
10019160
2000FDEC
60000000
70000003
F0000000
10019180
20010DEC
60000000
70000003
F0000000
100191A0
20011DEC
60000000
70000003
F0000000
100191C0
20012DEC
60000000
70000003
F0000000
100191E0
20013DEC
60000000
70000003
F0000000
10019200
20014DEC
60000000
70000003
F0000000
10019220
20015DEC
60000000
70000002
F0000000
80002020
A0000002
10019000
20004E0C
60000001
70000001
F0000000
10019020
20005E0C
60000000
70000003
F0000000
10019040
20006E0C
60000000
70000003
F0000000
10019060
20007E0C
60000000
70000003
F0000000
10019080
20008E0C
60000000
70000003
F0000000
100190A0
20009E0C
60000000
70000003
F0000000
100190C0
2000AE0C
60000000
70000003
F0000000
100190E0
2000BE0C
60000000
70000003
F0000000
10019100
2000CE0C
60000000
70000003
F0000000
10019120
2000DE0C
60000000
70000003
F0000000
10019140
2000EE0C
60000000
70000003
F0000000
10019160
2000FE0C
60000000
70000003
F0000000
10019180
20010E0C
60000000
70000003
F0000000
100191A0
20011E0C
60000000
70000003
F0000000
100191C0
20012E0C
60000000
70000003
F0000000
100191E0
20013E0C
60000000
70000003
F0000000
10019200
20014E0C
60000000
70000003
F0000000
10019220
20015E0C
60000000
70000002
F0000000
80002040
A0000002
10019000
20004E2C
60000001
70000001
F0000000
10019020
20005E2C
60000000
70000003
F0000000
10019040
20006E2C
60000000
70000003
F0000000
10019060
20007E2C
60000000
70000003
F0000000
10019080
20008E2C
60000000
70000003
F0000000
100190A0
20009E2C
60000000
70000003
F0000000
100190C0
2000AE2C
60000000
70000003
F0000000
100190E0
2000BE2C
60000000
70000003
F0000000
10019100
2000CE2C
60000000
70000003
F0000000
10019120
2000DE2C
60000000
70000003
F0000000
10019140
2000EE2C
60000000
70000003
F0000000
10019160
2000FE2C
60000000
70000003
F0000000
10019180
20010E2C
60000000
70000003
F0000000
100191A0
20011E2C
60000000
70000003
F0000000
100191C0
20012E2C
60000000
70000003
F0000000
100191E0
20013E2C
60000000
70000003
F0000000
10019200
20014E2C
60000000
70000003
F0000000
10019220
20015E2C
60000000
70000002
F0000000
80002060
A0000002
10019000
20004E4C
60000001
70000001
F0000000
10019020
20005E4C
60000000
70000003
F0000000
10019040
20006E4C
60000000
70000003
F0000000
10019060
20007E4C
60000000
70000003
F0000000
10019080
20008E4C
60000000
70000003
F0000000
100190A0
20009E4C
60000000
70000003
F0000000
100190C0
2000AE4C
60000000
70000003
F0000000
100190E0
2000BE4C
60000000
70000003
F0000000
10019100
2000CE4C
60000000
70000003
F0000000
10019120
2000DE4C
60000000
70000003
F0000000
10019140
2000EE4C
60000000
70000003
F0000000
10019160
2000FE4C
60000000
70000003
F0000000
10019180
20010E4C
60000000
70000003
F0000000
100191A0
20011E4C
60000000
70000003
F0000000
100191C0
20012E4C
60000000
70000003
F0000000
100191E0
20013E4C
60000000
70000003
F0000000
10019200
20014E4C
60000000
70000003
F0000000
10019220
20015E4C
60000000
70000002
F0000000
80003000
A0000002
1001D800
20004DEC
60000001
70000001
F0000000
1001D820
20005DEC
60000000
70000003
F0000000
1001D840
20006DEC
60000000
70000003
F0000000
1001D860
20007DEC
60000000
70000003
F0000000
1001D880
20008DEC
60000000
70000003
F0000000
1001D8A0
20009DEC
60000000
70000003
F0000000
1001D8C0
2000ADEC
60000000
70000003
F0000000
1001D8E0
2000BDEC
60000000
70000003
F0000000
1001D900
2000CDEC
60000000
70000003
F0000000
1001D920
2000DDEC
60000000
70000003
F0000000
1001D940
2000EDEC
60000000
70000003
F0000000
1001D960
2000FDEC
60000000
70000003
F0000000
1001D980
20010DEC
60000000
70000003
F0000000
1001D9A0
20011DEC
60000000
70000003
F0000000
1001D9C0
20012DEC
60000000
70000003
F0000000
1001D9E0
20013DEC
60000000
70000003
F0000000
1001DA00
20014DEC
60000000
70000003
F0000000
1001DA20
20015DEC
60000000
70000002
F0000000
80003020
A0000002
1001D800
20004E0C
60000001
70000001
F0000000
1001D820
20005E0C
60000000
70000003
F0000000
1001D840
20006E0C
60000000
70000003
F0000000
1001D860
20007E0C
60000000
70000003
F0000000
1001D880
20008E0C
60000000
70000003
F0000000
1001D8A0
20009E0C
60000000
70000003
F0000000
1001D8C0
2000AE0C
60000000
70000003
F0000000
1001D8E0
2000BE0C
60000000
70000003
F0000000
1001D900
2000CE0C
60000000
70000003
F0000000
1001D920
2000DE0C
60000000
70000003
F0000000
1001D940
2000EE0C
60000000
70000003
F0000000
1001D960
2000FE0C
60000000
70000003
F0000000
1001D980
20010E0C
60000000
70000003
F0000000
1001D9A0
20011E0C
60000000
70000003
F0000000
1001D9C0
20012E0C
60000000
70000003
F0000000
1001D9E0
20013E0C
60000000
70000003
F0000000
1001DA00
20014E0C
60000000
70000003
F0000000
1001DA20
20015E0C
60000000
70000002
F0000000
80003040
A0000002
1001D800
20004E2C
60000001
70000001
F0000000
1001D820
20005E2C
60000000
70000003
F0000000
1001D840
20006E2C
60000000
70000003
F0000000
1001D860
20007E2C
60000000
70000003
F0000000
1001D880
20008E2C
60000000
70000003
F0000000
1001D8A0
20009E2C
60000000
70000003
F0000000
1001D8C0
2000AE2C
60000000
70000003
F0000000
1001D8E0
2000BE2C
60000000
70000003
F0000000
1001D900
2000CE2C
60000000
70000003
F0000000
1001D920
2000DE2C
60000000
70000003
F0000000
1001D940
2000EE2C
60000000
70000003
F0000000
1001D960
2000FE2C
60000000
70000003
F0000000
1001D980
20010E2C
60000000
70000003
F0000000
1001D9A0
20011E2C
60000000
70000003
F0000000
1001D9C0
20012E2C
60000000
70000003
F0000000
1001D9E0
20013E2C
60000000
70000003
F0000000
1001DA00
20014E2C
60000000
70000003
F0000000
1001DA20
20015E2C
60000000
70000002
F0000000
80003060
A0000002
1001D800
20004E4C
60000001
70000001
F0000000
1001D820
20005E4C
60000000
70000003
F0000000
1001D840
20006E4C
60000000
70000003
F0000000
1001D860
20007E4C
60000000
70000003
F0000000
1001D880
20008E4C
60000000
70000003
F0000000
1001D8A0
20009E4C
60000000
70000003
F0000000
1001D8C0
2000AE4C
60000000
70000003
F0000000
1001D8E0
2000BE4C
60000000
70000003
F0000000
1001D900
2000CE4C
60000000
70000003
F0000000
1001D920
2000DE4C
60000000
70000003
F0000000
1001D940
2000EE4C
60000000
70000003
F0000000
1001D960
2000FE4C
60000000
70000003
F0000000
1001D980
20010E4C
60000000
70000003
F0000000
1001D9A0
20011E4C
60000000
70000003
F0000000
1001D9C0
20012E4C
60000000
70000003
F0000000
1001D9E0
20013E4C
60000000
70000003
F0000000
1001DA00
20014E4C
60000000
70000003
F0000000
1001DA20
20015E4C
60000000
70000002
F0000000
80004000
A0000002
10022000
20004DEC
60000001
70000001
F0000000
10022020
20005DEC
60000000
70000003
F0000000
10022040
20006DEC
60000000
70000003
F0000000
10022060
20007DEC
60000000
70000003
F0000000
10022080
20008DEC
60000000
70000003
F0000000
100220A0
20009DEC
60000000
70000003
F0000000
100220C0
2000ADEC
60000000
70000003
F0000000
100220E0
2000BDEC
60000000
70000003
F0000000
10022100
2000CDEC
60000000
70000003
F0000000
10022120
2000DDEC
60000000
70000003
F0000000
10022140
2000EDEC
60000000
70000003
F0000000
10022160
2000FDEC
60000000
70000003
F0000000
10022180
20010DEC
60000000
70000003
F0000000
100221A0
20011DEC
60000000
70000003
F0000000
100221C0
20012DEC
60000000
70000003
F0000000
100221E0
20013DEC
60000000
70000003
F0000000
10022200
20014DEC
60000000
70000003
F0000000
10022220
20015DEC
60000000
70000002
F0000000
80004020
A0000002
10022000
20004E0C
60000001
70000001
F0000000
10022020
20005E0C
60000000
70000003
F0000000
10022040
20006E0C
60000000
70000003
F0000000
10022060
20007E0C
60000000
70000003
F0000000
10022080
20008E0C
60000000
70000003
F0000000
100220A0
20009E0C
60000000
70000003
F0000000
100220C0
2000AE0C
60000000
70000003
F0000000
100220E0
2000BE0C
60000000
70000003
F0000000
10022100
2000CE0C
60000000
70000003
F0000000
10022120
2000DE0C
60000000
70000003
F0000000
10022140
2000EE0C
60000000
70000003
F0000000
10022160
2000FE0C
60000000
70000003
F0000000
10022180
20010E0C
60000000
70000003
F0000000
100221A0
20011E0C
60000000
70000003
F0000000
100221C0
20012E0C
60000000
70000003
F0000000
100221E0
20013E0C
60000000
70000003
F0000000
10022200
20014E0C
60000000
70000003
F0000000
10022220
20015E0C
60000000
70000002
F0000000
80004040
A0000002
10022000
20004E2C
60000001
70000001
F0000000
10022020
20005E2C
60000000
70000003
F0000000
10022040
20006E2C
60000000
70000003
F0000000
10022060
20007E2C
60000000
70000003
F0000000
10022080
20008E2C
60000000
70000003
F0000000
100220A0
20009E2C
60000000
70000003
F0000000
100220C0
2000AE2C
60000000
70000003
F0000000
100220E0
2000BE2C
60000000
70000003
F0000000
10022100
2000CE2C
60000000
70000003
F0000000
10022120
2000DE2C
60000000
70000003
F0000000
10022140
2000EE2C
60000000
70000003
F0000000
10022160
2000FE2C
60000000
70000003
F0000000
10022180
20010E2C
60000000
70000003
F0000000
100221A0
20011E2C
60000000
70000003
F0000000
100221C0
20012E2C
60000000
70000003
F0000000
100221E0
20013E2C
60000000
70000003
F0000000
10022200
20014E2C
60000000
70000003
F0000000
10022220
20015E2C
60000000
70000002
F0000000
80004060
A0000002
10022000
20004E4C
60000001
70000001
F0000000
10022020
20005E4C
60000000
70000003
F0000000
10022040
20006E4C
60000000
70000003
F0000000
10022060
20007E4C
60000000
70000003
F0000000
10022080
20008E4C
60000000
70000003
F0000000
100220A0
20009E4C
60000000
70000003
F0000000
100220C0
2000AE4C
60000000
70000003
F0000000
100220E0
2000BE4C
60000000
70000003
F0000000
10022100
2000CE4C
60000000
70000003
F0000000
10022120
2000DE4C
60000000
70000003
F0000000
10022140
2000EE4C
60000000
70000003
F0000000
10022160
2000FE4C
60000000
70000003
F0000000
10022180
20010E4C
60000000
70000003
F0000000
100221A0
20011E4C
60000000
70000003
F0000000
100221C0
20012E4C
60000000
70000003
F0000000
100221E0
20013E4C
60000000
70000003
F0000000
10022200
20014E4C
60000000
70000003
F0000000
10022220
20015E4C
60000000
70000002
F0000000
80005000
A0000002
10026800
20004DEC
60000001
70000001
F0000000
10026820
20005DEC
60000000
70000003
F0000000
10026840
20006DEC
60000000
70000003
F0000000
10026860
20007DEC
60000000
70000003
F0000000
10026880
20008DEC
60000000
70000003
F0000000
100268A0
20009DEC
60000000
70000003
F0000000
100268C0
2000ADEC
60000000
70000003
F0000000
100268E0
2000BDEC
60000000
70000003
F0000000
10026900
2000CDEC
60000000
70000003
F0000000
10026920
2000DDEC
60000000
70000003
F0000000
10026940
2000EDEC
60000000
70000003
F0000000
10026960
2000FDEC
60000000
70000003
F0000000
10026980
20010DEC
60000000
70000003
F0000000
100269A0
20011DEC
60000000
70000003
F0000000
100269C0
20012DEC
60000000
70000003
F0000000
100269E0
20013DEC
60000000
70000003
F0000000
10026A00
20014DEC
60000000
70000003
F0000000
10026A20
20015DEC
60000000
70000002
F0000000
80005020
A0000002
10026800
20004E0C
60000001
70000001
F0000000
10026820
20005E0C
60000000
70000003
F0000000
10026840
20006E0C
60000000
70000003
F0000000
10026860
20007E0C
60000000
70000003
F0000000
10026880
20008E0C
60000000
70000003
F0000000
100268A0
20009E0C
60000000
70000003
F0000000
100268C0
2000AE0C
60000000
70000003
F0000000
100268E0
2000BE0C
60000000
70000003
F0000000
10026900
2000CE0C
60000000
70000003
F0000000
10026920
2000DE0C
60000000
70000003
F0000000
10026940
2000EE0C
60000000
70000003
F0000000
10026960
2000FE0C
60000000
70000003
F0000000
10026980
20010E0C
60000000
70000003
F0000000
100269A0
20011E0C
60000000
70000003
F0000000
100269C0
20012E0C
60000000
70000003
F0000000
100269E0
20013E0C
60000000
70000003
F0000000
10026A00
20014E0C
60000000
70000003
F0000000
10026A20
20015E0C
60000000
70000002
F0000000
80005040
A0000002
10026800
20004E2C
60000001
70000001
F0000000
10026820
20005E2C
60000000
70000003
F0000000
10026840
20006E2C
60000000
70000003
F0000000
10026860
20007E2C
60000000
70000003
F0000000
10026880
20008E2C
60000000
70000003
F0000000
100268A0
20009E2C
60000000
70000003
F0000000
100268C0
2000AE2C
60000000
70000003
F0000000
100268E0
2000BE2C
60000000
70000003
F0000000
10026900
2000CE2C
60000000
70000003
F0000000
10026920
2000DE2C
60000000
70000003
F0000000
10026940
2000EE2C
60000000
70000003
F0000000
10026960
2000FE2C
60000000
70000003
F0000000
10026980
20010E2C
60000000
70000003
F0000000
100269A0
20011E2C
60000000
70000003
F0000000
100269C0
20012E2C
60000000
70000003
F0000000
100269E0
20013E2C
60000000
70000003
F0000000
10026A00
20014E2C
60000000
70000003
F0000000
10026A20
20015E2C
60000000
70000002
F0000000
80005060
A0000002
10026800
20004E4C
60000001
70000001
F0000000
10026820
20005E4C
60000000
70000003
F0000000
10026840
20006E4C
60000000
70000003
F0000000
10026860
20007E4C
60000000
70000003
F0000000
10026880
20008E4C
60000000
70000003
F0000000
100268A0
20009E4C
60000000
70000003
F0000000
100268C0
2000AE4C
60000000
70000003
F0000000
100268E0
2000BE4C
60000000
70000003
F0000000
10026900
2000CE4C
60000000
70000003
F0000000
10026920
2000DE4C
60000000
70000003
F0000000
10026940
2000EE4C
60000000
70000003
F0000000
10026960
2000FE4C
60000000
70000003
F0000000
10026980
20010E4C
60000000
70000003
F0000000
100269A0
20011E4C
60000000
70000003
F0000000
100269C0
20012E4C
60000000
70000003
F0000000
100269E0
20013E4C
60000000
70000003
F0000000
10026A00
20014E4C
60000000
70000003
F0000000
10026A20
20015E4C
60000000
70000002
F0000000
80006000
A0000002
1002B000
20004DEC
60000001
70000001
F0000000
1002B020
20005DEC
60000000
70000003
F0000000
1002B040
20006DEC
60000000
70000003
F0000000
1002B060
20007DEC
60000000
70000003
F0000000
1002B080
20008DEC
60000000
70000003
F0000000
1002B0A0
20009DEC
60000000
70000003
F0000000
1002B0C0
2000ADEC
60000000
70000003
F0000000
1002B0E0
2000BDEC
60000000
70000003
F0000000
1002B100
2000CDEC
60000000
70000003
F0000000
1002B120
2000DDEC
60000000
70000003
F0000000
1002B140
2000EDEC
60000000
70000003
F0000000
1002B160
2000FDEC
60000000
70000003
F0000000
1002B180
20010DEC
60000000
70000003
F0000000
1002B1A0
20011DEC
60000000
70000003
F0000000
1002B1C0
20012DEC
60000000
70000003
F0000000
1002B1E0
20013DEC
60000000
70000003
F0000000
1002B200
20014DEC
60000000
70000003
F0000000
1002B220
20015DEC
60000000
70000002
F0000000
80006020
A0000002
1002B000
20004E0C
60000001
70000001
F0000000
1002B020
20005E0C
60000000
70000003
F0000000
1002B040
20006E0C
60000000
70000003
F0000000
1002B060
20007E0C
60000000
70000003
F0000000
1002B080
20008E0C
60000000
70000003
F0000000
1002B0A0
20009E0C
60000000
70000003
F0000000
1002B0C0
2000AE0C
60000000
70000003
F0000000
1002B0E0
2000BE0C
60000000
70000003
F0000000
1002B100
2000CE0C
60000000
70000003
F0000000
1002B120
2000DE0C
60000000
70000003
F0000000
1002B140
2000EE0C
60000000
70000003
F0000000
1002B160
2000FE0C
60000000
70000003
F0000000
1002B180
20010E0C
60000000
70000003
F0000000
1002B1A0
20011E0C
60000000
70000003
F0000000
1002B1C0
20012E0C
60000000
70000003
F0000000
1002B1E0
20013E0C
60000000
70000003
F0000000
1002B200
20014E0C
60000000
70000003
F0000000
1002B220
20015E0C
60000000
70000002
F0000000
80006040
A0000002
1002B000
20004E2C
60000001
70000001
F0000000
1002B020
20005E2C
60000000
70000003
F0000000
1002B040
20006E2C
60000000
70000003
F0000000
1002B060
20007E2C
60000000
70000003
F0000000
1002B080
20008E2C
60000000
70000003
F0000000
1002B0A0
20009E2C
60000000
70000003
F0000000
1002B0C0
2000AE2C
60000000
70000003
F0000000
1002B0E0
2000BE2C
60000000
70000003
F0000000
1002B100
2000CE2C
60000000
70000003
F0000000
1002B120
2000DE2C
60000000
70000003
F0000000
1002B140
2000EE2C
60000000
70000003
F0000000
1002B160
2000FE2C
60000000
70000003
F0000000
1002B180
20010E2C
60000000
70000003
F0000000
1002B1A0
20011E2C
60000000
70000003
F0000000
1002B1C0
20012E2C
60000000
70000003
F0000000
1002B1E0
20013E2C
60000000
70000003
F0000000
1002B200
20014E2C
60000000
70000003
F0000000
1002B220
20015E2C
60000000
70000002
F0000000
80006060
A0000002
1002B000
20004E4C
60000001
70000001
F0000000
1002B020
20005E4C
60000000
70000003
F0000000
1002B040
20006E4C
60000000
70000003
F0000000
1002B060
20007E4C
60000000
70000003
F0000000
1002B080
20008E4C
60000000
70000003
F0000000
1002B0A0
20009E4C
60000000
70000003
F0000000
1002B0C0
2000AE4C
60000000
70000003
F0000000
1002B0E0
2000BE4C
60000000
70000003
F0000000
1002B100
2000CE4C
60000000
70000003
F0000000
1002B120
2000DE4C
60000000
70000003
F0000000
1002B140
2000EE4C
60000000
70000003
F0000000
1002B160
2000FE4C
60000000
70000003
F0000000
1002B180
20010E4C
60000000
70000003
F0000000
1002B1A0
20011E4C
60000000
70000003
F0000000
1002B1C0
20012E4C
60000000
70000003
F0000000
1002B1E0
20013E4C
60000000
70000003
F0000000
1002B200
20014E4C
60000000
70000003
F0000000
1002B220
20015E4C
60000000
70000002
F0000000
80007000
A0000002
1002F800
20004DEC
60000001
70000001
F0000000
1002F820
20005DEC
60000000
70000003
F0000000
1002F840
20006DEC
60000000
70000003
F0000000
1002F860
20007DEC
60000000
70000003
F0000000
1002F880
20008DEC
60000000
70000003
F0000000
1002F8A0
20009DEC
60000000
70000003
F0000000
1002F8C0
2000ADEC
60000000
70000003
F0000000
1002F8E0
2000BDEC
60000000
70000003
F0000000
1002F900
2000CDEC
60000000
70000003
F0000000
1002F920
2000DDEC
60000000
70000003
F0000000
1002F940
2000EDEC
60000000
70000003
F0000000
1002F960
2000FDEC
60000000
70000003
F0000000
1002F980
20010DEC
60000000
70000003
F0000000
1002F9A0
20011DEC
60000000
70000003
F0000000
1002F9C0
20012DEC
60000000
70000003
F0000000
1002F9E0
20013DEC
60000000
70000003
F0000000
1002FA00
20014DEC
60000000
70000003
F0000000
1002FA20
20015DEC
60000000
70000002
F0000000
80007020
A0000002
1002F800
20004E0C
60000001
70000001
F0000000
1002F820
20005E0C
60000000
70000003
F0000000
1002F840
20006E0C
60000000
70000003
F0000000
1002F860
20007E0C
60000000
70000003
F0000000
1002F880
20008E0C
60000000
70000003
F0000000
1002F8A0
20009E0C
60000000
70000003
F0000000
1002F8C0
2000AE0C
60000000
70000003
F0000000
1002F8E0
2000BE0C
60000000
70000003
F0000000
1002F900
2000CE0C
60000000
70000003
F0000000
1002F920
2000DE0C
60000000
70000003
F0000000
1002F940
2000EE0C
60000000
70000003
F0000000
1002F960
2000FE0C
60000000
70000003
F0000000
1002F980
20010E0C
60000000
70000003
F0000000
1002F9A0
20011E0C
60000000
70000003
F0000000
1002F9C0
20012E0C
60000000
70000003
F0000000
1002F9E0
20013E0C
60000000
70000003
F0000000
1002FA00
20014E0C
60000000
70000003
F0000000
1002FA20
20015E0C
60000000
70000002
F0000000
80007040
A0000002
1002F800
20004E2C
60000001
70000001
F0000000
1002F820
20005E2C
60000000
70000003
F0000000
1002F840
20006E2C
60000000
70000003
F0000000
1002F860
20007E2C
60000000
70000003
F0000000
1002F880
20008E2C
60000000
70000003
F0000000
1002F8A0
20009E2C
60000000
70000003
F0000000
1002F8C0
2000AE2C
60000000
70000003
F0000000
1002F8E0
2000BE2C
60000000
70000003
F0000000
1002F900
2000CE2C
60000000
70000003
F0000000
1002F920
2000DE2C
60000000
70000003
F0000000
1002F940
2000EE2C
60000000
70000003
F0000000
1002F960
2000FE2C
60000000
70000003
F0000000
1002F980
20010E2C
60000000
70000003
F0000000
1002F9A0
20011E2C
60000000
70000003
F0000000
1002F9C0
20012E2C
60000000
70000003
F0000000
1002F9E0
20013E2C
60000000
70000003
F0000000
1002FA00
20014E2C
60000000
70000003
F0000000
1002FA20
20015E2C
60000000
70000002
F0000000
80007060
A0000002
1002F800
20004E4C
60000001
70000001
F0000000
1002F820
20005E4C
60000000
70000003
F0000000
1002F840
20006E4C
60000000
70000003
F0000000
1002F860
20007E4C
60000000
70000003
F0000000
1002F880
20008E4C
60000000
70000003
F0000000
1002F8A0
20009E4C
60000000
70000003
F0000000
1002F8C0
2000AE4C
60000000
70000003
F0000000
1002F8E0
2000BE4C
60000000
70000003
F0000000
1002F900
2000CE4C
60000000
70000003
F0000000
1002F920
2000DE4C
60000000
70000003
F0000000
1002F940
2000EE4C
60000000
70000003
F0000000
1002F960
2000FE4C
60000000
70000003
F0000000
1002F980
20010E4C
60000000
70000003
F0000000
1002F9A0
20011E4C
60000000
70000003
F0000000
1002F9C0
20012E4C
60000000
70000003
F0000000
1002F9E0
20013E4C
60000000
70000003
F0000000
1002FA00
20014E4C
60000000
70000003
F0000000
1002FA20
20015E4C
60000000
70000002
F0000000
E0000000
30000020
B04D1F8C
80010000
A0000002
10000000
200095EC
60000001
70000001
F0000000
10000020
2000A5EC
60000000
70000003
F0000000
10000040
2000B5EC
60000000
70000003
F0000000
10000060
2000C5EC
60000000
70000002
F0000000
80010020
A0000002
10000000
2000960C
60000001
70000001
F0000000
10000020
2000A60C
60000000
70000003
F0000000
10000040
2000B60C
60000000
70000003
F0000000
10000060
2000C60C
60000000
70000002
F0000000
80010040
A0000002
10000000
2000962C
60000001
70000001
F0000000
10000020
2000A62C
60000000
70000003
F0000000
10000040
2000B62C
60000000
70000003
F0000000
10000060
2000C62C
60000000
70000002
F0000000
80010060
A0000002
10000000
2000964C
60000001
70000001
F0000000
10000020
2000A64C
60000000
70000003
F0000000
10000040
2000B64C
60000000
70000003
F0000000
10000060
2000C64C
60000000
70000002
F0000000
80011000
A0000002
10001000
200095EC
60000001
70000001
F0000000
10001020
2000A5EC
60000000
70000003
F0000000
10001040
2000B5EC
60000000
70000003
F0000000
10001060
2000C5EC
60000000
70000002
F0000000
80011020
A0000002
10001000
2000960C
60000001
70000001
F0000000
10001020
2000A60C
60000000
70000003
F0000000
10001040
2000B60C
60000000
70000003
F0000000
10001060
2000C60C
60000000
70000002
F0000000
80011040
A0000002
10001000
2000962C
60000001
70000001
F0000000
10001020
2000A62C
60000000
70000003
F0000000
10001040
2000B62C
60000000
70000003
F0000000
10001060
2000C62C
60000000
70000002
F0000000
80011060
A0000002
10001000
2000964C
60000001
70000001
F0000000
10001020
2000A64C
60000000
70000003
F0000000
10001040
2000B64C
60000000
70000003
F0000000
10001060
2000C64C
60000000
70000002
F0000000
80012000
A0000002
10002000
200095EC
60000001
70000001
F0000000
10002020
2000A5EC
60000000
70000003
F0000000
10002040
2000B5EC
60000000
70000003
F0000000
10002060
2000C5EC
60000000
70000002
F0000000
80012020
A0000002
10002000
2000960C
60000001
70000001
F0000000
10002020
2000A60C
60000000
70000003
F0000000
10002040
2000B60C
60000000
70000003
F0000000
10002060
2000C60C
60000000
70000002
F0000000
80012040
A0000002
10002000
2000962C
60000001
70000001
F0000000
10002020
2000A62C
60000000
70000003
F0000000
10002040
2000B62C
60000000
70000003
F0000000
10002060
2000C62C
60000000
70000002
F0000000
80012060
A0000002
10002000
2000964C
60000001
70000001
F0000000
10002020
2000A64C
60000000
70000003
F0000000
10002040
2000B64C
60000000
70000003
F0000000
10002060
2000C64C
60000000
70000002
F0000000
80013000
A0000002
10003000
200095EC
60000001
70000001
F0000000
10003020
2000A5EC
60000000
70000003
F0000000
10003040
2000B5EC
60000000
70000003
F0000000
10003060
2000C5EC
60000000
70000002
F0000000
80013020
A0000002
10003000
2000960C
60000001
70000001
F0000000
10003020
2000A60C
60000000
70000003
F0000000
10003040
2000B60C
60000000
70000003
F0000000
10003060
2000C60C
60000000
70000002
F0000000
80013040
A0000002
10003000
2000962C
60000001
70000001
F0000000
10003020
2000A62C
60000000
70000003
F0000000
10003040
2000B62C
60000000
70000003
F0000000
10003060
2000C62C
60000000
70000002
F0000000
80013060
A0000002
10003000
2000964C
60000001
70000001
F0000000
10003020
2000A64C
60000000
70000003
F0000000
10003040
2000B64C
60000000
70000003
F0000000
10003060
2000C64C
60000000
70000002
F0000000
80014000
A0000002
10004000
200095EC
60000001
70000001
F0000000
10004020
2000A5EC
60000000
70000003
F0000000
10004040
2000B5EC
60000000
70000003
F0000000
10004060
2000C5EC
60000000
70000002
F0000000
80014020
A0000002
10004000
2000960C
60000001
70000001
F0000000
10004020
2000A60C
60000000
70000003
F0000000
10004040
2000B60C
60000000
70000003
F0000000
10004060
2000C60C
60000000
70000002
F0000000
80014040
A0000002
10004000
2000962C
60000001
70000001
F0000000
10004020
2000A62C
60000000
70000003
F0000000
10004040
2000B62C
60000000
70000003
F0000000
10004060
2000C62C
60000000
70000002
F0000000
80014060
A0000002
10004000
2000964C
60000001
70000001
F0000000
10004020
2000A64C
60000000
70000003
F0000000
10004040
2000B64C
60000000
70000003
F0000000
10004060
2000C64C
60000000
70000002
F0000000
80015000
A0000002
10005000
200095EC
60000001
70000001
F0000000
10005020
2000A5EC
60000000
70000003
F0000000
10005040
2000B5EC
60000000
70000003
F0000000
10005060
2000C5EC
60000000
70000002
F0000000
80015020
A0000002
10005000
2000960C
60000001
70000001
F0000000
10005020
2000A60C
60000000
70000003
F0000000
10005040
2000B60C
60000000
70000003
F0000000
10005060
2000C60C
60000000
70000002
F0000000
80015040
A0000002
10005000
2000962C
60000001
70000001
F0000000
10005020
2000A62C
60000000
70000003
F0000000
10005040
2000B62C
60000000
70000003
F0000000
10005060
2000C62C
60000000
70000002
F0000000
80015060
A0000002
10005000
2000964C
60000001
70000001
F0000000
10005020
2000A64C
60000000
70000003
F0000000
10005040
2000B64C
60000000
70000003
F0000000
10005060
2000C64C
60000000
70000002
F0000000
80016000
A0000002
10006000
200095EC
60000001
70000001
F0000000
10006020
2000A5EC
60000000
70000003
F0000000
10006040
2000B5EC
60000000
70000003
F0000000
10006060
2000C5EC
60000000
70000002
F0000000
80016020
A0000002
10006000
2000960C
60000001
70000001
F0000000
10006020
2000A60C
60000000
70000003
F0000000
10006040
2000B60C
60000000
70000003
F0000000
10006060
2000C60C
60000000
70000002
F0000000
80016040
A0000002
10006000
2000962C
60000001
70000001
F0000000
10006020
2000A62C
60000000
70000003
F0000000
10006040
2000B62C
60000000
70000003
F0000000
10006060
2000C62C
60000000
70000002
F0000000
80016060
A0000002
10006000
2000964C
60000001
70000001
F0000000
10006020
2000A64C
60000000
70000003
F0000000
10006040
2000B64C
60000000
70000003
F0000000
10006060
2000C64C
60000000
70000002
F0000000
80017000
A0000002
10007000
200095EC
60000001
70000001
F0000000
10007020
2000A5EC
60000000
70000003
F0000000
10007040
2000B5EC
60000000
70000003
F0000000
10007060
2000C5EC
60000000
70000002
F0000000
80017020
A0000002
10007000
2000960C
60000001
70000001
F0000000
10007020
2000A60C
60000000
70000003
F0000000
10007040
2000B60C
60000000
70000003
F0000000
10007060
2000C60C
60000000
70000002
F0000000
80017040
A0000002
10007000
2000962C
60000001
70000001
F0000000
10007020
2000A62C
60000000
70000003
F0000000
10007040
2000B62C
60000000
70000003
F0000000
10007060
2000C62C
60000000
70000002
F0000000
80017060
A0000002
10007000
2000964C
60000001
70000001
F0000000
10007020
2000A64C
60000000
70000003
F0000000
10007040
2000B64C
60000000
70000003
F0000000
10007060
2000C64C
60000000
70000002
F0000000
E0000000
30000020
B159F5A4
80000000
A0000002
10010000
2000A5EC
60000001
70000001
F0000000
10010020
2000B5EC
60000000
70000003
F0000000
10010040
2000C5EC
60000000
70000003
F0000000
10010060
2000D5EC
60000000
70000003
F0000000
10010080
2000E5EC
60000000
70000003
F0000000
100100A0
2000F5EC
60000000
70000003
F0000000
100100C0
200105EC
60000000
70000003
F0000000
100100E0
200115EC
60000000
70000002
F0000000
80000020
A0000002
10010000
2000A60C
60000001
70000001
F0000000
10010020
2000B60C
60000000
70000003
F0000000
10010040
2000C60C
60000000
70000003
F0000000
10010060
2000D60C
60000000
70000003
F0000000
10010080
2000E60C
60000000
70000003
F0000000
100100A0
2000F60C
60000000
70000003
F0000000
100100C0
2001060C
60000000
70000003
F0000000
100100E0
2001160C
60000000
70000002
F0000000
80000040
A0000002
10010000
2000A62C
60000001
70000001
F0000000
10010020
2000B62C
60000000
70000003
F0000000
10010040
2000C62C
60000000
70000003
F0000000
10010060
2000D62C
60000000
70000003
F0000000
10010080
2000E62C
60000000
70000003
F0000000
100100A0
2000F62C
60000000
70000003
F0000000
100100C0
2001062C
60000000
70000003
F0000000
100100E0
2001162C
60000000
70000002
F0000000
80000060
A0000002
10010000
2000A64C
60000001
70000001
F0000000
10010020
2000B64C
60000000
70000003
F0000000
10010040
2000C64C
60000000
70000003
F0000000
10010060
2000D64C
60000000
70000003
F0000000
10010080
2000E64C
60000000
70000003
F0000000
100100A0
2000F64C
60000000
70000003
F0000000
100100C0
2001064C
60000000
70000003
F0000000
100100E0
2001164C
60000000
70000002
F0000000
80001000
A0000002
10012000
2000A5EC
60000001
70000001
F0000000
10012020
2000B5EC
60000000
70000003
F0000000
10012040
2000C5EC
60000000
70000003
F0000000
10012060
2000D5EC
60000000
70000003
F0000000
10012080
2000E5EC
60000000
70000003
F0000000
100120A0
2000F5EC
60000000
70000003
F0000000
100120C0
200105EC
60000000
70000003
F0000000
100120E0
200115EC
60000000
70000002
F0000000
80001020
A0000002
10012000
2000A60C
60000001
70000001
F0000000
10012020
2000B60C
60000000
70000003
F0000000
10012040
2000C60C
60000000
70000003
F0000000
10012060
2000D60C
60000000
70000003
F0000000
10012080
2000E60C
60000000
70000003
F0000000
100120A0
2000F60C
60000000
70000003
F0000000
100120C0
2001060C
60000000
70000003
F0000000
100120E0
2001160C
60000000
70000002
F0000000
80001040
A0000002
10012000
2000A62C
60000001
70000001
F0000000
10012020
2000B62C
60000000
70000003
F0000000
10012040
2000C62C
60000000
70000003
F0000000
10012060
2000D62C
60000000
70000003
F0000000
10012080
2000E62C
60000000
70000003
F0000000
100120A0
2000F62C
60000000
70000003
F0000000
100120C0
2001062C
60000000
70000003
F0000000
100120E0
2001162C
60000000
70000002
F0000000
80001060
A0000002
10012000
2000A64C
60000001
70000001
F0000000
10012020
2000B64C
60000000
70000003
F0000000
10012040
2000C64C
60000000
70000003
F0000000
10012060
2000D64C
60000000
70000003
F0000000
10012080
2000E64C
60000000
70000003
F0000000
100120A0
2000F64C
60000000
70000003
F0000000
100120C0
2001064C
60000000
70000003
F0000000
100120E0
2001164C
60000000
70000002
F0000000
80002000
A0000002
10014000
2000A5EC
60000001
70000001
F0000000
10014020
2000B5EC
60000000
70000003
F0000000
10014040
2000C5EC
60000000
70000003
F0000000
10014060
2000D5EC
60000000
70000003
F0000000
10014080
2000E5EC
60000000
70000003
F0000000
100140A0
2000F5EC
60000000
70000003
F0000000
100140C0
200105EC
60000000
70000003
F0000000
100140E0
200115EC
60000000
70000002
F0000000
80002020
A0000002
10014000
2000A60C
60000001
70000001
F0000000
10014020
2000B60C
60000000
70000003
F0000000
10014040
2000C60C
60000000
70000003
F0000000
10014060
2000D60C
60000000
70000003
F0000000
10014080
2000E60C
60000000
70000003
F0000000
100140A0
2000F60C
60000000
70000003
F0000000
100140C0
2001060C
60000000
70000003
F0000000
100140E0
2001160C
60000000
70000002
F0000000
80002040
A0000002
10014000
2000A62C
60000001
70000001
F0000000
10014020
2000B62C
60000000
70000003
F0000000
10014040
2000C62C
60000000
70000003
F0000000
10014060
2000D62C
60000000
70000003
F0000000
10014080
2000E62C
60000000
70000003
F0000000
100140A0
2000F62C
60000000
70000003
F0000000
100140C0
2001062C
60000000
70000003
F0000000
100140E0
2001162C
60000000
70000002
F0000000
80002060
A0000002
10014000
2000A64C
60000001
70000001
F0000000
10014020
2000B64C
60000000
70000003
F0000000
10014040
2000C64C
60000000
70000003
F0000000
10014060
2000D64C
60000000
70000003
F0000000
10014080
2000E64C
60000000
70000003
F0000000
100140A0
2000F64C
60000000
70000003
F0000000
100140C0
2001064C
60000000
70000003
F0000000
100140E0
2001164C
60000000
70000002
F0000000
80003000
A0000002
10016000
2000A5EC
60000001
70000001
F0000000
10016020
2000B5EC
60000000
70000003
F0000000
10016040
2000C5EC
60000000
70000003
F0000000
10016060
2000D5EC
60000000
70000003
F0000000
10016080
2000E5EC
60000000
70000003
F0000000
100160A0
2000F5EC
60000000
70000003
F0000000
100160C0
200105EC
60000000
70000003
F0000000
100160E0
200115EC
60000000
70000002
F0000000
80003020
A0000002
10016000
2000A60C
60000001
70000001
F0000000
10016020
2000B60C
60000000
70000003
F0000000
10016040
2000C60C
60000000
70000003
F0000000
10016060
2000D60C
60000000
70000003
F0000000
10016080
2000E60C
60000000
70000003
F0000000
100160A0
2000F60C
60000000
70000003
F0000000
100160C0
2001060C
60000000
70000003
F0000000
100160E0
2001160C
60000000
70000002
F0000000
80003040
A0000002
10016000
2000A62C
60000001
70000001
F0000000
10016020
2000B62C
60000000
70000003
F0000000
10016040
2000C62C
60000000
70000003
F0000000
10016060
2000D62C
60000000
70000003
F0000000
10016080
2000E62C
60000000
70000003
F0000000
100160A0
2000F62C
60000000
70000003
F0000000
100160C0
2001062C
60000000
70000003
F0000000
100160E0
2001162C
60000000
70000002
F0000000
80003060
A0000002
10016000
2000A64C
60000001
70000001
F0000000
10016020
2000B64C
60000000
70000003
F0000000
10016040
2000C64C
60000000
70000003
F0000000
10016060
2000D64C
60000000
70000003
F0000000
10016080
2000E64C
60000000
70000003
F0000000
100160A0
2000F64C
60000000
70000003
F0000000
100160C0
2001064C
60000000
70000003
F0000000
100160E0
2001164C
60000000
70000002
F0000000
80004000
A0000002
10018000
2000A5EC
60000001
70000001
F0000000
10018020
2000B5EC
60000000
70000003
F0000000
10018040
2000C5EC
60000000
70000003
F0000000
10018060
2000D5EC
60000000
70000003
F0000000
10018080
2000E5EC
60000000
70000003
F0000000
100180A0
2000F5EC
60000000
70000003
F0000000
100180C0
200105EC
60000000
70000003
F0000000
100180E0
200115EC
60000000
70000002
F0000000
80004020
A0000002
10018000
2000A60C
60000001
70000001
F0000000
10018020
2000B60C
60000000
70000003
F0000000
10018040
2000C60C
60000000
70000003
F0000000
10018060
2000D60C
60000000
70000003
F0000000
10018080
2000E60C
60000000
70000003
F0000000
100180A0
2000F60C
60000000
70000003
F0000000
100180C0
2001060C
60000000
70000003
F0000000
100180E0
2001160C
60000000
70000002
F0000000
80004040
A0000002
10018000
2000A62C
60000001
70000001
F0000000
10018020
2000B62C
60000000
70000003
F0000000
10018040
2000C62C
60000000
70000003
F0000000
10018060
2000D62C
60000000
70000003
F0000000
10018080
2000E62C
60000000
70000003
F0000000
100180A0
2000F62C
60000000
70000003
F0000000
100180C0
2001062C
60000000
70000003
F0000000
100180E0
2001162C
60000000
70000002
F0000000
80004060
A0000002
10018000
2000A64C
60000001
70000001
F0000000
10018020
2000B64C
60000000
70000003
F0000000
10018040
2000C64C
60000000
70000003
F0000000
10018060
2000D64C
60000000
70000003
F0000000
10018080
2000E64C
60000000
70000003
F0000000
100180A0
2000F64C
60000000
70000003
F0000000
100180C0
2001064C
60000000
70000003
F0000000
100180E0
2001164C
60000000
70000002
F0000000
80005000
A0000002
1001A000
2000A5EC
60000001
70000001
F0000000
1001A020
2000B5EC
60000000
70000003
F0000000
1001A040
2000C5EC
60000000
70000003
F0000000
1001A060
2000D5EC
60000000
70000003
F0000000
1001A080
2000E5EC
60000000
70000003
F0000000
1001A0A0
2000F5EC
60000000
70000003
F0000000
1001A0C0
200105EC
60000000
70000003
F0000000
1001A0E0
200115EC
60000000
70000002
F0000000
80005020
A0000002
1001A000
2000A60C
60000001
70000001
F0000000
1001A020
2000B60C
60000000
70000003
F0000000
1001A040
2000C60C
60000000
70000003
F0000000
1001A060
2000D60C
60000000
70000003
F0000000
1001A080
2000E60C
60000000
70000003
F0000000
1001A0A0
2000F60C
60000000
70000003
F0000000
1001A0C0
2001060C
60000000
70000003
F0000000
1001A0E0
2001160C
60000000
70000002
F0000000
80005040
A0000002
1001A000
2000A62C
60000001
70000001
F0000000
1001A020
2000B62C
60000000
70000003
F0000000
1001A040
2000C62C
60000000
70000003
F0000000
1001A060
2000D62C
60000000
70000003
F0000000
1001A080
2000E62C
60000000
70000003
F0000000
1001A0A0
2000F62C
60000000
70000003
F0000000
1001A0C0
2001062C
60000000
70000003
F0000000
1001A0E0
2001162C
60000000
70000002
F0000000
80005060
A0000002
1001A000
2000A64C
60000001
70000001
F0000000
1001A020
2000B64C
60000000
70000003
F0000000
1001A040
2000C64C
60000000
70000003
F0000000
1001A060
2000D64C
60000000
70000003
F0000000
1001A080
2000E64C
60000000
70000003
F0000000
1001A0A0
2000F64C
60000000
70000003
F0000000
1001A0C0
2001064C
60000000
70000003
F0000000
1001A0E0
2001164C
60000000
70000002
F0000000
80006000
A0000002
1001C000
2000A5EC
60000001
70000001
F0000000
1001C020
2000B5EC
60000000
70000003
F0000000
1001C040
2000C5EC
60000000
70000003
F0000000
1001C060
2000D5EC
60000000
70000003
F0000000
1001C080
2000E5EC
60000000
70000003
F0000000
1001C0A0
2000F5EC
60000000
70000003
F0000000
1001C0C0
200105EC
60000000
70000003
F0000000
1001C0E0
200115EC
60000000
70000002
F0000000
80006020
A0000002
1001C000
2000A60C
60000001
70000001
F0000000
1001C020
2000B60C
60000000
70000003
F0000000
1001C040
2000C60C
60000000
70000003
F0000000
1001C060
2000D60C
60000000
70000003
F0000000
1001C080
2000E60C
60000000
70000003
F0000000
1001C0A0
2000F60C
60000000
70000003
F0000000
1001C0C0
2001060C
60000000
70000003
F0000000
1001C0E0
2001160C
60000000
70000002
F0000000
80006040
A0000002
1001C000
2000A62C
60000001
70000001
F0000000
1001C020
2000B62C
60000000
70000003
F0000000
1001C040
2000C62C
60000000
70000003
F0000000
1001C060
2000D62C
60000000
70000003
F0000000
1001C080
2000E62C
60000000
70000003
F0000000
1001C0A0
2000F62C
60000000
70000003
F0000000
1001C0C0
2001062C
60000000
70000003
F0000000
1001C0E0
2001162C
60000000
70000002
F0000000
80006060
A0000002
1001C000
2000A64C
60000001
70000001
F0000000
1001C020
2000B64C
60000000
70000003
F0000000
1001C040
2000C64C
60000000
70000003
F0000000
1001C060
2000D64C
60000000
70000003
F0000000
1001C080
2000E64C
60000000
70000003
F0000000
1001C0A0
2000F64C
60000000
70000003
F0000000
1001C0C0
2001064C
60000000
70000003
F0000000
1001C0E0
2001164C
60000000
70000002
F0000000
80007000
A0000002
1001E000
2000A5EC
60000001
70000001
F0000000
1001E020
2000B5EC
60000000
70000003
F0000000
1001E040
2000C5EC
60000000
70000003
F0000000
1001E060
2000D5EC
60000000
70000003
F0000000
1001E080
2000E5EC
60000000
70000003
F0000000
1001E0A0
2000F5EC
60000000
70000003
F0000000
1001E0C0
200105EC
60000000
70000003
F0000000
1001E0E0
200115EC
60000000
70000002
F0000000
80007020
A0000002
1001E000
2000A60C
60000001
70000001
F0000000
1001E020
2000B60C
60000000
70000003
F0000000
1001E040
2000C60C
60000000
70000003
F0000000
1001E060
2000D60C
60000000
70000003
F0000000
1001E080
2000E60C
60000000
70000003
F0000000
1001E0A0
2000F60C
60000000
70000003
F0000000
1001E0C0
2001060C
60000000
70000003
F0000000
1001E0E0
2001160C
60000000
70000002
F0000000
80007040
A0000002
1001E000
2000A62C
60000001
70000001
F0000000
1001E020
2000B62C
60000000
70000003
F0000000
1001E040
2000C62C
60000000
70000003
F0000000
1001E060
2000D62C
60000000
70000003
F0000000
1001E080
2000E62C
60000000
70000003
F0000000
1001E0A0
2000F62C
60000000
70000003
F0000000
1001E0C0
2001062C
60000000
70000003
F0000000
1001E0E0
2001162C
60000000
70000002
F0000000
80007060
A0000002
1001E000
2000A64C
60000001
70000001
F0000000
1001E020
2000B64C
60000000
70000003
F0000000
1001E040
2000C64C
60000000
70000003
F0000000
1001E060
2000D64C
60000000
70000003
F0000000
1001E080
2000E64C
60000000
70000003
F0000000
1001E0A0
2000F64C
60000000
70000003
F0000000
1001E0C0
2001064C
60000000
70000003
F0000000
1001E0E0
2001164C
60000000
70000002
F0000000
E0000000
30000020
B0751EF7
80010000
A0000002
10000000
2000C5EC
60000001
70000001
F0000000
10000020
2000CDEC
60000000
70000003
F0000000
10000040
2000D5EC
60000000
70000003
F0000000
10000060
2000DDEC
60000000
70000003
F0000000
10000080
2000E5EC
60000000
70000003
F0000000
100000A0
2000EDEC
60000000
70000003
F0000000
100000C0
2000F5EC
60000000
70000003
F0000000
100000E0
2000FDEC
60000000
70000003
F0000000
10000100
200105EC
60000000
70000003
F0000000
10000120
20010DEC
60000000
70000003
F0000000
10000140
200115EC
60000000
70000003
F0000000
10000160
20011DEC
60000000
70000003
F0000000
10000180
200125EC
60000000
70000003
F0000000
100001A0
20012DEC
60000000
70000003
F0000000
100001C0
200135EC
60000000
70000003
F0000000
100001E0
20013DEC
60000000
70000003
F0000000
10000200
200145EC
60000000
70000003
F0000000
10000220
20014DEC
60000000
70000002
F0000000
80010020
A0000002
10000000
2000C60C
60000001
70000001
F0000000
10000020
2000CE0C
60000000
70000003
F0000000
10000040
2000D60C
60000000
70000003
F0000000
10000060
2000DE0C
60000000
70000003
F0000000
10000080
2000E60C
60000000
70000003
F0000000
100000A0
2000EE0C
60000000
70000003
F0000000
100000C0
2000F60C
60000000
70000003
F0000000
100000E0
2000FE0C
60000000
70000003
F0000000
10000100
2001060C
60000000
70000003
F0000000
10000120
20010E0C
60000000
70000003
F0000000
10000140
2001160C
60000000
70000003
F0000000
10000160
20011E0C
60000000
70000003
F0000000
10000180
2001260C
60000000
70000003
F0000000
100001A0
20012E0C
60000000
70000003
F0000000
100001C0
2001360C
60000000
70000003
F0000000
100001E0
20013E0C
60000000
70000003
F0000000
10000200
2001460C
60000000
70000003
F0000000
10000220
20014E0C
60000000
70000002
F0000000
80010800
A0000002
10004800
2000C5EC
60000001
70000001
F0000000
10004820
2000CDEC
60000000
70000003
F0000000
10004840
2000D5EC
60000000
70000003
F0000000
10004860
2000DDEC
60000000
70000003
F0000000
10004880
2000E5EC
60000000
70000003
F0000000
100048A0
2000EDEC
60000000
70000003
F0000000
100048C0
2000F5EC
60000000
70000003
F0000000
100048E0
2000FDEC
60000000
70000003
F0000000
10004900
200105EC
60000000
70000003
F0000000
10004920
20010DEC
60000000
70000003
F0000000
10004940
200115EC
60000000
70000003
F0000000
10004960
20011DEC
60000000
70000003
F0000000
10004980
200125EC
60000000
70000003
F0000000
100049A0
20012DEC
60000000
70000003
F0000000
100049C0
200135EC
60000000
70000003
F0000000
100049E0
20013DEC
60000000
70000003
F0000000
10004A00
200145EC
60000000
70000003
F0000000
10004A20
20014DEC
60000000
70000002
F0000000
80010820
A0000002
10004800
2000C60C
60000001
70000001
F0000000
10004820
2000CE0C
60000000
70000003
F0000000
10004840
2000D60C
60000000
70000003
F0000000
10004860
2000DE0C
60000000
70000003
F0000000
10004880
2000E60C
60000000
70000003
F0000000
100048A0
2000EE0C
60000000
70000003
F0000000
100048C0
2000F60C
60000000
70000003
F0000000
100048E0
2000FE0C
60000000
70000003
F0000000
10004900
2001060C
60000000
70000003
F0000000
10004920
20010E0C
60000000
70000003
F0000000
10004940
2001160C
60000000
70000003
F0000000
10004960
20011E0C
60000000
70000003
F0000000
10004980
2001260C
60000000
70000003
F0000000
100049A0
20012E0C
60000000
70000003
F0000000
100049C0
2001360C
60000000
70000003
F0000000
100049E0
20013E0C
60000000
70000003
F0000000
10004A00
2001460C
60000000
70000003
F0000000
10004A20
20014E0C
60000000
70000002
F0000000
80011000
A0000002
10009000
2000C5EC
60000001
70000001
F0000000
10009020
2000CDEC
60000000
70000003
F0000000
10009040
2000D5EC
60000000
70000003
F0000000
10009060
2000DDEC
60000000
70000003
F0000000
10009080
2000E5EC
60000000
70000003
F0000000
100090A0
2000EDEC
60000000
70000003
F0000000
100090C0
2000F5EC
60000000
70000003
F0000000
100090E0
2000FDEC
60000000
70000003
F0000000
10009100
200105EC
60000000
70000003
F0000000
10009120
20010DEC
60000000
70000003
F0000000
10009140
200115EC
60000000
70000003
F0000000
10009160
20011DEC
60000000
70000003
F0000000
10009180
200125EC
60000000
70000003
F0000000
100091A0
20012DEC
60000000
70000003
F0000000
100091C0
200135EC
60000000
70000003
F0000000
100091E0
20013DEC
60000000
70000003
F0000000
10009200
200145EC
60000000
70000003
F0000000
10009220
20014DEC
60000000
70000002
F0000000
80011020
A0000002
10009000
2000C60C
60000001
70000001
F0000000
10009020
2000CE0C
60000000
70000003
F0000000
10009040
2000D60C
60000000
70000003
F0000000
10009060
2000DE0C
60000000
70000003
F0000000
10009080
2000E60C
60000000
70000003
F0000000
100090A0
2000EE0C
60000000
70000003
F0000000
100090C0
2000F60C
60000000
70000003
F0000000
100090E0
2000FE0C
60000000
70000003
F0000000
10009100
2001060C
60000000
70000003
F0000000
10009120
20010E0C
60000000
70000003
F0000000
10009140
2001160C
60000000
70000003
F0000000
10009160
20011E0C
60000000
70000003
F0000000
10009180
2001260C
60000000
70000003
F0000000
100091A0
20012E0C
60000000
70000003
F0000000
100091C0
2001360C
60000000
70000003
F0000000
100091E0
20013E0C
60000000
70000003
F0000000
10009200
2001460C
60000000
70000003
F0000000
10009220
20014E0C
60000000
70000002
F0000000
80011800
A0000002
1000D800
2000C5EC
60000001
70000001
F0000000
1000D820
2000CDEC
60000000
70000003
F0000000
1000D840
2000D5EC
60000000
70000003
F0000000
1000D860
2000DDEC
60000000
70000003
F0000000
1000D880
2000E5EC
60000000
70000003
F0000000
1000D8A0
2000EDEC
60000000
70000003
F0000000
1000D8C0
2000F5EC
60000000
70000003
F0000000
1000D8E0
2000FDEC
60000000
70000003
F0000000
1000D900
200105EC
60000000
70000003
F0000000
1000D920
20010DEC
60000000
70000003
F0000000
1000D940
200115EC
60000000
70000003
F0000000
1000D960
20011DEC
60000000
70000003
F0000000
1000D980
200125EC
60000000
70000003
F0000000
1000D9A0
20012DEC
60000000
70000003
F0000000
1000D9C0
200135EC
60000000
70000003
F0000000
1000D9E0
20013DEC
60000000
70000003
F0000000
1000DA00
200145EC
60000000
70000003
F0000000
1000DA20
20014DEC
60000000
70000002
F0000000
80011820
A0000002
1000D800
2000C60C
60000001
70000001
F0000000
1000D820
2000CE0C
60000000
70000003
F0000000
1000D840
2000D60C
60000000
70000003
F0000000
1000D860
2000DE0C
60000000
70000003
F0000000
1000D880
2000E60C
60000000
70000003
F0000000
1000D8A0
2000EE0C
60000000
70000003
F0000000
1000D8C0
2000F60C
60000000
70000003
F0000000
1000D8E0
2000FE0C
60000000
70000003
F0000000
1000D900
2001060C
60000000
70000003
F0000000
1000D920
20010E0C
60000000
70000003
F0000000
1000D940
2001160C
60000000
70000003
F0000000
1000D960
20011E0C
60000000
70000003
F0000000
1000D980
2001260C
60000000
70000003
F0000000
1000D9A0
20012E0C
60000000
70000003
F0000000
1000D9C0
2001360C
60000000
70000003
F0000000
1000D9E0
20013E0C
60000000
70000003
F0000000
1000DA00
2001460C
60000000
70000003
F0000000
1000DA20
20014E0C
60000000
70000002
F0000000
80012000
A0000002
10012000
2000C5EC
60000001
70000001
F0000000
10012020
2000CDEC
60000000
70000003
F0000000
10012040
2000D5EC
60000000
70000003
F0000000
10012060
2000DDEC
60000000
70000003
F0000000
10012080
2000E5EC
60000000
70000003
F0000000
100120A0
2000EDEC
60000000
70000003
F0000000
100120C0
2000F5EC
60000000
70000003
F0000000
100120E0
2000FDEC
60000000
70000003
F0000000
10012100
200105EC
60000000
70000003
F0000000
10012120
20010DEC
60000000
70000003
F0000000
10012140
200115EC
60000000
70000003
F0000000
10012160
20011DEC
60000000
70000003
F0000000
10012180
200125EC
60000000
70000003
F0000000
100121A0
20012DEC
60000000
70000003
F0000000
100121C0
200135EC
60000000
70000003
F0000000
100121E0
20013DEC
60000000
70000003
F0000000
10012200
200145EC
60000000
70000003
F0000000
10012220
20014DEC
60000000
70000002
F0000000
80012020
A0000002
10012000
2000C60C
60000001
70000001
F0000000
10012020
2000CE0C
60000000
70000003
F0000000
10012040
2000D60C
60000000
70000003
F0000000
10012060
2000DE0C
60000000
70000003
F0000000
10012080
2000E60C
60000000
70000003
F0000000
100120A0
2000EE0C
60000000
70000003
F0000000
100120C0
2000F60C
60000000
70000003
F0000000
100120E0
2000FE0C
60000000
70000003
F0000000
10012100
2001060C
60000000
70000003
F0000000
10012120
20010E0C
60000000
70000003
F0000000
10012140
2001160C
60000000
70000003
F0000000
10012160
20011E0C
60000000
70000003
F0000000
10012180
2001260C
60000000
70000003
F0000000
100121A0
20012E0C
60000000
70000003
F0000000
100121C0
2001360C
60000000
70000003
F0000000
100121E0
20013E0C
60000000
70000003
F0000000
10012200
2001460C
60000000
70000003
F0000000
10012220
20014E0C
60000000
70000002
F0000000
80012800
A0000002
10016800
2000C5EC
60000001
70000001
F0000000
10016820
2000CDEC
60000000
70000003
F0000000
10016840
2000D5EC
60000000
70000003
F0000000
10016860
2000DDEC
60000000
70000003
F0000000
10016880
2000E5EC
60000000
70000003
F0000000
100168A0
2000EDEC
60000000
70000003
F0000000
100168C0
2000F5EC
60000000
70000003
F0000000
100168E0
2000FDEC
60000000
70000003
F0000000
10016900
200105EC
60000000
70000003
F0000000
10016920
20010DEC
60000000
70000003
F0000000
10016940
200115EC
60000000
70000003
F0000000
10016960
20011DEC
60000000
70000003
F0000000
10016980
200125EC
60000000
70000003
F0000000
100169A0
20012DEC
60000000
70000003
F0000000
100169C0
200135EC
60000000
70000003
F0000000
100169E0
20013DEC
60000000
70000003
F0000000
10016A00
200145EC
60000000
70000003
F0000000
10016A20
20014DEC
60000000
70000002
F0000000
80012820
A0000002
10016800
2000C60C
60000001
70000001
F0000000
10016820
2000CE0C
60000000
70000003
F0000000
10016840
2000D60C
60000000
70000003
F0000000
10016860
2000DE0C
60000000
70000003
F0000000
10016880
2000E60C
60000000
70000003
F0000000
100168A0
2000EE0C
60000000
70000003
F0000000
100168C0
2000F60C
60000000
70000003
F0000000
100168E0
2000FE0C
60000000
70000003
F0000000
10016900
2001060C
60000000
70000003
F0000000
10016920
20010E0C
60000000
70000003
F0000000
10016940
2001160C
60000000
70000003
F0000000
10016960
20011E0C
60000000
70000003
F0000000
10016980
2001260C
60000000
70000003
F0000000
100169A0
20012E0C
60000000
70000003
F0000000
100169C0
2001360C
60000000
70000003
F0000000
100169E0
20013E0C
60000000
70000003
F0000000
10016A00
2001460C
60000000
70000003
F0000000
10016A20
20014E0C
60000000
70000002
F0000000
80013000
A0000002
1001B000
2000C5EC
60000001
70000001
F0000000
1001B020
2000CDEC
60000000
70000003
F0000000
1001B040
2000D5EC
60000000
70000003
F0000000
1001B060
2000DDEC
60000000
70000003
F0000000
1001B080
2000E5EC
60000000
70000003
F0000000
1001B0A0
2000EDEC
60000000
70000003
F0000000
1001B0C0
2000F5EC
60000000
70000003
F0000000
1001B0E0
2000FDEC
60000000
70000003
F0000000
1001B100
200105EC
60000000
70000003
F0000000
1001B120
20010DEC
60000000
70000003
F0000000
1001B140
200115EC
60000000
70000003
F0000000
1001B160
20011DEC
60000000
70000003
F0000000
1001B180
200125EC
60000000
70000003
F0000000
1001B1A0
20012DEC
60000000
70000003
F0000000
1001B1C0
200135EC
60000000
70000003
F0000000
1001B1E0
20013DEC
60000000
70000003
F0000000
1001B200
200145EC
60000000
70000003
F0000000
1001B220
20014DEC
60000000
70000002
F0000000
80013020
A0000002
1001B000
2000C60C
60000001
70000001
F0000000
1001B020
2000CE0C
60000000
70000003
F0000000
1001B040
2000D60C
60000000
70000003
F0000000
1001B060
2000DE0C
60000000
70000003
F0000000
1001B080
2000E60C
60000000
70000003
F0000000
1001B0A0
2000EE0C
60000000
70000003
F0000000
1001B0C0
2000F60C
60000000
70000003
F0000000
1001B0E0
2000FE0C
60000000
70000003
F0000000
1001B100
2001060C
60000000
70000003
F0000000
1001B120
20010E0C
60000000
70000003
F0000000
1001B140
2001160C
60000000
70000003
F0000000
1001B160
20011E0C
60000000
70000003
F0000000
1001B180
2001260C
60000000
70000003
F0000000
1001B1A0
20012E0C
60000000
70000003
F0000000
1001B1C0
2001360C
60000000
70000003
F0000000
1001B1E0
20013E0C
60000000
70000003
F0000000
1001B200
2001460C
60000000
70000003
F0000000
1001B220
20014E0C
60000000
70000002
F0000000
80013800
A0000002
1001F800
2000C5EC
60000001
70000001
F0000000
1001F820
2000CDEC
60000000
70000003
F0000000
1001F840
2000D5EC
60000000
70000003
F0000000
1001F860
2000DDEC
60000000
70000003
F0000000
1001F880
2000E5EC
60000000
70000003
F0000000
1001F8A0
2000EDEC
60000000
70000003
F0000000
1001F8C0
2000F5EC
60000000
70000003
F0000000
1001F8E0
2000FDEC
60000000
70000003
F0000000
1001F900
200105EC
60000000
70000003
F0000000
1001F920
20010DEC
60000000
70000003
F0000000
1001F940
200115EC
60000000
70000003
F0000000
1001F960
20011DEC
60000000
70000003
F0000000
1001F980
200125EC
60000000
70000003
F0000000
1001F9A0
20012DEC
60000000
70000003
F0000000
1001F9C0
200135EC
60000000
70000003
F0000000
1001F9E0
20013DEC
60000000
70000003
F0000000
1001FA00
200145EC
60000000
70000003
F0000000
1001FA20
20014DEC
60000000
70000002
F0000000
80013820
A0000002
1001F800
2000C60C
60000001
70000001
F0000000
1001F820
2000CE0C
60000000
70000003
F0000000
1001F840
2000D60C
60000000
70000003
F0000000
1001F860
2000DE0C
60000000
70000003
F0000000
1001F880
2000E60C
60000000
70000003
F0000000
1001F8A0
2000EE0C
60000000
70000003
F0000000
1001F8C0
2000F60C
60000000
70000003
F0000000
1001F8E0
2000FE0C
60000000
70000003
F0000000
1001F900
2001060C
60000000
70000003
F0000000
1001F920
20010E0C
60000000
70000003
F0000000
1001F940
2001160C
60000000
70000003
F0000000
1001F960
20011E0C
60000000
70000003
F0000000
1001F980
2001260C
60000000
70000003
F0000000
1001F9A0
20012E0C
60000000
70000003
F0000000
1001F9C0
2001360C
60000000
70000003
F0000000
1001F9E0
20013E0C
60000000
70000003
F0000000
1001FA00
2001460C
60000000
70000003
F0000000
1001FA20
20014E0C
60000000
70000002
F0000000
E0000000
30000020
B0F923C7
80000000
A0000002
10010000
2000E9EC
60000001
70000001
F0000000
10010020
2000F1EC
60000000
70000003
F0000000
10010040
2000F9EC
60000000
70000003
F0000000
10010060
200101EC
60000000
70000003
F0000000
10010080
200109EC
60000000
70000003
F0000000
100100A0
200111EC
60000000
70000003
F0000000
100100C0
200119EC
60000000
70000003
F0000000
100100E0
200121EC
60000000
70000003
F0000000
10010100
200129EC
60000000
70000003
F0000000
10010120
200131EC
60000000
70000003
F0000000
10010140
200139EC
60000000
70000003
F0000000
10010160
200141EC
60000000
70000003
F0000000
10010180
200149EC
60000000
70000003
F0000000
100101A0
200151EC
60000000
70000003
F0000000
100101C0
200159EC
60000000
70000003
F0000000
100101E0
200161EC
60000000
70000003
F0000000
10010200
200169EC
60000000
70000003
F0000000
10010220
200171EC
60000000
70000002
F0000000
80000020
A0000002
10010000
2000EA0C
60000001
70000001
F0000000
10010020
2000F20C
60000000
70000003
F0000000
10010040
2000FA0C
60000000
70000003
F0000000
10010060
2001020C
60000000
70000003
F0000000
10010080
20010A0C
60000000
70000003
F0000000
100100A0
2001120C
60000000
70000003
F0000000
100100C0
20011A0C
60000000
70000003
F0000000
100100E0
2001220C
60000000
70000003
F0000000
10010100
20012A0C
60000000
70000003
F0000000
10010120
2001320C
60000000
70000003
F0000000
10010140
20013A0C
60000000
70000003
F0000000
10010160
2001420C
60000000
70000003
F0000000
10010180
20014A0C
60000000
70000003
F0000000
100101A0
2001520C
60000000
70000003
F0000000
100101C0
20015A0C
60000000
70000003
F0000000
100101E0
2001620C
60000000
70000003
F0000000
10010200
20016A0C
60000000
70000003
F0000000
10010220
2001720C
60000000
70000002
F0000000
80000800
A0000002
10014800
2000E9EC
60000001
70000001
F0000000
10014820
2000F1EC
60000000
70000003
F0000000
10014840
2000F9EC
60000000
70000003
F0000000
10014860
200101EC
60000000
70000003
F0000000
10014880
200109EC
60000000
70000003
F0000000
100148A0
200111EC
60000000
70000003
F0000000
100148C0
200119EC
60000000
70000003
F0000000
100148E0
200121EC
60000000
70000003
F0000000
10014900
200129EC
60000000
70000003
F0000000
10014920
200131EC
60000000
70000003
F0000000
10014940
200139EC
60000000
70000003
F0000000
10014960
200141EC
60000000
70000003
F0000000
10014980
200149EC
60000000
70000003
F0000000
100149A0
200151EC
60000000
70000003
F0000000
100149C0
200159EC
60000000
70000003
F0000000
100149E0
200161EC
60000000
70000003
F0000000
10014A00
200169EC
60000000
70000003
F0000000
10014A20
200171EC
60000000
70000002
F0000000
80000820
A0000002
10014800
2000EA0C
60000001
70000001
F0000000
10014820
2000F20C
60000000
70000003
F0000000
10014840
2000FA0C
60000000
70000003
F0000000
10014860
2001020C
60000000
70000003
F0000000
10014880
20010A0C
60000000
70000003
F0000000
100148A0
2001120C
60000000
70000003
F0000000
100148C0
20011A0C
60000000
70000003
F0000000
100148E0
2001220C
60000000
70000003
F0000000
10014900
20012A0C
60000000
70000003
F0000000
10014920
2001320C
60000000
70000003
F0000000
10014940
20013A0C
60000000
70000003
F0000000
10014960
2001420C
60000000
70000003
F0000000
10014980
20014A0C
60000000
70000003
F0000000
100149A0
2001520C
60000000
70000003
F0000000
100149C0
20015A0C
60000000
70000003
F0000000
100149E0
2001620C
60000000
70000003
F0000000
10014A00
20016A0C
60000000
70000003
F0000000
10014A20
2001720C
60000000
70000002
F0000000
80001000
A0000002
10019000
2000E9EC
60000001
70000001
F0000000
10019020
2000F1EC
60000000
70000003
F0000000
10019040
2000F9EC
60000000
70000003
F0000000
10019060
200101EC
60000000
70000003
F0000000
10019080
200109EC
60000000
70000003
F0000000
100190A0
200111EC
60000000
70000003
F0000000
100190C0
200119EC
60000000
70000003
F0000000
100190E0
200121EC
60000000
70000003
F0000000
10019100
200129EC
60000000
70000003
F0000000
10019120
200131EC
60000000
70000003
F0000000
10019140
200139EC
60000000
70000003
F0000000
10019160
200141EC
60000000
70000003
F0000000
10019180
200149EC
60000000
70000003
F0000000
100191A0
200151EC
60000000
70000003
F0000000
100191C0
200159EC
60000000
70000003
F0000000
100191E0
200161EC
60000000
70000003
F0000000
10019200
200169EC
60000000
70000003
F0000000
10019220
200171EC
60000000
70000002
F0000000
80001020
A0000002
10019000
2000EA0C
60000001
70000001
F0000000
10019020
2000F20C
60000000
70000003
F0000000
10019040
2000FA0C
60000000
70000003
F0000000
10019060
2001020C
60000000
70000003
F0000000
10019080
20010A0C
60000000
70000003
F0000000
100190A0
2001120C
60000000
70000003
F0000000
100190C0
20011A0C
60000000
70000003
F0000000
100190E0
2001220C
60000000
70000003
F0000000
10019100
20012A0C
60000000
70000003
F0000000
10019120
2001320C
60000000
70000003
F0000000
10019140
20013A0C
60000000
70000003
F0000000
10019160
2001420C
60000000
70000003
F0000000
10019180
20014A0C
60000000
70000003
F0000000
100191A0
2001520C
60000000
70000003
F0000000
100191C0
20015A0C
60000000
70000003
F0000000
100191E0
2001620C
60000000
70000003
F0000000
10019200
20016A0C
60000000
70000003
F0000000
10019220
2001720C
60000000
70000002
F0000000
80001800
A0000002
1001D800
2000E9EC
60000001
70000001
F0000000
1001D820
2000F1EC
60000000
70000003
F0000000
1001D840
2000F9EC
60000000
70000003
F0000000
1001D860
200101EC
60000000
70000003
F0000000
1001D880
200109EC
60000000
70000003
F0000000
1001D8A0
200111EC
60000000
70000003
F0000000
1001D8C0
200119EC
60000000
70000003
F0000000
1001D8E0
200121EC
60000000
70000003
F0000000
1001D900
200129EC
60000000
70000003
F0000000
1001D920
200131EC
60000000
70000003
F0000000
1001D940
200139EC
60000000
70000003
F0000000
1001D960
200141EC
60000000
70000003
F0000000
1001D980
200149EC
60000000
70000003
F0000000
1001D9A0
200151EC
60000000
70000003
F0000000
1001D9C0
200159EC
60000000
70000003
F0000000
1001D9E0
200161EC
60000000
70000003
F0000000
1001DA00
200169EC
60000000
70000003
F0000000
1001DA20
200171EC
60000000
70000002
F0000000
80001820
A0000002
1001D800
2000EA0C
60000001
70000001
F0000000
1001D820
2000F20C
60000000
70000003
F0000000
1001D840
2000FA0C
60000000
70000003
F0000000
1001D860
2001020C
60000000
70000003
F0000000
1001D880
20010A0C
60000000
70000003
F0000000
1001D8A0
2001120C
60000000
70000003
F0000000
1001D8C0
20011A0C
60000000
70000003
F0000000
1001D8E0
2001220C
60000000
70000003
F0000000
1001D900
20012A0C
60000000
70000003
F0000000
1001D920
2001320C
60000000
70000003
F0000000
1001D940
20013A0C
60000000
70000003
F0000000
1001D960
2001420C
60000000
70000003
F0000000
1001D980
20014A0C
60000000
70000003
F0000000
1001D9A0
2001520C
60000000
70000003
F0000000
1001D9C0
20015A0C
60000000
70000003
F0000000
1001D9E0
2001620C
60000000
70000003
F0000000
1001DA00
20016A0C
60000000
70000003
F0000000
1001DA20
2001720C
60000000
70000002
F0000000
80002000
A0000002
10022000
2000E9EC
60000001
70000001
F0000000
10022020
2000F1EC
60000000
70000003
F0000000
10022040
2000F9EC
60000000
70000003
F0000000
10022060
200101EC
60000000
70000003
F0000000
10022080
200109EC
60000000
70000003
F0000000
100220A0
200111EC
60000000
70000003
F0000000
100220C0
200119EC
60000000
70000003
F0000000
100220E0
200121EC
60000000
70000003
F0000000
10022100
200129EC
60000000
70000003
F0000000
10022120
200131EC
60000000
70000003
F0000000
10022140
200139EC
60000000
70000003
F0000000
10022160
200141EC
60000000
70000003
F0000000
10022180
200149EC
60000000
70000003
F0000000
100221A0
200151EC
60000000
70000003
F0000000
100221C0
200159EC
60000000
70000003
F0000000
100221E0
200161EC
60000000
70000003
F0000000
10022200
200169EC
60000000
70000003
F0000000
10022220
200171EC
60000000
70000002
F0000000
80002020
A0000002
10022000
2000EA0C
60000001
70000001
F0000000
10022020
2000F20C
60000000
70000003
F0000000
10022040
2000FA0C
60000000
70000003
F0000000
10022060
2001020C
60000000
70000003
F0000000
10022080
20010A0C
60000000
70000003
F0000000
100220A0
2001120C
60000000
70000003
F0000000
100220C0
20011A0C
60000000
70000003
F0000000
100220E0
2001220C
60000000
70000003
F0000000
10022100
20012A0C
60000000
70000003
F0000000
10022120
2001320C
60000000
70000003
F0000000
10022140
20013A0C
60000000
70000003
F0000000
10022160
2001420C
60000000
70000003
F0000000
10022180
20014A0C
60000000
70000003
F0000000
100221A0
2001520C
60000000
70000003
F0000000
100221C0
20015A0C
60000000
70000003
F0000000
100221E0
2001620C
60000000
70000003
F0000000
10022200
20016A0C
60000000
70000003
F0000000
10022220
2001720C
60000000
70000002
F0000000
80002800
A0000002
10026800
2000E9EC
60000001
70000001
F0000000
10026820
2000F1EC
60000000
70000003
F0000000
10026840
2000F9EC
60000000
70000003
F0000000
10026860
200101EC
60000000
70000003
F0000000
10026880
200109EC
60000000
70000003
F0000000
100268A0
200111EC
60000000
70000003
F0000000
100268C0
200119EC
60000000
70000003
F0000000
100268E0
200121EC
60000000
70000003
F0000000
10026900
200129EC
60000000
70000003
F0000000
10026920
200131EC
60000000
70000003
F0000000
10026940
200139EC
60000000
70000003
F0000000
10026960
200141EC
60000000
70000003
F0000000
10026980
200149EC
60000000
70000003
F0000000
100269A0
200151EC
60000000
70000003
F0000000
100269C0
200159EC
60000000
70000003
F0000000
100269E0
200161EC
60000000
70000003
F0000000
10026A00
200169EC
60000000
70000003
F0000000
10026A20
200171EC
60000000
70000002
F0000000
80002820
A0000002
10026800
2000EA0C
60000001
70000001
F0000000
10026820
2000F20C
60000000
70000003
F0000000
10026840
2000FA0C
60000000
70000003
F0000000
10026860
2001020C
60000000
70000003
F0000000
10026880
20010A0C
60000000
70000003
F0000000
100268A0
2001120C
60000000
70000003
F0000000
100268C0
20011A0C
60000000
70000003
F0000000
100268E0
2001220C
60000000
70000003
F0000000
10026900
20012A0C
60000000
70000003
F0000000
10026920
2001320C
60000000
70000003
F0000000
10026940
20013A0C
60000000
70000003
F0000000
10026960
2001420C
60000000
70000003
F0000000
10026980
20014A0C
60000000
70000003
F0000000
100269A0
2001520C
60000000
70000003
F0000000
100269C0
20015A0C
60000000
70000003
F0000000
100269E0
2001620C
60000000
70000003
F0000000
10026A00
20016A0C
60000000
70000003
F0000000
10026A20
2001720C
60000000
70000002
F0000000
80003000
A0000002
1002B000
2000E9EC
60000001
70000001
F0000000
1002B020
2000F1EC
60000000
70000003
F0000000
1002B040
2000F9EC
60000000
70000003
F0000000
1002B060
200101EC
60000000
70000003
F0000000
1002B080
200109EC
60000000
70000003
F0000000
1002B0A0
200111EC
60000000
70000003
F0000000
1002B0C0
200119EC
60000000
70000003
F0000000
1002B0E0
200121EC
60000000
70000003
F0000000
1002B100
200129EC
60000000
70000003
F0000000
1002B120
200131EC
60000000
70000003
F0000000
1002B140
200139EC
60000000
70000003
F0000000
1002B160
200141EC
60000000
70000003
F0000000
1002B180
200149EC
60000000
70000003
F0000000
1002B1A0
200151EC
60000000
70000003
F0000000
1002B1C0
200159EC
60000000
70000003
F0000000
1002B1E0
200161EC
60000000
70000003
F0000000
1002B200
200169EC
60000000
70000003
F0000000
1002B220
200171EC
60000000
70000002
F0000000
80003020
A0000002
1002B000
2000EA0C
60000001
70000001
F0000000
1002B020
2000F20C
60000000
70000003
F0000000
1002B040
2000FA0C
60000000
70000003
F0000000
1002B060
2001020C
60000000
70000003
F0000000
1002B080
20010A0C
60000000
70000003
F0000000
1002B0A0
2001120C
60000000
70000003
F0000000
1002B0C0
20011A0C
60000000
70000003
F0000000
1002B0E0
2001220C
60000000
70000003
F0000000
1002B100
20012A0C
60000000
70000003
F0000000
1002B120
2001320C
60000000
70000003
F0000000
1002B140
20013A0C
60000000
70000003
F0000000
1002B160
2001420C
60000000
70000003
F0000000
1002B180
20014A0C
60000000
70000003
F0000000
1002B1A0
2001520C
60000000
70000003
F0000000
1002B1C0
20015A0C
60000000
70000003
F0000000
1002B1E0
2001620C
60000000
70000003
F0000000
1002B200
20016A0C
60000000
70000003
F0000000
1002B220
2001720C
60000000
70000002
F0000000
80003800
A0000002
1002F800
2000E9EC
60000001
70000001
F0000000
1002F820
2000F1EC
60000000
70000003
F0000000
1002F840
2000F9EC
60000000
70000003
F0000000
1002F860
200101EC
60000000
70000003
F0000000
1002F880
200109EC
60000000
70000003
F0000000
1002F8A0
200111EC
60000000
70000003
F0000000
1002F8C0
200119EC
60000000
70000003
F0000000
1002F8E0
200121EC
60000000
70000003
F0000000
1002F900
200129EC
60000000
70000003
F0000000
1002F920
200131EC
60000000
70000003
F0000000
1002F940
200139EC
60000000
70000003
F0000000
1002F960
200141EC
60000000
70000003
F0000000
1002F980
200149EC
60000000
70000003
F0000000
1002F9A0
200151EC
60000000
70000003
F0000000
1002F9C0
200159EC
60000000
70000003
F0000000
1002F9E0
200161EC
60000000
70000003
F0000000
1002FA00
200169EC
60000000
70000003
F0000000
1002FA20
200171EC
60000000
70000002
F0000000
80003820
A0000002
1002F800
2000EA0C
60000001
70000001
F0000000
1002F820
2000F20C
60000000
70000003
F0000000
1002F840
2000FA0C
60000000
70000003
F0000000
1002F860
2001020C
60000000
70000003
F0000000
1002F880
20010A0C
60000000
70000003
F0000000
1002F8A0
2001120C
60000000
70000003
F0000000
1002F8C0
20011A0C
60000000
70000003
F0000000
1002F8E0
2001220C
60000000
70000003
F0000000
1002F900
20012A0C
60000000
70000003
F0000000
1002F920
2001320C
60000000
70000003
F0000000
1002F940
20013A0C
60000000
70000003
F0000000
1002F960
2001420C
60000000
70000003
F0000000
1002F980
20014A0C
60000000
70000003
F0000000
1002F9A0
2001520C
60000000
70000003
F0000000
1002F9C0
20015A0C
60000000
70000003
F0000000
1002F9E0
2001620C
60000000
70000003
F0000000
1002FA00
20016A0C
60000000
70000003
F0000000
1002FA20
2001720C
60000000
70000002
F0000000
E0000000
30000020
B15D81AE
80010000
A0000002
10000000
20010DEC
60000001
70000001
F0000000
10000020
200115EC
60000000
70000003
F0000000
10000040
20011DEC
60000000
70000003
F0000000
10000060
200125EC
60000000
70000003
F0000000
10000080
20012DEC
60000000
70000003
F0000000
100000A0
200135EC
60000000
70000003
F0000000
100000C0
20013DEC
60000000
70000003
F0000000
100000E0
200145EC
60000000
70000003
F0000000
10000100
20014DEC
60000000
70000003
F0000000
10000120
200155EC
60000000
70000003
F0000000
10000140
20015DEC
60000000
70000003
F0000000
10000160
200165EC
60000000
70000003
F0000000
10000180
20016DEC
60000000
70000003
F0000000
100001A0
200175EC
60000000
70000003
F0000000
100001C0
20017DEC
60000000
70000003
F0000000
100001E0
200185EC
60000000
70000003
F0000000
10000200
20018DEC
60000000
70000003
F0000000
10000220
200195EC
60000000
70000002
F0000000
80010020
A0000002
10000000
20010E0C
60000001
70000001
F0000000
10000020
2001160C
60000000
70000003
F0000000
10000040
20011E0C
60000000
70000003
F0000000
10000060
2001260C
60000000
70000003
F0000000
10000080
20012E0C
60000000
70000003
F0000000
100000A0
2001360C
60000000
70000003
F0000000
100000C0
20013E0C
60000000
70000003
F0000000
100000E0
2001460C
60000000
70000003
F0000000
10000100
20014E0C
60000000
70000003
F0000000
10000120
2001560C
60000000
70000003
F0000000
10000140
20015E0C
60000000
70000003
F0000000
10000160
2001660C
60000000
70000003
F0000000
10000180
20016E0C
60000000
70000003
F0000000
100001A0
2001760C
60000000
70000003
F0000000
100001C0
20017E0C
60000000
70000003
F0000000
100001E0
2001860C
60000000
70000003
F0000000
10000200
20018E0C
60000000
70000003
F0000000
10000220
2001960C
60000000
70000002
F0000000
80010800
A0000002
10004800
20010DEC
60000001
70000001
F0000000
10004820
200115EC
60000000
70000003
F0000000
10004840
20011DEC
60000000
70000003
F0000000
10004860
200125EC
60000000
70000003
F0000000
10004880
20012DEC
60000000
70000003
F0000000
100048A0
200135EC
60000000
70000003
F0000000
100048C0
20013DEC
60000000
70000003
F0000000
100048E0
200145EC
60000000
70000003
F0000000
10004900
20014DEC
60000000
70000003
F0000000
10004920
200155EC
60000000
70000003
F0000000
10004940
20015DEC
60000000
70000003
F0000000
10004960
200165EC
60000000
70000003
F0000000
10004980
20016DEC
60000000
70000003
F0000000
100049A0
200175EC
60000000
70000003
F0000000
100049C0
20017DEC
60000000
70000003
F0000000
100049E0
200185EC
60000000
70000003
F0000000
10004A00
20018DEC
60000000
70000003
F0000000
10004A20
200195EC
60000000
70000002
F0000000
80010820
A0000002
10004800
20010E0C
60000001
70000001
F0000000
10004820
2001160C
60000000
70000003
F0000000
10004840
20011E0C
60000000
70000003
F0000000
10004860
2001260C
60000000
70000003
F0000000
10004880
20012E0C
60000000
70000003
F0000000
100048A0
2001360C
60000000
70000003
F0000000
100048C0
20013E0C
60000000
70000003
F0000000
100048E0
2001460C
60000000
70000003
F0000000
10004900
20014E0C
60000000
70000003
F0000000
10004920
2001560C
60000000
70000003
F0000000
10004940
20015E0C
60000000
70000003
F0000000
10004960
2001660C
60000000
70000003
F0000000
10004980
20016E0C
60000000
70000003
F0000000
100049A0
2001760C
60000000
70000003
F0000000
100049C0
20017E0C
60000000
70000003
F0000000
100049E0
2001860C
60000000
70000003
F0000000
10004A00
20018E0C
60000000
70000003
F0000000
10004A20
2001960C
60000000
70000002
F0000000
80011000
A0000002
10009000
20010DEC
60000001
70000001
F0000000
10009020
200115EC
60000000
70000003
F0000000
10009040
20011DEC
60000000
70000003
F0000000
10009060
200125EC
60000000
70000003
F0000000
10009080
20012DEC
60000000
70000003
F0000000
100090A0
200135EC
60000000
70000003
F0000000
100090C0
20013DEC
60000000
70000003
F0000000
100090E0
200145EC
60000000
70000003
F0000000
10009100
20014DEC
60000000
70000003
F0000000
10009120
200155EC
60000000
70000003
F0000000
10009140
20015DEC
60000000
70000003
F0000000
10009160
200165EC
60000000
70000003
F0000000
10009180
20016DEC
60000000
70000003
F0000000
100091A0
200175EC
60000000
70000003
F0000000
100091C0
20017DEC
60000000
70000003
F0000000
100091E0
200185EC
60000000
70000003
F0000000
10009200
20018DEC
60000000
70000003
F0000000
10009220
200195EC
60000000
70000002
F0000000
80011020
A0000002
10009000
20010E0C
60000001
70000001
F0000000
10009020
2001160C
60000000
70000003
F0000000
10009040
20011E0C
60000000
70000003
F0000000
10009060
2001260C
60000000
70000003
F0000000
10009080
20012E0C
60000000
70000003
F0000000
100090A0
2001360C
60000000
70000003
F0000000
100090C0
20013E0C
60000000
70000003
F0000000
100090E0
2001460C
60000000
70000003
F0000000
10009100
20014E0C
60000000
70000003
F0000000
10009120
2001560C
60000000
70000003
F0000000
10009140
20015E0C
60000000
70000003
F0000000
10009160
2001660C
60000000
70000003
F0000000
10009180
20016E0C
60000000
70000003
F0000000
100091A0
2001760C
60000000
70000003
F0000000
100091C0
20017E0C
60000000
70000003
F0000000
100091E0
2001860C
60000000
70000003
F0000000
10009200
20018E0C
60000000
70000003
F0000000
10009220
2001960C
60000000
70000002
F0000000
80011800
A0000002
1000D800
20010DEC
60000001
70000001
F0000000
1000D820
200115EC
60000000
70000003
F0000000
1000D840
20011DEC
60000000
70000003
F0000000
1000D860
200125EC
60000000
70000003
F0000000
1000D880
20012DEC
60000000
70000003
F0000000
1000D8A0
200135EC
60000000
70000003
F0000000
1000D8C0
20013DEC
60000000
70000003
F0000000
1000D8E0
200145EC
60000000
70000003
F0000000
1000D900
20014DEC
60000000
70000003
F0000000
1000D920
200155EC
60000000
70000003
F0000000
1000D940
20015DEC
60000000
70000003
F0000000
1000D960
200165EC
60000000
70000003
F0000000
1000D980
20016DEC
60000000
70000003
F0000000
1000D9A0
200175EC
60000000
70000003
F0000000
1000D9C0
20017DEC
60000000
70000003
F0000000
1000D9E0
200185EC
60000000
70000003
F0000000
1000DA00
20018DEC
60000000
70000003
F0000000
1000DA20
200195EC
60000000
70000002
F0000000
80011820
A0000002
1000D800
20010E0C
60000001
70000001
F0000000
1000D820
2001160C
60000000
70000003
F0000000
1000D840
20011E0C
60000000
70000003
F0000000
1000D860
2001260C
60000000
70000003
F0000000
1000D880
20012E0C
60000000
70000003
F0000000
1000D8A0
2001360C
60000000
70000003
F0000000
1000D8C0
20013E0C
60000000
70000003
F0000000
1000D8E0
2001460C
60000000
70000003
F0000000
1000D900
20014E0C
60000000
70000003
F0000000
1000D920
2001560C
60000000
70000003
F0000000
1000D940
20015E0C
60000000
70000003
F0000000
1000D960
2001660C
60000000
70000003
F0000000
1000D980
20016E0C
60000000
70000003
F0000000
1000D9A0
2001760C
60000000
70000003
F0000000
1000D9C0
20017E0C
60000000
70000003
F0000000
1000D9E0
2001860C
60000000
70000003
F0000000
1000DA00
20018E0C
60000000
70000003
F0000000
1000DA20
2001960C
60000000
70000002
F0000000
80012000
A0000002
10012000
20010DEC
60000001
70000001
F0000000
10012020
200115EC
60000000
70000003
F0000000
10012040
20011DEC
60000000
70000003
F0000000
10012060
200125EC
60000000
70000003
F0000000
10012080
20012DEC
60000000
70000003
F0000000
100120A0
200135EC
60000000
70000003
F0000000
100120C0
20013DEC
60000000
70000003
F0000000
100120E0
200145EC
60000000
70000003
F0000000
10012100
20014DEC
60000000
70000003
F0000000
10012120
200155EC
60000000
70000003
F0000000
10012140
20015DEC
60000000
70000003
F0000000
10012160
200165EC
60000000
70000003
F0000000
10012180
20016DEC
60000000
70000003
F0000000
100121A0
200175EC
60000000
70000003
F0000000
100121C0
20017DEC
60000000
70000003
F0000000
100121E0
200185EC
60000000
70000003
F0000000
10012200
20018DEC
60000000
70000003
F0000000
10012220
200195EC
60000000
70000002
F0000000
80012020
A0000002
10012000
20010E0C
60000001
70000001
F0000000
10012020
2001160C
60000000
70000003
F0000000
10012040
20011E0C
60000000
70000003
F0000000
10012060
2001260C
60000000
70000003
F0000000
10012080
20012E0C
60000000
70000003
F0000000
100120A0
2001360C
60000000
70000003
F0000000
100120C0
20013E0C
60000000
70000003
F0000000
100120E0
2001460C
60000000
70000003
F0000000
10012100
20014E0C
60000000
70000003
F0000000
10012120
2001560C
60000000
70000003
F0000000
10012140
20015E0C
60000000
70000003
F0000000
10012160
2001660C
60000000
70000003
F0000000
10012180
20016E0C
60000000
70000003
F0000000
100121A0
2001760C
60000000
70000003
F0000000
100121C0
20017E0C
60000000
70000003
F0000000
100121E0
2001860C
60000000
70000003
F0000000
10012200
20018E0C
60000000
70000003
F0000000
10012220
2001960C
60000000
70000002
F0000000
80012800
A0000002
10016800
20010DEC
60000001
70000001
F0000000
10016820
200115EC
60000000
70000003
F0000000
10016840
20011DEC
60000000
70000003
F0000000
10016860
200125EC
60000000
70000003
F0000000
10016880
20012DEC
60000000
70000003
F0000000
100168A0
200135EC
60000000
70000003
F0000000
100168C0
20013DEC
60000000
70000003
F0000000
100168E0
200145EC
60000000
70000003
F0000000
10016900
20014DEC
60000000
70000003
F0000000
10016920
200155EC
60000000
70000003
F0000000
10016940
20015DEC
60000000
70000003
F0000000
10016960
200165EC
60000000
70000003
F0000000
10016980
20016DEC
60000000
70000003
F0000000
100169A0
200175EC
60000000
70000003
F0000000
100169C0
20017DEC
60000000
70000003
F0000000
100169E0
200185EC
60000000
70000003
F0000000
10016A00
20018DEC
60000000
70000003
F0000000
10016A20
200195EC
60000000
70000002
F0000000
80012820
A0000002
10016800
20010E0C
60000001
70000001
F0000000
10016820
2001160C
60000000
70000003
F0000000
10016840
20011E0C
60000000
70000003
F0000000
10016860
2001260C
60000000
70000003
F0000000
10016880
20012E0C
60000000
70000003
F0000000
100168A0
2001360C
60000000
70000003
F0000000
100168C0
20013E0C
60000000
70000003
F0000000
100168E0
2001460C
60000000
70000003
F0000000
10016900
20014E0C
60000000
70000003
F0000000
10016920
2001560C
60000000
70000003
F0000000
10016940
20015E0C
60000000
70000003
F0000000
10016960
2001660C
60000000
70000003
F0000000
10016980
20016E0C
60000000
70000003
F0000000
100169A0
2001760C
60000000
70000003
F0000000
100169C0
20017E0C
60000000
70000003
F0000000
100169E0
2001860C
60000000
70000003
F0000000
10016A00
20018E0C
60000000
70000003
F0000000
10016A20
2001960C
60000000
70000002
F0000000
80013000
A0000002
1001B000
20010DEC
60000001
70000001
F0000000
1001B020
200115EC
60000000
70000003
F0000000
1001B040
20011DEC
60000000
70000003
F0000000
1001B060
200125EC
60000000
70000003
F0000000
1001B080
20012DEC
60000000
70000003
F0000000
1001B0A0
200135EC
60000000
70000003
F0000000
1001B0C0
20013DEC
60000000
70000003
F0000000
1001B0E0
200145EC
60000000
70000003
F0000000
1001B100
20014DEC
60000000
70000003
F0000000
1001B120
200155EC
60000000
70000003
F0000000
1001B140
20015DEC
60000000
70000003
F0000000
1001B160
200165EC
60000000
70000003
F0000000
1001B180
20016DEC
60000000
70000003
F0000000
1001B1A0
200175EC
60000000
70000003
F0000000
1001B1C0
20017DEC
60000000
70000003
F0000000
1001B1E0
200185EC
60000000
70000003
F0000000
1001B200
20018DEC
60000000
70000003
F0000000
1001B220
200195EC
60000000
70000002
F0000000
80013020
A0000002
1001B000
20010E0C
60000001
70000001
F0000000
1001B020
2001160C
60000000
70000003
F0000000
1001B040
20011E0C
60000000
70000003
F0000000
1001B060
2001260C
60000000
70000003
F0000000
1001B080
20012E0C
60000000
70000003
F0000000
1001B0A0
2001360C
60000000
70000003
F0000000
1001B0C0
20013E0C
60000000
70000003
F0000000
1001B0E0
2001460C
60000000
70000003
F0000000
1001B100
20014E0C
60000000
70000003
F0000000
1001B120
2001560C
60000000
70000003
F0000000
1001B140
20015E0C
60000000
70000003
F0000000
1001B160
2001660C
60000000
70000003
F0000000
1001B180
20016E0C
60000000
70000003
F0000000
1001B1A0
2001760C
60000000
70000003
F0000000
1001B1C0
20017E0C
60000000
70000003
F0000000
1001B1E0
2001860C
60000000
70000003
F0000000
1001B200
20018E0C
60000000
70000003
F0000000
1001B220
2001960C
60000000
70000002
F0000000
80013800
A0000002
1001F800
20010DEC
60000001
70000001
F0000000
1001F820
200115EC
60000000
70000003
F0000000
1001F840
20011DEC
60000000
70000003
F0000000
1001F860
200125EC
60000000
70000003
F0000000
1001F880
20012DEC
60000000
70000003
F0000000
1001F8A0
200135EC
60000000
70000003
F0000000
1001F8C0
20013DEC
60000000
70000003
F0000000
1001F8E0
200145EC
60000000
70000003
F0000000
1001F900
20014DEC
60000000
70000003
F0000000
1001F920
200155EC
60000000
70000003
F0000000
1001F940
20015DEC
60000000
70000003
F0000000
1001F960
200165EC
60000000
70000003
F0000000
1001F980
20016DEC
60000000
70000003
F0000000
1001F9A0
200175EC
60000000
70000003
F0000000
1001F9C0
20017DEC
60000000
70000003
F0000000
1001F9E0
200185EC
60000000
70000003
F0000000
1001FA00
20018DEC
60000000
70000003
F0000000
1001FA20
200195EC
60000000
70000002
F0000000
80013820
A0000002
1001F800
20010E0C
60000001
70000001
F0000000
1001F820
2001160C
60000000
70000003
F0000000
1001F840
20011E0C
60000000
70000003
F0000000
1001F860
2001260C
60000000
70000003
F0000000
1001F880
20012E0C
60000000
70000003
F0000000
1001F8A0
2001360C
60000000
70000003
F0000000
1001F8C0
20013E0C
60000000
70000003
F0000000
1001F8E0
2001460C
60000000
70000003
F0000000
1001F900
20014E0C
60000000
70000003
F0000000
1001F920
2001560C
60000000
70000003
F0000000
1001F940
20015E0C
60000000
70000003
F0000000
1001F960
2001660C
60000000
70000003
F0000000
1001F980
20016E0C
60000000
70000003
F0000000
1001F9A0
2001760C
60000000
70000003
F0000000
1001F9C0
20017E0C
60000000
70000003
F0000000
1001F9E0
2001860C
60000000
70000003
F0000000
1001FA00
20018E0C
60000000
70000003
F0000000
1001FA20
2001960C
60000000
70000002
F0000000
E0000000
30000020
B06E1F52
80000000
A0000002
10010000
200131EC
60000001
70000001
F0000000
10010020
200139EC
60000000
70000003
F0000000
10010040
200141EC
60000000
70000003
F0000000
10010060
200149EC
60000000
70000003
F0000000
10010080
200151EC
60000000
70000003
F0000000
100100A0
200159EC
60000000
70000003
F0000000
100100C0
200161EC
60000000
70000003
F0000000
100100E0
200169EC
60000000
70000003
F0000000
10010100
200171EC
60000000
70000003
F0000000
10010120
200179EC
60000000
70000003
F0000000
10010140
200181EC
60000000
70000003
F0000000
10010160
200189EC
60000000
70000003
F0000000
10010180
200191EC
60000000
70000003
F0000000
100101A0
200199EC
60000000
70000003
F0000000
100101C0
2001A1EC
60000000
70000003
F0000000
100101E0
2001A9EC
60000000
70000003
F0000000
10010200
2001B1EC
60000000
70000003
F0000000
10010220
2001B9EC
60000000
70000002
F0000000
80000020
A0000002
10010000
2001320C
60000001
70000001
F0000000
10010020
20013A0C
60000000
70000003
F0000000
10010040
2001420C
60000000
70000003
F0000000
10010060
20014A0C
60000000
70000003
F0000000
10010080
2001520C
60000000
70000003
F0000000
100100A0
20015A0C
60000000
70000003
F0000000
100100C0
2001620C
60000000
70000003
F0000000
100100E0
20016A0C
60000000
70000003
F0000000
10010100
2001720C
60000000
70000003
F0000000
10010120
20017A0C
60000000
70000003
F0000000
10010140
2001820C
60000000
70000003
F0000000
10010160
20018A0C
60000000
70000003
F0000000
10010180
2001920C
60000000
70000003
F0000000
100101A0
20019A0C
60000000
70000003
F0000000
100101C0
2001A20C
60000000
70000003
F0000000
100101E0
2001AA0C
60000000
70000003
F0000000
10010200
2001B20C
60000000
70000003
F0000000
10010220
2001BA0C
60000000
70000002
F0000000
80000800
A0000002
10014800
200131EC
60000001
70000001
F0000000
10014820
200139EC
60000000
70000003
F0000000
10014840
200141EC
60000000
70000003
F0000000
10014860
200149EC
60000000
70000003
F0000000
10014880
200151EC
60000000
70000003
F0000000
100148A0
200159EC
60000000
70000003
F0000000
100148C0
200161EC
60000000
70000003
F0000000
100148E0
200169EC
60000000
70000003
F0000000
10014900
200171EC
60000000
70000003
F0000000
10014920
200179EC
60000000
70000003
F0000000
10014940
200181EC
60000000
70000003
F0000000
10014960
200189EC
60000000
70000003
F0000000
10014980
200191EC
60000000
70000003
F0000000
100149A0
200199EC
60000000
70000003
F0000000
100149C0
2001A1EC
60000000
70000003
F0000000
100149E0
2001A9EC
60000000
70000003
F0000000
10014A00
2001B1EC
60000000
70000003
F0000000
10014A20
2001B9EC
60000000
70000002
F0000000
80000820
A0000002
10014800
2001320C
60000001
70000001
F0000000
10014820
20013A0C
60000000
70000003
F0000000
10014840
2001420C
60000000
70000003
F0000000
10014860
20014A0C
60000000
70000003
F0000000
10014880
2001520C
60000000
70000003
F0000000
100148A0
20015A0C
60000000
70000003
F0000000
100148C0
2001620C
60000000
70000003
F0000000
100148E0
20016A0C
60000000
70000003
F0000000
10014900
2001720C
60000000
70000003
F0000000
10014920
20017A0C
60000000
70000003
F0000000
10014940
2001820C
60000000
70000003
F0000000
10014960
20018A0C
60000000
70000003
F0000000
10014980
2001920C
60000000
70000003
F0000000
100149A0
20019A0C
60000000
70000003
F0000000
100149C0
2001A20C
60000000
70000003
F0000000
100149E0
2001AA0C
60000000
70000003
F0000000
10014A00
2001B20C
60000000
70000003
F0000000
10014A20
2001BA0C
60000000
70000002
F0000000
80001000
A0000002
10019000
200131EC
60000001
70000001
F0000000
10019020
200139EC
60000000
70000003
F0000000
10019040
200141EC
60000000
70000003
F0000000
10019060
200149EC
60000000
70000003
F0000000
10019080
200151EC
60000000
70000003
F0000000
100190A0
200159EC
60000000
70000003
F0000000
100190C0
200161EC
60000000
70000003
F0000000
100190E0
200169EC
60000000
70000003
F0000000
10019100
200171EC
60000000
70000003
F0000000
10019120
200179EC
60000000
70000003
F0000000
10019140
200181EC
60000000
70000003
F0000000
10019160
200189EC
60000000
70000003
F0000000
10019180
200191EC
60000000
70000003
F0000000
100191A0
200199EC
60000000
70000003
F0000000
100191C0
2001A1EC
60000000
70000003
F0000000
100191E0
2001A9EC
60000000
70000003
F0000000
10019200
2001B1EC
60000000
70000003
F0000000
10019220
2001B9EC
60000000
70000002
F0000000
80001020
A0000002
10019000
2001320C
60000001
70000001
F0000000
10019020
20013A0C
60000000
70000003
F0000000
10019040
2001420C
60000000
70000003
F0000000
10019060
20014A0C
60000000
70000003
F0000000
10019080
2001520C
60000000
70000003
F0000000
100190A0
20015A0C
60000000
70000003
F0000000
100190C0
2001620C
60000000
70000003
F0000000
100190E0
20016A0C
60000000
70000003
F0000000
10019100
2001720C
60000000
70000003
F0000000
10019120
20017A0C
60000000
70000003
F0000000
10019140
2001820C
60000000
70000003
F0000000
10019160
20018A0C
60000000
70000003
F0000000
10019180
2001920C
60000000
70000003
F0000000
100191A0
20019A0C
60000000
70000003
F0000000
100191C0
2001A20C
60000000
70000003
F0000000
100191E0
2001AA0C
60000000
70000003
F0000000
10019200
2001B20C
60000000
70000003
F0000000
10019220
2001BA0C
60000000
70000002
F0000000
80001800
A0000002
1001D800
200131EC
60000001
70000001
F0000000
1001D820
200139EC
60000000
70000003
F0000000
1001D840
200141EC
60000000
70000003
F0000000
1001D860
200149EC
60000000
70000003
F0000000
1001D880
200151EC
60000000
70000003
F0000000
1001D8A0
200159EC
60000000
70000003
F0000000
1001D8C0
200161EC
60000000
70000003
F0000000
1001D8E0
200169EC
60000000
70000003
F0000000
1001D900
200171EC
60000000
70000003
F0000000
1001D920
200179EC
60000000
70000003
F0000000
1001D940
200181EC
60000000
70000003
F0000000
1001D960
200189EC
60000000
70000003
F0000000
1001D980
200191EC
60000000
70000003
F0000000
1001D9A0
200199EC
60000000
70000003
F0000000
1001D9C0
2001A1EC
60000000
70000003
F0000000
1001D9E0
2001A9EC
60000000
70000003
F0000000
1001DA00
2001B1EC
60000000
70000003
F0000000
1001DA20
2001B9EC
60000000
70000002
F0000000
80001820
A0000002
1001D800
2001320C
60000001
70000001
F0000000
1001D820
20013A0C
60000000
70000003
F0000000
1001D840
2001420C
60000000
70000003
F0000000
1001D860
20014A0C
60000000
70000003
F0000000
1001D880
2001520C
60000000
70000003
F0000000
1001D8A0
20015A0C
60000000
70000003
F0000000
1001D8C0
2001620C
60000000
70000003
F0000000
1001D8E0
20016A0C
60000000
70000003
F0000000
1001D900
2001720C
60000000
70000003
F0000000
1001D920
20017A0C
60000000
70000003
F0000000
1001D940
2001820C
60000000
70000003
F0000000
1001D960
20018A0C
60000000
70000003
F0000000
1001D980
2001920C
60000000
70000003
F0000000
1001D9A0
20019A0C
60000000
70000003
F0000000
1001D9C0
2001A20C
60000000
70000003
F0000000
1001D9E0
2001AA0C
60000000
70000003
F0000000
1001DA00
2001B20C
60000000
70000003
F0000000
1001DA20
2001BA0C
60000000
70000002
F0000000
80002000
A0000002
10022000
200131EC
60000001
70000001
F0000000
10022020
200139EC
60000000
70000003
F0000000
10022040
200141EC
60000000
70000003
F0000000
10022060
200149EC
60000000
70000003
F0000000
10022080
200151EC
60000000
70000003
F0000000
100220A0
200159EC
60000000
70000003
F0000000
100220C0
200161EC
60000000
70000003
F0000000
100220E0
200169EC
60000000
70000003
F0000000
10022100
200171EC
60000000
70000003
F0000000
10022120
200179EC
60000000
70000003
F0000000
10022140
200181EC
60000000
70000003
F0000000
10022160
200189EC
60000000
70000003
F0000000
10022180
200191EC
60000000
70000003
F0000000
100221A0
200199EC
60000000
70000003
F0000000
100221C0
2001A1EC
60000000
70000003
F0000000
100221E0
2001A9EC
60000000
70000003
F0000000
10022200
2001B1EC
60000000
70000003
F0000000
10022220
2001B9EC
60000000
70000002
F0000000
80002020
A0000002
10022000
2001320C
60000001
70000001
F0000000
10022020
20013A0C
60000000
70000003
F0000000
10022040
2001420C
60000000
70000003
F0000000
10022060
20014A0C
60000000
70000003
F0000000
10022080
2001520C
60000000
70000003
F0000000
100220A0
20015A0C
60000000
70000003
F0000000
100220C0
2001620C
60000000
70000003
F0000000
100220E0
20016A0C
60000000
70000003
F0000000
10022100
2001720C
60000000
70000003
F0000000
10022120
20017A0C
60000000
70000003
F0000000
10022140
2001820C
60000000
70000003
F0000000
10022160
20018A0C
60000000
70000003
F0000000
10022180
2001920C
60000000
70000003
F0000000
100221A0
20019A0C
60000000
70000003
F0000000
100221C0
2001A20C
60000000
70000003
F0000000
100221E0
2001AA0C
60000000
70000003
F0000000
10022200
2001B20C
60000000
70000003
F0000000
10022220
2001BA0C
60000000
70000002
F0000000
80002800
A0000002
10026800
200131EC
60000001
70000001
F0000000
10026820
200139EC
60000000
70000003
F0000000
10026840
200141EC
60000000
70000003
F0000000
10026860
200149EC
60000000
70000003
F0000000
10026880
200151EC
60000000
70000003
F0000000
100268A0
200159EC
60000000
70000003
F0000000
100268C0
200161EC
60000000
70000003
F0000000
100268E0
200169EC
60000000
70000003
F0000000
10026900
200171EC
60000000
70000003
F0000000
10026920
200179EC
60000000
70000003
F0000000
10026940
200181EC
60000000
70000003
F0000000
10026960
200189EC
60000000
70000003
F0000000
10026980
200191EC
60000000
70000003
F0000000
100269A0
200199EC
60000000
70000003
F0000000
100269C0
2001A1EC
60000000
70000003
F0000000
100269E0
2001A9EC
60000000
70000003
F0000000
10026A00
2001B1EC
60000000
70000003
F0000000
10026A20
2001B9EC
60000000
70000002
F0000000
80002820
A0000002
10026800
2001320C
60000001
70000001
F0000000
10026820
20013A0C
60000000
70000003
F0000000
10026840
2001420C
60000000
70000003
F0000000
10026860
20014A0C
60000000
70000003
F0000000
10026880
2001520C
60000000
70000003
F0000000
100268A0
20015A0C
60000000
70000003
F0000000
100268C0
2001620C
60000000
70000003
F0000000
100268E0
20016A0C
60000000
70000003
F0000000
10026900
2001720C
60000000
70000003
F0000000
10026920
20017A0C
60000000
70000003
F0000000
10026940
2001820C
60000000
70000003
F0000000
10026960
20018A0C
60000000
70000003
F0000000
10026980
2001920C
60000000
70000003
F0000000
100269A0
20019A0C
60000000
70000003
F0000000
100269C0
2001A20C
60000000
70000003
F0000000
100269E0
2001AA0C
60000000
70000003
F0000000
10026A00
2001B20C
60000000
70000003
F0000000
10026A20
2001BA0C
60000000
70000002
F0000000
80003000
A0000002
1002B000
200131EC
60000001
70000001
F0000000
1002B020
200139EC
60000000
70000003
F0000000
1002B040
200141EC
60000000
70000003
F0000000
1002B060
200149EC
60000000
70000003
F0000000
1002B080
200151EC
60000000
70000003
F0000000
1002B0A0
200159EC
60000000
70000003
F0000000
1002B0C0
200161EC
60000000
70000003
F0000000
1002B0E0
200169EC
60000000
70000003
F0000000
1002B100
200171EC
60000000
70000003
F0000000
1002B120
200179EC
60000000
70000003
F0000000
1002B140
200181EC
60000000
70000003
F0000000
1002B160
200189EC
60000000
70000003
F0000000
1002B180
200191EC
60000000
70000003
F0000000
1002B1A0
200199EC
60000000
70000003
F0000000
1002B1C0
2001A1EC
60000000
70000003
F0000000
1002B1E0
2001A9EC
60000000
70000003
F0000000
1002B200
2001B1EC
60000000
70000003
F0000000
1002B220
2001B9EC
60000000
70000002
F0000000
80003020
A0000002
1002B000
2001320C
60000001
70000001
F0000000
1002B020
20013A0C
60000000
70000003
F0000000
1002B040
2001420C
60000000
70000003
F0000000
1002B060
20014A0C
60000000
70000003
F0000000
1002B080
2001520C
60000000
70000003
F0000000
1002B0A0
20015A0C
60000000
70000003
F0000000
1002B0C0
2001620C
60000000
70000003
F0000000
1002B0E0
20016A0C
60000000
70000003
F0000000
1002B100
2001720C
60000000
70000003
F0000000
1002B120
20017A0C
60000000
70000003
F0000000
1002B140
2001820C
60000000
70000003
F0000000
1002B160
20018A0C
60000000
70000003
F0000000
1002B180
2001920C
60000000
70000003
F0000000
1002B1A0
20019A0C
60000000
70000003
F0000000
1002B1C0
2001A20C
60000000
70000003
F0000000
1002B1E0
2001AA0C
60000000
70000003
F0000000
1002B200
2001B20C
60000000
70000003
F0000000
1002B220
2001BA0C
60000000
70000002
F0000000
80003800
A0000002
1002F800
200131EC
60000001
70000001
F0000000
1002F820
200139EC
60000000
70000003
F0000000
1002F840
200141EC
60000000
70000003
F0000000
1002F860
200149EC
60000000
70000003
F0000000
1002F880
200151EC
60000000
70000003
F0000000
1002F8A0
200159EC
60000000
70000003
F0000000
1002F8C0
200161EC
60000000
70000003
F0000000
1002F8E0
200169EC
60000000
70000003
F0000000
1002F900
200171EC
60000000
70000003
F0000000
1002F920
200179EC
60000000
70000003
F0000000
1002F940
200181EC
60000000
70000003
F0000000
1002F960
200189EC
60000000
70000003
F0000000
1002F980
200191EC
60000000
70000003
F0000000
1002F9A0
200199EC
60000000
70000003
F0000000
1002F9C0
2001A1EC
60000000
70000003
F0000000
1002F9E0
2001A9EC
60000000
70000003
F0000000
1002FA00
2001B1EC
60000000
70000003
F0000000
1002FA20
2001B9EC
60000000
70000002
F0000000
80003820
A0000002
1002F800
2001320C
60000001
70000001
F0000000
1002F820
20013A0C
60000000
70000003
F0000000
1002F840
2001420C
60000000
70000003
F0000000
1002F860
20014A0C
60000000
70000003
F0000000
1002F880
2001520C
60000000
70000003
F0000000
1002F8A0
20015A0C
60000000
70000003
F0000000
1002F8C0
2001620C
60000000
70000003
F0000000
1002F8E0
20016A0C
60000000
70000003
F0000000
1002F900
2001720C
60000000
70000003
F0000000
1002F920
20017A0C
60000000
70000003
F0000000
1002F940
2001820C
60000000
70000003
F0000000
1002F960
20018A0C
60000000
70000003
F0000000
1002F980
2001920C
60000000
70000003
F0000000
1002F9A0
20019A0C
60000000
70000003
F0000000
1002F9C0
2001A20C
60000000
70000003
F0000000
1002F9E0
2001AA0C
60000000
70000003
F0000000
1002FA00
2001B20C
60000000
70000003
F0000000
1002FA20
2001BA0C
60000000
70000002
F0000000
E0000000
30000020
B10737B2
80010000
A0000002
10000000
200155EC
60000001
70000001
F0000000
10000020
200175EC
60000000
70000003
F0000000
10000040
200195EC
60000000
70000003
F0000000
10000060
2001B5EC
60000000
70000003
F0000000
10000080
2001D5EC
60000000
70000003
F0000000
100000A0
2001F5EC
60000000
70000003
F0000000
100000C0
200215EC
60000000
70000003
F0000000
100000E0
200235EC
60000000
70000003
F0000000
10000100
200255EC
60000000
70000003
F0000000
10000120
200275EC
60000000
70000003
F0000000
10000140
200295EC
60000000
70000003
F0000000
10000160
2002B5EC
60000000
70000003
F0000000
10000180
2002D5EC
60000000
70000003
F0000000
100001A0
2002F5EC
60000000
70000003
F0000000
100001C0
200315EC
60000000
70000003
F0000000
100001E0
200335EC
60000000
70000003
F0000000
10000200
200355EC
60000000
70000003
F0000000
10000220
200375EC
60000000
70000003
F0000000
10000240
200395EC
60000000
70000003
F0000000
10000260
2003B5EC
60000000
70000003
F0000000
10000280
2003D5EC
60000000
70000003
F0000000
100002A0
2003F5EC
60000000
70000003
F0000000
100002C0
200415EC
60000000
70000003
F0000000
100002E0
200435EC
60000000
70000003
F0000000
10000300
200455EC
60000000
70000003
F0000000
10000320
200475EC
60000000
70000003
F0000000
10000340
200495EC
60000000
70000003
F0000000
10000360
2004B5EC
60000000
70000003
F0000000
10000380
2004D5EC
60000000
70000003
F0000000
100003A0
2004F5EC
60000000
70000003
F0000000
100003C0
200515EC
60000000
70000003
F0000000
100003E0
200535EC
60000000
70000003
F0000000
10000400
200555EC
60000000
70000003
F0000000
10000420
200575EC
60000000
70000003
F0000000
10000440
200595EC
60000000
70000003
F0000000
10000460
2005B5EC
60000000
70000002
F0000000
80010020
A0000002
10000000
2001560C
60000001
70000001
F0000000
10000020
2001760C
60000000
70000003
F0000000
10000040
2001960C
60000000
70000003
F0000000
10000060
2001B60C
60000000
70000003
F0000000
10000080
2001D60C
60000000
70000003
F0000000
100000A0
2001F60C
60000000
70000003
F0000000
100000C0
2002160C
60000000
70000003
F0000000
100000E0
2002360C
60000000
70000003
F0000000
10000100
2002560C
60000000
70000003
F0000000
10000120
2002760C
60000000
70000003
F0000000
10000140
2002960C
60000000
70000003
F0000000
10000160
2002B60C
60000000
70000003
F0000000
10000180
2002D60C
60000000
70000003
F0000000
100001A0
2002F60C
60000000
70000003
F0000000
100001C0
2003160C
60000000
70000003
F0000000
100001E0
2003360C
60000000
70000003
F0000000
10000200
2003560C
60000000
70000003
F0000000
10000220
2003760C
60000000
70000003
F0000000
10000240
2003960C
60000000
70000003
F0000000
10000260
2003B60C
60000000
70000003
F0000000
10000280
2003D60C
60000000
70000003
F0000000
100002A0
2003F60C
60000000
70000003
F0000000
100002C0
2004160C
60000000
70000003
F0000000
100002E0
2004360C
60000000
70000003
F0000000
10000300
2004560C
60000000
70000003
F0000000
10000320
2004760C
60000000
70000003
F0000000
10000340
2004960C
60000000
70000003
F0000000
10000360
2004B60C
60000000
70000003
F0000000
10000380
2004D60C
60000000
70000003
F0000000
100003A0
2004F60C
60000000
70000003
F0000000
100003C0
2005160C
60000000
70000003
F0000000
100003E0
2005360C
60000000
70000003
F0000000
10000400
2005560C
60000000
70000003
F0000000
10000420
2005760C
60000000
70000003
F0000000
10000440
2005960C
60000000
70000003
F0000000
10000460
2005B60C
60000000
70000002
F0000000
80010040
A0000002
10000000
2001562C
60000001
70000001
F0000000
10000020
2001762C
60000000
70000003
F0000000
10000040
2001962C
60000000
70000003
F0000000
10000060
2001B62C
60000000
70000003
F0000000
10000080
2001D62C
60000000
70000003
F0000000
100000A0
2001F62C
60000000
70000003
F0000000
100000C0
2002162C
60000000
70000003
F0000000
100000E0
2002362C
60000000
70000003
F0000000
10000100
2002562C
60000000
70000003
F0000000
10000120
2002762C
60000000
70000003
F0000000
10000140
2002962C
60000000
70000003
F0000000
10000160
2002B62C
60000000
70000003
F0000000
10000180
2002D62C
60000000
70000003
F0000000
100001A0
2002F62C
60000000
70000003
F0000000
100001C0
2003162C
60000000
70000003
F0000000
100001E0
2003362C
60000000
70000003
F0000000
10000200
2003562C
60000000
70000003
F0000000
10000220
2003762C
60000000
70000003
F0000000
10000240
2003962C
60000000
70000003
F0000000
10000260
2003B62C
60000000
70000003
F0000000
10000280
2003D62C
60000000
70000003
F0000000
100002A0
2003F62C
60000000
70000003
F0000000
100002C0
2004162C
60000000
70000003
F0000000
100002E0
2004362C
60000000
70000003
F0000000
10000300
2004562C
60000000
70000003
F0000000
10000320
2004762C
60000000
70000003
F0000000
10000340
2004962C
60000000
70000003
F0000000
10000360
2004B62C
60000000
70000003
F0000000
10000380
2004D62C
60000000
70000003
F0000000
100003A0
2004F62C
60000000
70000003
F0000000
100003C0
2005162C
60000000
70000003
F0000000
100003E0
2005362C
60000000
70000003
F0000000
10000400
2005562C
60000000
70000003
F0000000
10000420
2005762C
60000000
70000003
F0000000
10000440
2005962C
60000000
70000003
F0000000
10000460
2005B62C
60000000
70000002
F0000000
80010060
A0000002
10000000
2001564C
60000001
70000001
F0000000
10000020
2001764C
60000000
70000003
F0000000
10000040
2001964C
60000000
70000003
F0000000
10000060
2001B64C
60000000
70000003
F0000000
10000080
2001D64C
60000000
70000003
F0000000
100000A0
2001F64C
60000000
70000003
F0000000
100000C0
2002164C
60000000
70000003
F0000000
100000E0
2002364C
60000000
70000003
F0000000
10000100
2002564C
60000000
70000003
F0000000
10000120
2002764C
60000000
70000003
F0000000
10000140
2002964C
60000000
70000003
F0000000
10000160
2002B64C
60000000
70000003
F0000000
10000180
2002D64C
60000000
70000003
F0000000
100001A0
2002F64C
60000000
70000003
F0000000
100001C0
2003164C
60000000
70000003
F0000000
100001E0
2003364C
60000000
70000003
F0000000
10000200
2003564C
60000000
70000003
F0000000
10000220
2003764C
60000000
70000003
F0000000
10000240
2003964C
60000000
70000003
F0000000
10000260
2003B64C
60000000
70000003
F0000000
10000280
2003D64C
60000000
70000003
F0000000
100002A0
2003F64C
60000000
70000003
F0000000
100002C0
2004164C
60000000
70000003
F0000000
100002E0
2004364C
60000000
70000003
F0000000
10000300
2004564C
60000000
70000003
F0000000
10000320
2004764C
60000000
70000003
F0000000
10000340
2004964C
60000000
70000003
F0000000
10000360
2004B64C
60000000
70000003
F0000000
10000380
2004D64C
60000000
70000003
F0000000
100003A0
2004F64C
60000000
70000003
F0000000
100003C0
2005164C
60000000
70000003
F0000000
100003E0
2005364C
60000000
70000003
F0000000
10000400
2005564C
60000000
70000003
F0000000
10000420
2005764C
60000000
70000003
F0000000
10000440
2005964C
60000000
70000003
F0000000
10000460
2005B64C
60000000
70000002
F0000000
80010080
A0000002
10000000
2001566C
60000001
70000001
F0000000
10000020
2001766C
60000000
70000003
F0000000
10000040
2001966C
60000000
70000003
F0000000
10000060
2001B66C
60000000
70000003
F0000000
10000080
2001D66C
60000000
70000003
F0000000
100000A0
2001F66C
60000000
70000003
F0000000
100000C0
2002166C
60000000
70000003
F0000000
100000E0
2002366C
60000000
70000003
F0000000
10000100
2002566C
60000000
70000003
F0000000
10000120
2002766C
60000000
70000003
F0000000
10000140
2002966C
60000000
70000003
F0000000
10000160
2002B66C
60000000
70000003
F0000000
10000180
2002D66C
60000000
70000003
F0000000
100001A0
2002F66C
60000000
70000003
F0000000
100001C0
2003166C
60000000
70000003
F0000000
100001E0
2003366C
60000000
70000003
F0000000
10000200
2003566C
60000000
70000003
F0000000
10000220
2003766C
60000000
70000003
F0000000
10000240
2003966C
60000000
70000003
F0000000
10000260
2003B66C
60000000
70000003
F0000000
10000280
2003D66C
60000000
70000003
F0000000
100002A0
2003F66C
60000000
70000003
F0000000
100002C0
2004166C
60000000
70000003
F0000000
100002E0
2004366C
60000000
70000003
F0000000
10000300
2004566C
60000000
70000003
F0000000
10000320
2004766C
60000000
70000003
F0000000
10000340
2004966C
60000000
70000003
F0000000
10000360
2004B66C
60000000
70000003
F0000000
10000380
2004D66C
60000000
70000003
F0000000
100003A0
2004F66C
60000000
70000003
F0000000
100003C0
2005166C
60000000
70000003
F0000000
100003E0
2005366C
60000000
70000003
F0000000
10000400
2005566C
60000000
70000003
F0000000
10000420
2005766C
60000000
70000003
F0000000
10000440
2005966C
60000000
70000003
F0000000
10000460
2005B66C
60000000
70000002
F0000000
800100A0
A0000002
10000000
2001568C
60000001
70000001
F0000000
10000020
2001768C
60000000
70000003
F0000000
10000040
2001968C
60000000
70000003
F0000000
10000060
2001B68C
60000000
70000003
F0000000
10000080
2001D68C
60000000
70000003
F0000000
100000A0
2001F68C
60000000
70000003
F0000000
100000C0
2002168C
60000000
70000003
F0000000
100000E0
2002368C
60000000
70000003
F0000000
10000100
2002568C
60000000
70000003
F0000000
10000120
2002768C
60000000
70000003
F0000000
10000140
2002968C
60000000
70000003
F0000000
10000160
2002B68C
60000000
70000003
F0000000
10000180
2002D68C
60000000
70000003
F0000000
100001A0
2002F68C
60000000
70000003
F0000000
100001C0
2003168C
60000000
70000003
F0000000
100001E0
2003368C
60000000
70000003
F0000000
10000200
2003568C
60000000
70000003
F0000000
10000220
2003768C
60000000
70000003
F0000000
10000240
2003968C
60000000
70000003
F0000000
10000260
2003B68C
60000000
70000003
F0000000
10000280
2003D68C
60000000
70000003
F0000000
100002A0
2003F68C
60000000
70000003
F0000000
100002C0
2004168C
60000000
70000003
F0000000
100002E0
2004368C
60000000
70000003
F0000000
10000300
2004568C
60000000
70000003
F0000000
10000320
2004768C
60000000
70000003
F0000000
10000340
2004968C
60000000
70000003
F0000000
10000360
2004B68C
60000000
70000003
F0000000
10000380
2004D68C
60000000
70000003
F0000000
100003A0
2004F68C
60000000
70000003
F0000000
100003C0
2005168C
60000000
70000003
F0000000
100003E0
2005368C
60000000
70000003
F0000000
10000400
2005568C
60000000
70000003
F0000000
10000420
2005768C
60000000
70000003
F0000000
10000440
2005968C
60000000
70000003
F0000000
10000460
2005B68C
60000000
70000002
F0000000
800100C0
A0000002
10000000
200156AC
60000001
70000001
F0000000
10000020
200176AC
60000000
70000003
F0000000
10000040
200196AC
60000000
70000003
F0000000
10000060
2001B6AC
60000000
70000003
F0000000
10000080
2001D6AC
60000000
70000003
F0000000
100000A0
2001F6AC
60000000
70000003
F0000000
100000C0
200216AC
60000000
70000003
F0000000
100000E0
200236AC
60000000
70000003
F0000000
10000100
200256AC
60000000
70000003
F0000000
10000120
200276AC
60000000
70000003
F0000000
10000140
200296AC
60000000
70000003
F0000000
10000160
2002B6AC
60000000
70000003
F0000000
10000180
2002D6AC
60000000
70000003
F0000000
100001A0
2002F6AC
60000000
70000003
F0000000
100001C0
200316AC
60000000
70000003
F0000000
100001E0
200336AC
60000000
70000003
F0000000
10000200
200356AC
60000000
70000003
F0000000
10000220
200376AC
60000000
70000003
F0000000
10000240
200396AC
60000000
70000003
F0000000
10000260
2003B6AC
60000000
70000003
F0000000
10000280
2003D6AC
60000000
70000003
F0000000
100002A0
2003F6AC
60000000
70000003
F0000000
100002C0
200416AC
60000000
70000003
F0000000
100002E0
200436AC
60000000
70000003
F0000000
10000300
200456AC
60000000
70000003
F0000000
10000320
200476AC
60000000
70000003
F0000000
10000340
200496AC
60000000
70000003
F0000000
10000360
2004B6AC
60000000
70000003
F0000000
10000380
2004D6AC
60000000
70000003
F0000000
100003A0
2004F6AC
60000000
70000003
F0000000
100003C0
200516AC
60000000
70000003
F0000000
100003E0
200536AC
60000000
70000003
F0000000
10000400
200556AC
60000000
70000003
F0000000
10000420
200576AC
60000000
70000003
F0000000
10000440
200596AC
60000000
70000003
F0000000
10000460
2005B6AC
60000000
70000002
F0000000
800100E0
A0000002
10000000
200156CC
60000001
70000001
F0000000
10000020
200176CC
60000000
70000003
F0000000
10000040
200196CC
60000000
70000003
F0000000
10000060
2001B6CC
60000000
70000003
F0000000
10000080
2001D6CC
60000000
70000003
F0000000
100000A0
2001F6CC
60000000
70000003
F0000000
100000C0
200216CC
60000000
70000003
F0000000
100000E0
200236CC
60000000
70000003
F0000000
10000100
200256CC
60000000
70000003
F0000000
10000120
200276CC
60000000
70000003
F0000000
10000140
200296CC
60000000
70000003
F0000000
10000160
2002B6CC
60000000
70000003
F0000000
10000180
2002D6CC
60000000
70000003
F0000000
100001A0
2002F6CC
60000000
70000003
F0000000
100001C0
200316CC
60000000
70000003
F0000000
100001E0
200336CC
60000000
70000003
F0000000
10000200
200356CC
60000000
70000003
F0000000
10000220
200376CC
60000000
70000003
F0000000
10000240
200396CC
60000000
70000003
F0000000
10000260
2003B6CC
60000000
70000003
F0000000
10000280
2003D6CC
60000000
70000003
F0000000
100002A0
2003F6CC
60000000
70000003
F0000000
100002C0
200416CC
60000000
70000003
F0000000
100002E0
200436CC
60000000
70000003
F0000000
10000300
200456CC
60000000
70000003
F0000000
10000320
200476CC
60000000
70000003
F0000000
10000340
200496CC
60000000
70000003
F0000000
10000360
2004B6CC
60000000
70000003
F0000000
10000380
2004D6CC
60000000
70000003
F0000000
100003A0
2004F6CC
60000000
70000003
F0000000
100003C0
200516CC
60000000
70000003
F0000000
100003E0
200536CC
60000000
70000003
F0000000
10000400
200556CC
60000000
70000003
F0000000
10000420
200576CC
60000000
70000003
F0000000
10000440
200596CC
60000000
70000003
F0000000
10000460
2005B6CC
60000000
70000002
F0000000
80012000
A0000002
10009000
200155EC
60000001
70000001
F0000000
10009020
200175EC
60000000
70000003
F0000000
10009040
200195EC
60000000
70000003
F0000000
10009060
2001B5EC
60000000
70000003
F0000000
10009080
2001D5EC
60000000
70000003
F0000000
100090A0
2001F5EC
60000000
70000003
F0000000
100090C0
200215EC
60000000
70000003
F0000000
100090E0
200235EC
60000000
70000003
F0000000
10009100
200255EC
60000000
70000003
F0000000
10009120
200275EC
60000000
70000003
F0000000
10009140
200295EC
60000000
70000003
F0000000
10009160
2002B5EC
60000000
70000003
F0000000
10009180
2002D5EC
60000000
70000003
F0000000
100091A0
2002F5EC
60000000
70000003
F0000000
100091C0
200315EC
60000000
70000003
F0000000
100091E0
200335EC
60000000
70000003
F0000000
10009200
200355EC
60000000
70000003
F0000000
10009220
200375EC
60000000
70000003
F0000000
10009240
200395EC
60000000
70000003
F0000000
10009260
2003B5EC
60000000
70000003
F0000000
10009280
2003D5EC
60000000
70000003
F0000000
100092A0
2003F5EC
60000000
70000003
F0000000
100092C0
200415EC
60000000
70000003
F0000000
100092E0
200435EC
60000000
70000003
F0000000
10009300
200455EC
60000000
70000003
F0000000
10009320
200475EC
60000000
70000003
F0000000
10009340
200495EC
60000000
70000003
F0000000
10009360
2004B5EC
60000000
70000003
F0000000
10009380
2004D5EC
60000000
70000003
F0000000
100093A0
2004F5EC
60000000
70000003
F0000000
100093C0
200515EC
60000000
70000003
F0000000
100093E0
200535EC
60000000
70000003
F0000000
10009400
200555EC
60000000
70000003
F0000000
10009420
200575EC
60000000
70000003
F0000000
10009440
200595EC
60000000
70000003
F0000000
10009460
2005B5EC
60000000
70000002
F0000000
80012020
A0000002
10009000
2001560C
60000001
70000001
F0000000
10009020
2001760C
60000000
70000003
F0000000
10009040
2001960C
60000000
70000003
F0000000
10009060
2001B60C
60000000
70000003
F0000000
10009080
2001D60C
60000000
70000003
F0000000
100090A0
2001F60C
60000000
70000003
F0000000
100090C0
2002160C
60000000
70000003
F0000000
100090E0
2002360C
60000000
70000003
F0000000
10009100
2002560C
60000000
70000003
F0000000
10009120
2002760C
60000000
70000003
F0000000
10009140
2002960C
60000000
70000003
F0000000
10009160
2002B60C
60000000
70000003
F0000000
10009180
2002D60C
60000000
70000003
F0000000
100091A0
2002F60C
60000000
70000003
F0000000
100091C0
2003160C
60000000
70000003
F0000000
100091E0
2003360C
60000000
70000003
F0000000
10009200
2003560C
60000000
70000003
F0000000
10009220
2003760C
60000000
70000003
F0000000
10009240
2003960C
60000000
70000003
F0000000
10009260
2003B60C
60000000
70000003
F0000000
10009280
2003D60C
60000000
70000003
F0000000
100092A0
2003F60C
60000000
70000003
F0000000
100092C0
2004160C
60000000
70000003
F0000000
100092E0
2004360C
60000000
70000003
F0000000
10009300
2004560C
60000000
70000003
F0000000
10009320
2004760C
60000000
70000003
F0000000
10009340
2004960C
60000000
70000003
F0000000
10009360
2004B60C
60000000
70000003
F0000000
10009380
2004D60C
60000000
70000003
F0000000
100093A0
2004F60C
60000000
70000003
F0000000
100093C0
2005160C
60000000
70000003
F0000000
100093E0
2005360C
60000000
70000003
F0000000
10009400
2005560C
60000000
70000003
F0000000
10009420
2005760C
60000000
70000003
F0000000
10009440
2005960C
60000000
70000003
F0000000
10009460
2005B60C
60000000
70000002
F0000000
80012040
A0000002
10009000
2001562C
60000001
70000001
F0000000
10009020
2001762C
60000000
70000003
F0000000
10009040
2001962C
60000000
70000003
F0000000
10009060
2001B62C
60000000
70000003
F0000000
10009080
2001D62C
60000000
70000003
F0000000
100090A0
2001F62C
60000000
70000003
F0000000
100090C0
2002162C
60000000
70000003
F0000000
100090E0
2002362C
60000000
70000003
F0000000
10009100
2002562C
60000000
70000003
F0000000
10009120
2002762C
60000000
70000003
F0000000
10009140
2002962C
60000000
70000003
F0000000
10009160
2002B62C
60000000
70000003
F0000000
10009180
2002D62C
60000000
70000003
F0000000
100091A0
2002F62C
60000000
70000003
F0000000
100091C0
2003162C
60000000
70000003
F0000000
100091E0
2003362C
60000000
70000003
F0000000
10009200
2003562C
60000000
70000003
F0000000
10009220
2003762C
60000000
70000003
F0000000
10009240
2003962C
60000000
70000003
F0000000
10009260
2003B62C
60000000
70000003
F0000000
10009280
2003D62C
60000000
70000003
F0000000
100092A0
2003F62C
60000000
70000003
F0000000
100092C0
2004162C
60000000
70000003
F0000000
100092E0
2004362C
60000000
70000003
F0000000
10009300
2004562C
60000000
70000003
F0000000
10009320
2004762C
60000000
70000003
F0000000
10009340
2004962C
60000000
70000003
F0000000
10009360
2004B62C
60000000
70000003
F0000000
10009380
2004D62C
60000000
70000003
F0000000
100093A0
2004F62C
60000000
70000003
F0000000
100093C0
2005162C
60000000
70000003
F0000000
100093E0
2005362C
60000000
70000003
F0000000
10009400
2005562C
60000000
70000003
F0000000
10009420
2005762C
60000000
70000003
F0000000
10009440
2005962C
60000000
70000003
F0000000
10009460
2005B62C
60000000
70000002
F0000000
80012060
A0000002
10009000
2001564C
60000001
70000001
F0000000
10009020
2001764C
60000000
70000003
F0000000
10009040
2001964C
60000000
70000003
F0000000
10009060
2001B64C
60000000
70000003
F0000000
10009080
2001D64C
60000000
70000003
F0000000
100090A0
2001F64C
60000000
70000003
F0000000
100090C0
2002164C
60000000
70000003
F0000000
100090E0
2002364C
60000000
70000003
F0000000
10009100
2002564C
60000000
70000003
F0000000
10009120
2002764C
60000000
70000003
F0000000
10009140
2002964C
60000000
70000003
F0000000
10009160
2002B64C
60000000
70000003
F0000000
10009180
2002D64C
60000000
70000003
F0000000
100091A0
2002F64C
60000000
70000003
F0000000
100091C0
2003164C
60000000
70000003
F0000000
100091E0
2003364C
60000000
70000003
F0000000
10009200
2003564C
60000000
70000003
F0000000
10009220
2003764C
60000000
70000003
F0000000
10009240
2003964C
60000000
70000003
F0000000
10009260
2003B64C
60000000
70000003
F0000000
10009280
2003D64C
60000000
70000003
F0000000
100092A0
2003F64C
60000000
70000003
F0000000
100092C0
2004164C
60000000
70000003
F0000000
100092E0
2004364C
60000000
70000003
F0000000
10009300
2004564C
60000000
70000003
F0000000
10009320
2004764C
60000000
70000003
F0000000
10009340
2004964C
60000000
70000003
F0000000
10009360
2004B64C
60000000
70000003
F0000000
10009380
2004D64C
60000000
70000003
F0000000
100093A0
2004F64C
60000000
70000003
F0000000
100093C0
2005164C
60000000
70000003
F0000000
100093E0
2005364C
60000000
70000003
F0000000
10009400
2005564C
60000000
70000003
F0000000
10009420
2005764C
60000000
70000003
F0000000
10009440
2005964C
60000000
70000003
F0000000
10009460
2005B64C
60000000
70000002
F0000000
80012080
A0000002
10009000
2001566C
60000001
70000001
F0000000
10009020
2001766C
60000000
70000003
F0000000
10009040
2001966C
60000000
70000003
F0000000
10009060
2001B66C
60000000
70000003
F0000000
10009080
2001D66C
60000000
70000003
F0000000
100090A0
2001F66C
60000000
70000003
F0000000
100090C0
2002166C
60000000
70000003
F0000000
100090E0
2002366C
60000000
70000003
F0000000
10009100
2002566C
60000000
70000003
F0000000
10009120
2002766C
60000000
70000003
F0000000
10009140
2002966C
60000000
70000003
F0000000
10009160
2002B66C
60000000
70000003
F0000000
10009180
2002D66C
60000000
70000003
F0000000
100091A0
2002F66C
60000000
70000003
F0000000
100091C0
2003166C
60000000
70000003
F0000000
100091E0
2003366C
60000000
70000003
F0000000
10009200
2003566C
60000000
70000003
F0000000
10009220
2003766C
60000000
70000003
F0000000
10009240
2003966C
60000000
70000003
F0000000
10009260
2003B66C
60000000
70000003
F0000000
10009280
2003D66C
60000000
70000003
F0000000
100092A0
2003F66C
60000000
70000003
F0000000
100092C0
2004166C
60000000
70000003
F0000000
100092E0
2004366C
60000000
70000003
F0000000
10009300
2004566C
60000000
70000003
F0000000
10009320
2004766C
60000000
70000003
F0000000
10009340
2004966C
60000000
70000003
F0000000
10009360
2004B66C
60000000
70000003
F0000000
10009380
2004D66C
60000000
70000003
F0000000
100093A0
2004F66C
60000000
70000003
F0000000
100093C0
2005166C
60000000
70000003
F0000000
100093E0
2005366C
60000000
70000003
F0000000
10009400
2005566C
60000000
70000003
F0000000
10009420
2005766C
60000000
70000003
F0000000
10009440
2005966C
60000000
70000003
F0000000
10009460
2005B66C
60000000
70000002
F0000000
800120A0
A0000002
10009000
2001568C
60000001
70000001
F0000000
10009020
2001768C
60000000
70000003
F0000000
10009040
2001968C
60000000
70000003
F0000000
10009060
2001B68C
60000000
70000003
F0000000
10009080
2001D68C
60000000
70000003
F0000000
100090A0
2001F68C
60000000
70000003
F0000000
100090C0
2002168C
60000000
70000003
F0000000
100090E0
2002368C
60000000
70000003
F0000000
10009100
2002568C
60000000
70000003
F0000000
10009120
2002768C
60000000
70000003
F0000000
10009140
2002968C
60000000
70000003
F0000000
10009160
2002B68C
60000000
70000003
F0000000
10009180
2002D68C
60000000
70000003
F0000000
100091A0
2002F68C
60000000
70000003
F0000000
100091C0
2003168C
60000000
70000003
F0000000
100091E0
2003368C
60000000
70000003
F0000000
10009200
2003568C
60000000
70000003
F0000000
10009220
2003768C
60000000
70000003
F0000000
10009240
2003968C
60000000
70000003
F0000000
10009260
2003B68C
60000000
70000003
F0000000
10009280
2003D68C
60000000
70000003
F0000000
100092A0
2003F68C
60000000
70000003
F0000000
100092C0
2004168C
60000000
70000003
F0000000
100092E0
2004368C
60000000
70000003
F0000000
10009300
2004568C
60000000
70000003
F0000000
10009320
2004768C
60000000
70000003
F0000000
10009340
2004968C
60000000
70000003
F0000000
10009360
2004B68C
60000000
70000003
F0000000
10009380
2004D68C
60000000
70000003
F0000000
100093A0
2004F68C
60000000
70000003
F0000000
100093C0
2005168C
60000000
70000003
F0000000
100093E0
2005368C
60000000
70000003
F0000000
10009400
2005568C
60000000
70000003
F0000000
10009420
2005768C
60000000
70000003
F0000000
10009440
2005968C
60000000
70000003
F0000000
10009460
2005B68C
60000000
70000002
F0000000
800120C0
A0000002
10009000
200156AC
60000001
70000001
F0000000
10009020
200176AC
60000000
70000003
F0000000
10009040
200196AC
60000000
70000003
F0000000
10009060
2001B6AC
60000000
70000003
F0000000
10009080
2001D6AC
60000000
70000003
F0000000
100090A0
2001F6AC
60000000
70000003
F0000000
100090C0
200216AC
60000000
70000003
F0000000
100090E0
200236AC
60000000
70000003
F0000000
10009100
200256AC
60000000
70000003
F0000000
10009120
200276AC
60000000
70000003
F0000000
10009140
200296AC
60000000
70000003
F0000000
10009160
2002B6AC
60000000
70000003
F0000000
10009180
2002D6AC
60000000
70000003
F0000000
100091A0
2002F6AC
60000000
70000003
F0000000
100091C0
200316AC
60000000
70000003
F0000000
100091E0
200336AC
60000000
70000003
F0000000
10009200
200356AC
60000000
70000003
F0000000
10009220
200376AC
60000000
70000003
F0000000
10009240
200396AC
60000000
70000003
F0000000
10009260
2003B6AC
60000000
70000003
F0000000
10009280
2003D6AC
60000000
70000003
F0000000
100092A0
2003F6AC
60000000
70000003
F0000000
100092C0
200416AC
60000000
70000003
F0000000
100092E0
200436AC
60000000
70000003
F0000000
10009300
200456AC
60000000
70000003
F0000000
10009320
200476AC
60000000
70000003
F0000000
10009340
200496AC
60000000
70000003
F0000000
10009360
2004B6AC
60000000
70000003
F0000000
10009380
2004D6AC
60000000
70000003
F0000000
100093A0
2004F6AC
60000000
70000003
F0000000
100093C0
200516AC
60000000
70000003
F0000000
100093E0
200536AC
60000000
70000003
F0000000
10009400
200556AC
60000000
70000003
F0000000
10009420
200576AC
60000000
70000003
F0000000
10009440
200596AC
60000000
70000003
F0000000
10009460
2005B6AC
60000000
70000002
F0000000
800120E0
A0000002
10009000
200156CC
60000001
70000001
F0000000
10009020
200176CC
60000000
70000003
F0000000
10009040
200196CC
60000000
70000003
F0000000
10009060
2001B6CC
60000000
70000003
F0000000
10009080
2001D6CC
60000000
70000003
F0000000
100090A0
2001F6CC
60000000
70000003
F0000000
100090C0
200216CC
60000000
70000003
F0000000
100090E0
200236CC
60000000
70000003
F0000000
10009100
200256CC
60000000
70000003
F0000000
10009120
200276CC
60000000
70000003
F0000000
10009140
200296CC
60000000
70000003
F0000000
10009160
2002B6CC
60000000
70000003
F0000000
10009180
2002D6CC
60000000
70000003
F0000000
100091A0
2002F6CC
60000000
70000003
F0000000
100091C0
200316CC
60000000
70000003
F0000000
100091E0
200336CC
60000000
70000003
F0000000
10009200
200356CC
60000000
70000003
F0000000
10009220
200376CC
60000000
70000003
F0000000
10009240
200396CC
60000000
70000003
F0000000
10009260
2003B6CC
60000000
70000003
F0000000
10009280
2003D6CC
60000000
70000003
F0000000
100092A0
2003F6CC
60000000
70000003
F0000000
100092C0
200416CC
60000000
70000003
F0000000
100092E0
200436CC
60000000
70000003
F0000000
10009300
200456CC
60000000
70000003
F0000000
10009320
200476CC
60000000
70000003
F0000000
10009340
200496CC
60000000
70000003
F0000000
10009360
2004B6CC
60000000
70000003
F0000000
10009380
2004D6CC
60000000
70000003
F0000000
100093A0
2004F6CC
60000000
70000003
F0000000
100093C0
200516CC
60000000
70000003
F0000000
100093E0
200536CC
60000000
70000003
F0000000
10009400
200556CC
60000000
70000003
F0000000
10009420
200576CC
60000000
70000003
F0000000
10009440
200596CC
60000000
70000003
F0000000
10009460
2005B6CC
60000000
70000002
F0000000
E0000000
30000020
B06B4EC0
80000000
A0000002
10010000
200275EC
60000001
70000001
F0000000
10010020
200295EC
60000000
70000003
F0000000
10010040
2002B5EC
60000000
70000003
F0000000
10010060
2002D5EC
60000000
70000003
F0000000
10010080
2002F5EC
60000000
70000003
F0000000
100100A0
200315EC
60000000
70000003
F0000000
100100C0
200335EC
60000000
70000003
F0000000
100100E0
200355EC
60000000
70000002
F0000000
80000020
A0000002
10010000
2002760C
60000001
70000001
F0000000
10010020
2002960C
60000000
70000003
F0000000
10010040
2002B60C
60000000
70000003
F0000000
10010060
2002D60C
60000000
70000003
F0000000
10010080
2002F60C
60000000
70000003
F0000000
100100A0
2003160C
60000000
70000003
F0000000
100100C0
2003360C
60000000
70000003
F0000000
100100E0
2003560C
60000000
70000002
F0000000
80000040
A0000002
10010000
2002762C
60000001
70000001
F0000000
10010020
2002962C
60000000
70000003
F0000000
10010040
2002B62C
60000000
70000003
F0000000
10010060
2002D62C
60000000
70000003
F0000000
10010080
2002F62C
60000000
70000003
F0000000
100100A0
2003162C
60000000
70000003
F0000000
100100C0
2003362C
60000000
70000003
F0000000
100100E0
2003562C
60000000
70000002
F0000000
80000060
A0000002
10010000
2002764C
60000001
70000001
F0000000
10010020
2002964C
60000000
70000003
F0000000
10010040
2002B64C
60000000
70000003
F0000000
10010060
2002D64C
60000000
70000003
F0000000
10010080
2002F64C
60000000
70000003
F0000000
100100A0
2003164C
60000000
70000003
F0000000
100100C0
2003364C
60000000
70000003
F0000000
100100E0
2003564C
60000000
70000002
F0000000
80000080
A0000002
10010000
2002766C
60000001
70000001
F0000000
10010020
2002966C
60000000
70000003
F0000000
10010040
2002B66C
60000000
70000003
F0000000
10010060
2002D66C
60000000
70000003
F0000000
10010080
2002F66C
60000000
70000003
F0000000
100100A0
2003166C
60000000
70000003
F0000000
100100C0
2003366C
60000000
70000003
F0000000
100100E0
2003566C
60000000
70000002
F0000000
800000A0
A0000002
10010000
2002768C
60000001
70000001
F0000000
10010020
2002968C
60000000
70000003
F0000000
10010040
2002B68C
60000000
70000003
F0000000
10010060
2002D68C
60000000
70000003
F0000000
10010080
2002F68C
60000000
70000003
F0000000
100100A0
2003168C
60000000
70000003
F0000000
100100C0
2003368C
60000000
70000003
F0000000
100100E0
2003568C
60000000
70000002
F0000000
800000C0
A0000002
10010000
200276AC
60000001
70000001
F0000000
10010020
200296AC
60000000
70000003
F0000000
10010040
2002B6AC
60000000
70000003
F0000000
10010060
2002D6AC
60000000
70000003
F0000000
10010080
2002F6AC
60000000
70000003
F0000000
100100A0
200316AC
60000000
70000003
F0000000
100100C0
200336AC
60000000
70000003
F0000000
100100E0
200356AC
60000000
70000002
F0000000
800000E0
A0000002
10010000
200276CC
60000001
70000001
F0000000
10010020
200296CC
60000000
70000003
F0000000
10010040
2002B6CC
60000000
70000003
F0000000
10010060
2002D6CC
60000000
70000003
F0000000
10010080
2002F6CC
60000000
70000003
F0000000
100100A0
200316CC
60000000
70000003
F0000000
100100C0
200336CC
60000000
70000003
F0000000
100100E0
200356CC
60000000
70000002
F0000000
80002000
A0000002
10012000
200275EC
60000001
70000001
F0000000
10012020
200295EC
60000000
70000003
F0000000
10012040
2002B5EC
60000000
70000003
F0000000
10012060
2002D5EC
60000000
70000003
F0000000
10012080
2002F5EC
60000000
70000003
F0000000
100120A0
200315EC
60000000
70000003
F0000000
100120C0
200335EC
60000000
70000003
F0000000
100120E0
200355EC
60000000
70000002
F0000000
80002020
A0000002
10012000
2002760C
60000001
70000001
F0000000
10012020
2002960C
60000000
70000003
F0000000
10012040
2002B60C
60000000
70000003
F0000000
10012060
2002D60C
60000000
70000003
F0000000
10012080
2002F60C
60000000
70000003
F0000000
100120A0
2003160C
60000000
70000003
F0000000
100120C0
2003360C
60000000
70000003
F0000000
100120E0
2003560C
60000000
70000002
F0000000
80002040
A0000002
10012000
2002762C
60000001
70000001
F0000000
10012020
2002962C
60000000
70000003
F0000000
10012040
2002B62C
60000000
70000003
F0000000
10012060
2002D62C
60000000
70000003
F0000000
10012080
2002F62C
60000000
70000003
F0000000
100120A0
2003162C
60000000
70000003
F0000000
100120C0
2003362C
60000000
70000003
F0000000
100120E0
2003562C
60000000
70000002
F0000000
80002060
A0000002
10012000
2002764C
60000001
70000001
F0000000
10012020
2002964C
60000000
70000003
F0000000
10012040
2002B64C
60000000
70000003
F0000000
10012060
2002D64C
60000000
70000003
F0000000
10012080
2002F64C
60000000
70000003
F0000000
100120A0
2003164C
60000000
70000003
F0000000
100120C0
2003364C
60000000
70000003
F0000000
100120E0
2003564C
60000000
70000002
F0000000
80002080
A0000002
10012000
2002766C
60000001
70000001
F0000000
10012020
2002966C
60000000
70000003
F0000000
10012040
2002B66C
60000000
70000003
F0000000
10012060
2002D66C
60000000
70000003
F0000000
10012080
2002F66C
60000000
70000003
F0000000
100120A0
2003166C
60000000
70000003
F0000000
100120C0
2003366C
60000000
70000003
F0000000
100120E0
2003566C
60000000
70000002
F0000000
800020A0
A0000002
10012000
2002768C
60000001
70000001
F0000000
10012020
2002968C
60000000
70000003
F0000000
10012040
2002B68C
60000000
70000003
F0000000
10012060
2002D68C
60000000
70000003
F0000000
10012080
2002F68C
60000000
70000003
F0000000
100120A0
2003168C
60000000
70000003
F0000000
100120C0
2003368C
60000000
70000003
F0000000
100120E0
2003568C
60000000
70000002
F0000000
800020C0
A0000002
10012000
200276AC
60000001
70000001
F0000000
10012020
200296AC
60000000
70000003
F0000000
10012040
2002B6AC
60000000
70000003
F0000000
10012060
2002D6AC
60000000
70000003
F0000000
10012080
2002F6AC
60000000
70000003
F0000000
100120A0
200316AC
60000000
70000003
F0000000
100120C0
200336AC
60000000
70000003
F0000000
100120E0
200356AC
60000000
70000002
F0000000
800020E0
A0000002
10012000
200276CC
60000001
70000001
F0000000
10012020
200296CC
60000000
70000003
F0000000
10012040
2002B6CC
60000000
70000003
F0000000
10012060
2002D6CC
60000000
70000003
F0000000
10012080
2002F6CC
60000000
70000003
F0000000
100120A0
200316CC
60000000
70000003
F0000000
100120C0
200336CC
60000000
70000003
F0000000
100120E0
200356CC
60000000
70000002
F0000000
E0000000
30000020
B10ADB72
80010000
A0000002
10000000
2002B5EC
60000001
70000001
F0000000
10000020
2002D5EC
60000000
70000003
F0000000
10000040
2002F5EC
60000000
70000003
F0000000
10000060
200315EC
60000000
70000003
F0000000
10000080
200335EC
60000000
70000003
F0000000
100000A0
200355EC
60000000
70000003
F0000000
100000C0
200375EC
60000000
70000003
F0000000
100000E0
200395EC
60000000
70000003
F0000000
10000100
2003B5EC
60000000
70000003
F0000000
10000120
2003D5EC
60000000
70000003
F0000000
10000140
2003F5EC
60000000
70000003
F0000000
10000160
200415EC
60000000
70000002
F0000000
80010020
A0000002
10000000
2002B60C
60000001
70000001
F0000000
10000020
2002D60C
60000000
70000003
F0000000
10000040
2002F60C
60000000
70000003
F0000000
10000060
2003160C
60000000
70000003
F0000000
10000080
2003360C
60000000
70000003
F0000000
100000A0
2003560C
60000000
70000003
F0000000
100000C0
2003760C
60000000
70000003
F0000000
100000E0
2003960C
60000000
70000003
F0000000
10000100
2003B60C
60000000
70000003
F0000000
10000120
2003D60C
60000000
70000003
F0000000
10000140
2003F60C
60000000
70000003
F0000000
10000160
2004160C
60000000
70000002
F0000000
80010040
A0000002
10000000
2002B62C
60000001
70000001
F0000000
10000020
2002D62C
60000000
70000003
F0000000
10000040
2002F62C
60000000
70000003
F0000000
10000060
2003162C
60000000
70000003
F0000000
10000080
2003362C
60000000
70000003
F0000000
100000A0
2003562C
60000000
70000003
F0000000
100000C0
2003762C
60000000
70000003
F0000000
100000E0
2003962C
60000000
70000003
F0000000
10000100
2003B62C
60000000
70000003
F0000000
10000120
2003D62C
60000000
70000003
F0000000
10000140
2003F62C
60000000
70000003
F0000000
10000160
2004162C
60000000
70000002
F0000000
80010060
A0000002
10000000
2002B64C
60000001
70000001
F0000000
10000020
2002D64C
60000000
70000003
F0000000
10000040
2002F64C
60000000
70000003
F0000000
10000060
2003164C
60000000
70000003
F0000000
10000080
2003364C
60000000
70000003
F0000000
100000A0
2003564C
60000000
70000003
F0000000
100000C0
2003764C
60000000
70000003
F0000000
100000E0
2003964C
60000000
70000003
F0000000
10000100
2003B64C
60000000
70000003
F0000000
10000120
2003D64C
60000000
70000003
F0000000
10000140
2003F64C
60000000
70000003
F0000000
10000160
2004164C
60000000
70000002
F0000000
80010080
A0000002
10000000
2002B66C
60000001
70000001
F0000000
10000020
2002D66C
60000000
70000003
F0000000
10000040
2002F66C
60000000
70000003
F0000000
10000060
2003166C
60000000
70000003
F0000000
10000080
2003366C
60000000
70000003
F0000000
100000A0
2003566C
60000000
70000003
F0000000
100000C0
2003766C
60000000
70000003
F0000000
100000E0
2003966C
60000000
70000003
F0000000
10000100
2003B66C
60000000
70000003
F0000000
10000120
2003D66C
60000000
70000003
F0000000
10000140
2003F66C
60000000
70000003
F0000000
10000160
2004166C
60000000
70000002
F0000000
800100A0
A0000002
10000000
2002B68C
60000001
70000001
F0000000
10000020
2002D68C
60000000
70000003
F0000000
10000040
2002F68C
60000000
70000003
F0000000
10000060
2003168C
60000000
70000003
F0000000
10000080
2003368C
60000000
70000003
F0000000
100000A0
2003568C
60000000
70000003
F0000000
100000C0
2003768C
60000000
70000003
F0000000
100000E0
2003968C
60000000
70000003
F0000000
10000100
2003B68C
60000000
70000003
F0000000
10000120
2003D68C
60000000
70000003
F0000000
10000140
2003F68C
60000000
70000003
F0000000
10000160
2004168C
60000000
70000002
F0000000
800100C0
A0000002
10000000
2002B6AC
60000001
70000001
F0000000
10000020
2002D6AC
60000000
70000003
F0000000
10000040
2002F6AC
60000000
70000003
F0000000
10000060
200316AC
60000000
70000003
F0000000
10000080
200336AC
60000000
70000003
F0000000
100000A0
200356AC
60000000
70000003
F0000000
100000C0
200376AC
60000000
70000003
F0000000
100000E0
200396AC
60000000
70000003
F0000000
10000100
2003B6AC
60000000
70000003
F0000000
10000120
2003D6AC
60000000
70000003
F0000000
10000140
2003F6AC
60000000
70000003
F0000000
10000160
200416AC
60000000
70000002
F0000000
800100E0
A0000002
10000000
2002B6CC
60000001
70000001
F0000000
10000020
2002D6CC
60000000
70000003
F0000000
10000040
2002F6CC
60000000
70000003
F0000000
10000060
200316CC
60000000
70000003
F0000000
10000080
200336CC
60000000
70000003
F0000000
100000A0
200356CC
60000000
70000003
F0000000
100000C0
200376CC
60000000
70000003
F0000000
100000E0
200396CC
60000000
70000003
F0000000
10000100
2003B6CC
60000000
70000003
F0000000
10000120
2003D6CC
60000000
70000003
F0000000
10000140
2003F6CC
60000000
70000003
F0000000
10000160
200416CC
60000000
70000002
F0000000
80012000
A0000002
10003000
2002B5EC
60000001
70000001
F0000000
10003020
2002D5EC
60000000
70000003
F0000000
10003040
2002F5EC
60000000
70000003
F0000000
10003060
200315EC
60000000
70000003
F0000000
10003080
200335EC
60000000
70000003
F0000000
100030A0
200355EC
60000000
70000003
F0000000
100030C0
200375EC
60000000
70000003
F0000000
100030E0
200395EC
60000000
70000003
F0000000
10003100
2003B5EC
60000000
70000003
F0000000
10003120
2003D5EC
60000000
70000003
F0000000
10003140
2003F5EC
60000000
70000003
F0000000
10003160
200415EC
60000000
70000002
F0000000
80012020
A0000002
10003000
2002B60C
60000001
70000001
F0000000
10003020
2002D60C
60000000
70000003
F0000000
10003040
2002F60C
60000000
70000003
F0000000
10003060
2003160C
60000000
70000003
F0000000
10003080
2003360C
60000000
70000003
F0000000
100030A0
2003560C
60000000
70000003
F0000000
100030C0
2003760C
60000000
70000003
F0000000
100030E0
2003960C
60000000
70000003
F0000000
10003100
2003B60C
60000000
70000003
F0000000
10003120
2003D60C
60000000
70000003
F0000000
10003140
2003F60C
60000000
70000003
F0000000
10003160
2004160C
60000000
70000002
F0000000
80012040
A0000002
10003000
2002B62C
60000001
70000001
F0000000
10003020
2002D62C
60000000
70000003
F0000000
10003040
2002F62C
60000000
70000003
F0000000
10003060
2003162C
60000000
70000003
F0000000
10003080
2003362C
60000000
70000003
F0000000
100030A0
2003562C
60000000
70000003
F0000000
100030C0
2003762C
60000000
70000003
F0000000
100030E0
2003962C
60000000
70000003
F0000000
10003100
2003B62C
60000000
70000003
F0000000
10003120
2003D62C
60000000
70000003
F0000000
10003140
2003F62C
60000000
70000003
F0000000
10003160
2004162C
60000000
70000002
F0000000
80012060
A0000002
10003000
2002B64C
60000001
70000001
F0000000
10003020
2002D64C
60000000
70000003
F0000000
10003040
2002F64C
60000000
70000003
F0000000
10003060
2003164C
60000000
70000003
F0000000
10003080
2003364C
60000000
70000003
F0000000
100030A0
2003564C
60000000
70000003
F0000000
100030C0
2003764C
60000000
70000003
F0000000
100030E0
2003964C
60000000
70000003
F0000000
10003100
2003B64C
60000000
70000003
F0000000
10003120
2003D64C
60000000
70000003
F0000000
10003140
2003F64C
60000000
70000003
F0000000
10003160
2004164C
60000000
70000002
F0000000
80012080
A0000002
10003000
2002B66C
60000001
70000001
F0000000
10003020
2002D66C
60000000
70000003
F0000000
10003040
2002F66C
60000000
70000003
F0000000
10003060
2003166C
60000000
70000003
F0000000
10003080
2003366C
60000000
70000003
F0000000
100030A0
2003566C
60000000
70000003
F0000000
100030C0
2003766C
60000000
70000003
F0000000
100030E0
2003966C
60000000
70000003
F0000000
10003100
2003B66C
60000000
70000003
F0000000
10003120
2003D66C
60000000
70000003
F0000000
10003140
2003F66C
60000000
70000003
F0000000
10003160
2004166C
60000000
70000002
F0000000
800120A0
A0000002
10003000
2002B68C
60000001
70000001
F0000000
10003020
2002D68C
60000000
70000003
F0000000
10003040
2002F68C
60000000
70000003
F0000000
10003060
2003168C
60000000
70000003
F0000000
10003080
2003368C
60000000
70000003
F0000000
100030A0
2003568C
60000000
70000003
F0000000
100030C0
2003768C
60000000
70000003
F0000000
100030E0
2003968C
60000000
70000003
F0000000
10003100
2003B68C
60000000
70000003
F0000000
10003120
2003D68C
60000000
70000003
F0000000
10003140
2003F68C
60000000
70000003
F0000000
10003160
2004168C
60000000
70000002
F0000000
800120C0
A0000002
10003000
2002B6AC
60000001
70000001
F0000000
10003020
2002D6AC
60000000
70000003
F0000000
10003040
2002F6AC
60000000
70000003
F0000000
10003060
200316AC
60000000
70000003
F0000000
10003080
200336AC
60000000
70000003
F0000000
100030A0
200356AC
60000000
70000003
F0000000
100030C0
200376AC
60000000
70000003
F0000000
100030E0
200396AC
60000000
70000003
F0000000
10003100
2003B6AC
60000000
70000003
F0000000
10003120
2003D6AC
60000000
70000003
F0000000
10003140
2003F6AC
60000000
70000003
F0000000
10003160
200416AC
60000000
70000002
F0000000
800120E0
A0000002
10003000
2002B6CC
60000001
70000001
F0000000
10003020
2002D6CC
60000000
70000003
F0000000
10003040
2002F6CC
60000000
70000003
F0000000
10003060
200316CC
60000000
70000003
F0000000
10003080
200336CC
60000000
70000003
F0000000
100030A0
200356CC
60000000
70000003
F0000000
100030C0
200376CC
60000000
70000003
F0000000
100030E0
200396CC
60000000
70000003
F0000000
10003100
2003B6CC
60000000
70000003
F0000000
10003120
2003D6CC
60000000
70000003
F0000000
10003140
2003F6CC
60000000
70000003
F0000000
10003160
200416CC
60000000
70000002
F0000000
E0000000
30000020
B08AFA8E
80000000
A0000002
10010000
200315EC
60000001
70000001
F0000000
10010020
200325EC
60000000
70000003
F0000000
10010040
200335EC
60000000
70000003
F0000000
10010060
200345EC
60000000
70000003
F0000000
10010080
200355EC
60000000
70000003
F0000000
100100A0
200365EC
60000000
70000003
F0000000
100100C0
200375EC
60000000
70000003
F0000000
100100E0
200385EC
60000000
70000003
F0000000
10010100
200395EC
60000000
70000003
F0000000
10010120
2003A5EC
60000000
70000003
F0000000
10010140
2003B5EC
60000000
70000003
F0000000
10010160
2003C5EC
60000000
70000003
F0000000
10010180
2003D5EC
60000000
70000003
F0000000
100101A0
2003E5EC
60000000
70000003
F0000000
100101C0
2003F5EC
60000000
70000003
F0000000
100101E0
200405EC
60000000
70000003
F0000000
10010200
200415EC
60000000
70000003
F0000000
10010220
200425EC
60000000
70000003
F0000000
10010240
200435EC
60000000
70000003
F0000000
10010260
200445EC
60000000
70000003
F0000000
10010280
200455EC
60000000
70000003
F0000000
100102A0
200465EC
60000000
70000003
F0000000
100102C0
200475EC
60000000
70000003
F0000000
100102E0
200485EC
60000000
70000003
F0000000
10010300
200495EC
60000000
70000003
F0000000
10010320
2004A5EC
60000000
70000003
F0000000
10010340
2004B5EC
60000000
70000003
F0000000
10010360
2004C5EC
60000000
70000003
F0000000
10010380
2004D5EC
60000000
70000003
F0000000
100103A0
2004E5EC
60000000
70000003
F0000000
100103C0
2004F5EC
60000000
70000003
F0000000
100103E0
200505EC
60000000
70000003
F0000000
10010400
200515EC
60000000
70000003
F0000000
10010420
200525EC
60000000
70000003
F0000000
10010440
200535EC
60000000
70000003
F0000000
10010460
200545EC
60000000
70000002
F0000000
80000020
A0000002
10010000
2003160C
60000001
70000001
F0000000
10010020
2003260C
60000000
70000003
F0000000
10010040
2003360C
60000000
70000003
F0000000
10010060
2003460C
60000000
70000003
F0000000
10010080
2003560C
60000000
70000003
F0000000
100100A0
2003660C
60000000
70000003
F0000000
100100C0
2003760C
60000000
70000003
F0000000
100100E0
2003860C
60000000
70000003
F0000000
10010100
2003960C
60000000
70000003
F0000000
10010120
2003A60C
60000000
70000003
F0000000
10010140
2003B60C
60000000
70000003
F0000000
10010160
2003C60C
60000000
70000003
F0000000
10010180
2003D60C
60000000
70000003
F0000000
100101A0
2003E60C
60000000
70000003
F0000000
100101C0
2003F60C
60000000
70000003
F0000000
100101E0
2004060C
60000000
70000003
F0000000
10010200
2004160C
60000000
70000003
F0000000
10010220
2004260C
60000000
70000003
F0000000
10010240
2004360C
60000000
70000003
F0000000
10010260
2004460C
60000000
70000003
F0000000
10010280
2004560C
60000000
70000003
F0000000
100102A0
2004660C
60000000
70000003
F0000000
100102C0
2004760C
60000000
70000003
F0000000
100102E0
2004860C
60000000
70000003
F0000000
10010300
2004960C
60000000
70000003
F0000000
10010320
2004A60C
60000000
70000003
F0000000
10010340
2004B60C
60000000
70000003
F0000000
10010360
2004C60C
60000000
70000003
F0000000
10010380
2004D60C
60000000
70000003
F0000000
100103A0
2004E60C
60000000
70000003
F0000000
100103C0
2004F60C
60000000
70000003
F0000000
100103E0
2005060C
60000000
70000003
F0000000
10010400
2005160C
60000000
70000003
F0000000
10010420
2005260C
60000000
70000003
F0000000
10010440
2005360C
60000000
70000003
F0000000
10010460
2005460C
60000000
70000002
F0000000
80000040
A0000002
10010000
2003162C
60000001
70000001
F0000000
10010020
2003262C
60000000
70000003
F0000000
10010040
2003362C
60000000
70000003
F0000000
10010060
2003462C
60000000
70000003
F0000000
10010080
2003562C
60000000
70000003
F0000000
100100A0
2003662C
60000000
70000003
F0000000
100100C0
2003762C
60000000
70000003
F0000000
100100E0
2003862C
60000000
70000003
F0000000
10010100
2003962C
60000000
70000003
F0000000
10010120
2003A62C
60000000
70000003
F0000000
10010140
2003B62C
60000000
70000003
F0000000
10010160
2003C62C
60000000
70000003
F0000000
10010180
2003D62C
60000000
70000003
F0000000
100101A0
2003E62C
60000000
70000003
F0000000
100101C0
2003F62C
60000000
70000003
F0000000
100101E0
2004062C
60000000
70000003
F0000000
10010200
2004162C
60000000
70000003
F0000000
10010220
2004262C
60000000
70000003
F0000000
10010240
2004362C
60000000
70000003
F0000000
10010260
2004462C
60000000
70000003
F0000000
10010280
2004562C
60000000
70000003
F0000000
100102A0
2004662C
60000000
70000003
F0000000
100102C0
2004762C
60000000
70000003
F0000000
100102E0
2004862C
60000000
70000003
F0000000
10010300
2004962C
60000000
70000003
F0000000
10010320
2004A62C
60000000
70000003
F0000000
10010340
2004B62C
60000000
70000003
F0000000
10010360
2004C62C
60000000
70000003
F0000000
10010380
2004D62C
60000000
70000003
F0000000
100103A0
2004E62C
60000000
70000003
F0000000
100103C0
2004F62C
60000000
70000003
F0000000
100103E0
2005062C
60000000
70000003
F0000000
10010400
2005162C
60000000
70000003
F0000000
10010420
2005262C
60000000
70000003
F0000000
10010440
2005362C
60000000
70000003
F0000000
10010460
2005462C
60000000
70000002
F0000000
80000060
A0000002
10010000
2003164C
60000001
70000001
F0000000
10010020
2003264C
60000000
70000003
F0000000
10010040
2003364C
60000000
70000003
F0000000
10010060
2003464C
60000000
70000003
F0000000
10010080
2003564C
60000000
70000003
F0000000
100100A0
2003664C
60000000
70000003
F0000000
100100C0
2003764C
60000000
70000003
F0000000
100100E0
2003864C
60000000
70000003
F0000000
10010100
2003964C
60000000
70000003
F0000000
10010120
2003A64C
60000000
70000003
F0000000
10010140
2003B64C
60000000
70000003
F0000000
10010160
2003C64C
60000000
70000003
F0000000
10010180
2003D64C
60000000
70000003
F0000000
100101A0
2003E64C
60000000
70000003
F0000000
100101C0
2003F64C
60000000
70000003
F0000000
100101E0
2004064C
60000000
70000003
F0000000
10010200
2004164C
60000000
70000003
F0000000
10010220
2004264C
60000000
70000003
F0000000
10010240
2004364C
60000000
70000003
F0000000
10010260
2004464C
60000000
70000003
F0000000
10010280
2004564C
60000000
70000003
F0000000
100102A0
2004664C
60000000
70000003
F0000000
100102C0
2004764C
60000000
70000003
F0000000
100102E0
2004864C
60000000
70000003
F0000000
10010300
2004964C
60000000
70000003
F0000000
10010320
2004A64C
60000000
70000003
F0000000
10010340
2004B64C
60000000
70000003
F0000000
10010360
2004C64C
60000000
70000003
F0000000
10010380
2004D64C
60000000
70000003
F0000000
100103A0
2004E64C
60000000
70000003
F0000000
100103C0
2004F64C
60000000
70000003
F0000000
100103E0
2005064C
60000000
70000003
F0000000
10010400
2005164C
60000000
70000003
F0000000
10010420
2005264C
60000000
70000003
F0000000
10010440
2005364C
60000000
70000003
F0000000
10010460
2005464C
60000000
70000002
F0000000
80001000
A0000002
10019000
200315EC
60000001
70000001
F0000000
10019020
200325EC
60000000
70000003
F0000000
10019040
200335EC
60000000
70000003
F0000000
10019060
200345EC
60000000
70000003
F0000000
10019080
200355EC
60000000
70000003
F0000000
100190A0
200365EC
60000000
70000003
F0000000
100190C0
200375EC
60000000
70000003
F0000000
100190E0
200385EC
60000000
70000003
F0000000
10019100
200395EC
60000000
70000003
F0000000
10019120
2003A5EC
60000000
70000003
F0000000
10019140
2003B5EC
60000000
70000003
F0000000
10019160
2003C5EC
60000000
70000003
F0000000
10019180
2003D5EC
60000000
70000003
F0000000
100191A0
2003E5EC
60000000
70000003
F0000000
100191C0
2003F5EC
60000000
70000003
F0000000
100191E0
200405EC
60000000
70000003
F0000000
10019200
200415EC
60000000
70000003
F0000000
10019220
200425EC
60000000
70000003
F0000000
10019240
200435EC
60000000
70000003
F0000000
10019260
200445EC
60000000
70000003
F0000000
10019280
200455EC
60000000
70000003
F0000000
100192A0
200465EC
60000000
70000003
F0000000
100192C0
200475EC
60000000
70000003
F0000000
100192E0
200485EC
60000000
70000003
F0000000
10019300
200495EC
60000000
70000003
F0000000
10019320
2004A5EC
60000000
70000003
F0000000
10019340
2004B5EC
60000000
70000003
F0000000
10019360
2004C5EC
60000000
70000003
F0000000
10019380
2004D5EC
60000000
70000003
F0000000
100193A0
2004E5EC
60000000
70000003
F0000000
100193C0
2004F5EC
60000000
70000003
F0000000
100193E0
200505EC
60000000
70000003
F0000000
10019400
200515EC
60000000
70000003
F0000000
10019420
200525EC
60000000
70000003
F0000000
10019440
200535EC
60000000
70000003
F0000000
10019460
200545EC
60000000
70000002
F0000000
80001020
A0000002
10019000
2003160C
60000001
70000001
F0000000
10019020
2003260C
60000000
70000003
F0000000
10019040
2003360C
60000000
70000003
F0000000
10019060
2003460C
60000000
70000003
F0000000
10019080
2003560C
60000000
70000003
F0000000
100190A0
2003660C
60000000
70000003
F0000000
100190C0
2003760C
60000000
70000003
F0000000
100190E0
2003860C
60000000
70000003
F0000000
10019100
2003960C
60000000
70000003
F0000000
10019120
2003A60C
60000000
70000003
F0000000
10019140
2003B60C
60000000
70000003
F0000000
10019160
2003C60C
60000000
70000003
F0000000
10019180
2003D60C
60000000
70000003
F0000000
100191A0
2003E60C
60000000
70000003
F0000000
100191C0
2003F60C
60000000
70000003
F0000000
100191E0
2004060C
60000000
70000003
F0000000
10019200
2004160C
60000000
70000003
F0000000
10019220
2004260C
60000000
70000003
F0000000
10019240
2004360C
60000000
70000003
F0000000
10019260
2004460C
60000000
70000003
F0000000
10019280
2004560C
60000000
70000003
F0000000
100192A0
2004660C
60000000
70000003
F0000000
100192C0
2004760C
60000000
70000003
F0000000
100192E0
2004860C
60000000
70000003
F0000000
10019300
2004960C
60000000
70000003
F0000000
10019320
2004A60C
60000000
70000003
F0000000
10019340
2004B60C
60000000
70000003
F0000000
10019360
2004C60C
60000000
70000003
F0000000
10019380
2004D60C
60000000
70000003
F0000000
100193A0
2004E60C
60000000
70000003
F0000000
100193C0
2004F60C
60000000
70000003
F0000000
100193E0
2005060C
60000000
70000003
F0000000
10019400
2005160C
60000000
70000003
F0000000
10019420
2005260C
60000000
70000003
F0000000
10019440
2005360C
60000000
70000003
F0000000
10019460
2005460C
60000000
70000002
F0000000
80001040
A0000002
10019000
2003162C
60000001
70000001
F0000000
10019020
2003262C
60000000
70000003
F0000000
10019040
2003362C
60000000
70000003
F0000000
10019060
2003462C
60000000
70000003
F0000000
10019080
2003562C
60000000
70000003
F0000000
100190A0
2003662C
60000000
70000003
F0000000
100190C0
2003762C
60000000
70000003
F0000000
100190E0
2003862C
60000000
70000003
F0000000
10019100
2003962C
60000000
70000003
F0000000
10019120
2003A62C
60000000
70000003
F0000000
10019140
2003B62C
60000000
70000003
F0000000
10019160
2003C62C
60000000
70000003
F0000000
10019180
2003D62C
60000000
70000003
F0000000
100191A0
2003E62C
60000000
70000003
F0000000
100191C0
2003F62C
60000000
70000003
F0000000
100191E0
2004062C
60000000
70000003
F0000000
10019200
2004162C
60000000
70000003
F0000000
10019220
2004262C
60000000
70000003
F0000000
10019240
2004362C
60000000
70000003
F0000000
10019260
2004462C
60000000
70000003
F0000000
10019280
2004562C
60000000
70000003
F0000000
100192A0
2004662C
60000000
70000003
F0000000
100192C0
2004762C
60000000
70000003
F0000000
100192E0
2004862C
60000000
70000003
F0000000
10019300
2004962C
60000000
70000003
F0000000
10019320
2004A62C
60000000
70000003
F0000000
10019340
2004B62C
60000000
70000003
F0000000
10019360
2004C62C
60000000
70000003
F0000000
10019380
2004D62C
60000000
70000003
F0000000
100193A0
2004E62C
60000000
70000003
F0000000
100193C0
2004F62C
60000000
70000003
F0000000
100193E0
2005062C
60000000
70000003
F0000000
10019400
2005162C
60000000
70000003
F0000000
10019420
2005262C
60000000
70000003
F0000000
10019440
2005362C
60000000
70000003
F0000000
10019460
2005462C
60000000
70000002
F0000000
80001060
A0000002
10019000
2003164C
60000001
70000001
F0000000
10019020
2003264C
60000000
70000003
F0000000
10019040
2003364C
60000000
70000003
F0000000
10019060
2003464C
60000000
70000003
F0000000
10019080
2003564C
60000000
70000003
F0000000
100190A0
2003664C
60000000
70000003
F0000000
100190C0
2003764C
60000000
70000003
F0000000
100190E0
2003864C
60000000
70000003
F0000000
10019100
2003964C
60000000
70000003
F0000000
10019120
2003A64C
60000000
70000003
F0000000
10019140
2003B64C
60000000
70000003
F0000000
10019160
2003C64C
60000000
70000003
F0000000
10019180
2003D64C
60000000
70000003
F0000000
100191A0
2003E64C
60000000
70000003
F0000000
100191C0
2003F64C
60000000
70000003
F0000000
100191E0
2004064C
60000000
70000003
F0000000
10019200
2004164C
60000000
70000003
F0000000
10019220
2004264C
60000000
70000003
F0000000
10019240
2004364C
60000000
70000003
F0000000
10019260
2004464C
60000000
70000003
F0000000
10019280
2004564C
60000000
70000003
F0000000
100192A0
2004664C
60000000
70000003
F0000000
100192C0
2004764C
60000000
70000003
F0000000
100192E0
2004864C
60000000
70000003
F0000000
10019300
2004964C
60000000
70000003
F0000000
10019320
2004A64C
60000000
70000003
F0000000
10019340
2004B64C
60000000
70000003
F0000000
10019360
2004C64C
60000000
70000003
F0000000
10019380
2004D64C
60000000
70000003
F0000000
100193A0
2004E64C
60000000
70000003
F0000000
100193C0
2004F64C
60000000
70000003
F0000000
100193E0
2005064C
60000000
70000003
F0000000
10019400
2005164C
60000000
70000003
F0000000
10019420
2005264C
60000000
70000003
F0000000
10019440
2005364C
60000000
70000003
F0000000
10019460
2005464C
60000000
70000002
F0000000
E0000000
30000020
B0EC85B7
80010000
A0000002
10000000
2003A5EC
60000001
70000001
F0000000
10000020
2003B5EC
60000000
70000003
F0000000
10000040
2003C5EC
60000000
70000003
F0000000
10000060
2003D5EC
60000000
70000003
F0000000
10000080
2003E5EC
60000000
70000003
F0000000
100000A0
2003F5EC
60000000
70000003
F0000000
100000C0
200405EC
60000000
70000003
F0000000
100000E0
200415EC
60000000
70000003
F0000000
10000100
200425EC
60000000
70000003
F0000000
10000120
200435EC
60000000
70000003
F0000000
10000140
200445EC
60000000
70000003
F0000000
10000160
200455EC
60000000
70000003
F0000000
10000180
200465EC
60000000
70000003
F0000000
100001A0
200475EC
60000000
70000003
F0000000
100001C0
200485EC
60000000
70000003
F0000000
100001E0
200495EC
60000000
70000003
F0000000
10000200
2004A5EC
60000000
70000003
F0000000
10000220
2004B5EC
60000000
70000003
F0000000
10000240
2004C5EC
60000000
70000003
F0000000
10000260
2004D5EC
60000000
70000003
F0000000
10000280
2004E5EC
60000000
70000003
F0000000
100002A0
2004F5EC
60000000
70000003
F0000000
100002C0
200505EC
60000000
70000003
F0000000
100002E0
200515EC
60000000
70000003
F0000000
10000300
200525EC
60000000
70000003
F0000000
10000320
200535EC
60000000
70000003
F0000000
10000340
200545EC
60000000
70000003
F0000000
10000360
200555EC
60000000
70000003
F0000000
10000380
200565EC
60000000
70000003
F0000000
100003A0
200575EC
60000000
70000003
F0000000
100003C0
200585EC
60000000
70000003
F0000000
100003E0
200595EC
60000000
70000003
F0000000
10000400
2005A5EC
60000000
70000003
F0000000
10000420
2005B5EC
60000000
70000003
F0000000
10000440
2005C5EC
60000000
70000003
F0000000
10000460
2005D5EC
60000000
70000002
F0000000
80010020
A0000002
10000000
2003A60C
60000001
70000001
F0000000
10000020
2003B60C
60000000
70000003
F0000000
10000040
2003C60C
60000000
70000003
F0000000
10000060
2003D60C
60000000
70000003
F0000000
10000080
2003E60C
60000000
70000003
F0000000
100000A0
2003F60C
60000000
70000003
F0000000
100000C0
2004060C
60000000
70000003
F0000000
100000E0
2004160C
60000000
70000003
F0000000
10000100
2004260C
60000000
70000003
F0000000
10000120
2004360C
60000000
70000003
F0000000
10000140
2004460C
60000000
70000003
F0000000
10000160
2004560C
60000000
70000003
F0000000
10000180
2004660C
60000000
70000003
F0000000
100001A0
2004760C
60000000
70000003
F0000000
100001C0
2004860C
60000000
70000003
F0000000
100001E0
2004960C
60000000
70000003
F0000000
10000200
2004A60C
60000000
70000003
F0000000
10000220
2004B60C
60000000
70000003
F0000000
10000240
2004C60C
60000000
70000003
F0000000
10000260
2004D60C
60000000
70000003
F0000000
10000280
2004E60C
60000000
70000003
F0000000
100002A0
2004F60C
60000000
70000003
F0000000
100002C0
2005060C
60000000
70000003
F0000000
100002E0
2005160C
60000000
70000003
F0000000
10000300
2005260C
60000000
70000003
F0000000
10000320
2005360C
60000000
70000003
F0000000
10000340
2005460C
60000000
70000003
F0000000
10000360
2005560C
60000000
70000003
F0000000
10000380
2005660C
60000000
70000003
F0000000
100003A0
2005760C
60000000
70000003
F0000000
100003C0
2005860C
60000000
70000003
F0000000
100003E0
2005960C
60000000
70000003
F0000000
10000400
2005A60C
60000000
70000003
F0000000
10000420
2005B60C
60000000
70000003
F0000000
10000440
2005C60C
60000000
70000003
F0000000
10000460
2005D60C
60000000
70000002
F0000000
80010040
A0000002
10000000
2003A62C
60000001
70000001
F0000000
10000020
2003B62C
60000000
70000003
F0000000
10000040
2003C62C
60000000
70000003
F0000000
10000060
2003D62C
60000000
70000003
F0000000
10000080
2003E62C
60000000
70000003
F0000000
100000A0
2003F62C
60000000
70000003
F0000000
100000C0
2004062C
60000000
70000003
F0000000
100000E0
2004162C
60000000
70000003
F0000000
10000100
2004262C
60000000
70000003
F0000000
10000120
2004362C
60000000
70000003
F0000000
10000140
2004462C
60000000
70000003
F0000000
10000160
2004562C
60000000
70000003
F0000000
10000180
2004662C
60000000
70000003
F0000000
100001A0
2004762C
60000000
70000003
F0000000
100001C0
2004862C
60000000
70000003
F0000000
100001E0
2004962C
60000000
70000003
F0000000
10000200
2004A62C
60000000
70000003
F0000000
10000220
2004B62C
60000000
70000003
F0000000
10000240
2004C62C
60000000
70000003
F0000000
10000260
2004D62C
60000000
70000003
F0000000
10000280
2004E62C
60000000
70000003
F0000000
100002A0
2004F62C
60000000
70000003
F0000000
100002C0
2005062C
60000000
70000003
F0000000
100002E0
2005162C
60000000
70000003
F0000000
10000300
2005262C
60000000
70000003
F0000000
10000320
2005362C
60000000
70000003
F0000000
10000340
2005462C
60000000
70000003
F0000000
10000360
2005562C
60000000
70000003
F0000000
10000380
2005662C
60000000
70000003
F0000000
100003A0
2005762C
60000000
70000003
F0000000
100003C0
2005862C
60000000
70000003
F0000000
100003E0
2005962C
60000000
70000003
F0000000
10000400
2005A62C
60000000
70000003
F0000000
10000420
2005B62C
60000000
70000003
F0000000
10000440
2005C62C
60000000
70000003
F0000000
10000460
2005D62C
60000000
70000002
F0000000
80010060
A0000002
10000000
2003A64C
60000001
70000001
F0000000
10000020
2003B64C
60000000
70000003
F0000000
10000040
2003C64C
60000000
70000003
F0000000
10000060
2003D64C
60000000
70000003
F0000000
10000080
2003E64C
60000000
70000003
F0000000
100000A0
2003F64C
60000000
70000003
F0000000
100000C0
2004064C
60000000
70000003
F0000000
100000E0
2004164C
60000000
70000003
F0000000
10000100
2004264C
60000000
70000003
F0000000
10000120
2004364C
60000000
70000003
F0000000
10000140
2004464C
60000000
70000003
F0000000
10000160
2004564C
60000000
70000003
F0000000
10000180
2004664C
60000000
70000003
F0000000
100001A0
2004764C
60000000
70000003
F0000000
100001C0
2004864C
60000000
70000003
F0000000
100001E0
2004964C
60000000
70000003
F0000000
10000200
2004A64C
60000000
70000003
F0000000
10000220
2004B64C
60000000
70000003
F0000000
10000240
2004C64C
60000000
70000003
F0000000
10000260
2004D64C
60000000
70000003
F0000000
10000280
2004E64C
60000000
70000003
F0000000
100002A0
2004F64C
60000000
70000003
F0000000
100002C0
2005064C
60000000
70000003
F0000000
100002E0
2005164C
60000000
70000003
F0000000
10000300
2005264C
60000000
70000003
F0000000
10000320
2005364C
60000000
70000003
F0000000
10000340
2005464C
60000000
70000003
F0000000
10000360
2005564C
60000000
70000003
F0000000
10000380
2005664C
60000000
70000003
F0000000
100003A0
2005764C
60000000
70000003
F0000000
100003C0
2005864C
60000000
70000003
F0000000
100003E0
2005964C
60000000
70000003
F0000000
10000400
2005A64C
60000000
70000003
F0000000
10000420
2005B64C
60000000
70000003
F0000000
10000440
2005C64C
60000000
70000003
F0000000
10000460
2005D64C
60000000
70000002
F0000000
80011000
A0000002
10009000
2003A5EC
60000001
70000001
F0000000
10009020
2003B5EC
60000000
70000003
F0000000
10009040
2003C5EC
60000000
70000003
F0000000
10009060
2003D5EC
60000000
70000003
F0000000
10009080
2003E5EC
60000000
70000003
F0000000
100090A0
2003F5EC
60000000
70000003
F0000000
100090C0
200405EC
60000000
70000003
F0000000
100090E0
200415EC
60000000
70000003
F0000000
10009100
200425EC
60000000
70000003
F0000000
10009120
200435EC
60000000
70000003
F0000000
10009140
200445EC
60000000
70000003
F0000000
10009160
200455EC
60000000
70000003
F0000000
10009180
200465EC
60000000
70000003
F0000000
100091A0
200475EC
60000000
70000003
F0000000
100091C0
200485EC
60000000
70000003
F0000000
100091E0
200495EC
60000000
70000003
F0000000
10009200
2004A5EC
60000000
70000003
F0000000
10009220
2004B5EC
60000000
70000003
F0000000
10009240
2004C5EC
60000000
70000003
F0000000
10009260
2004D5EC
60000000
70000003
F0000000
10009280
2004E5EC
60000000
70000003
F0000000
100092A0
2004F5EC
60000000
70000003
F0000000
100092C0
200505EC
60000000
70000003
F0000000
100092E0
200515EC
60000000
70000003
F0000000
10009300
200525EC
60000000
70000003
F0000000
10009320
200535EC
60000000
70000003
F0000000
10009340
200545EC
60000000
70000003
F0000000
10009360
200555EC
60000000
70000003
F0000000
10009380
200565EC
60000000
70000003
F0000000
100093A0
200575EC
60000000
70000003
F0000000
100093C0
200585EC
60000000
70000003
F0000000
100093E0
200595EC
60000000
70000003
F0000000
10009400
2005A5EC
60000000
70000003
F0000000
10009420
2005B5EC
60000000
70000003
F0000000
10009440
2005C5EC
60000000
70000003
F0000000
10009460
2005D5EC
60000000
70000002
F0000000
80011020
A0000002
10009000
2003A60C
60000001
70000001
F0000000
10009020
2003B60C
60000000
70000003
F0000000
10009040
2003C60C
60000000
70000003
F0000000
10009060
2003D60C
60000000
70000003
F0000000
10009080
2003E60C
60000000
70000003
F0000000
100090A0
2003F60C
60000000
70000003
F0000000
100090C0
2004060C
60000000
70000003
F0000000
100090E0
2004160C
60000000
70000003
F0000000
10009100
2004260C
60000000
70000003
F0000000
10009120
2004360C
60000000
70000003
F0000000
10009140
2004460C
60000000
70000003
F0000000
10009160
2004560C
60000000
70000003
F0000000
10009180
2004660C
60000000
70000003
F0000000
100091A0
2004760C
60000000
70000003
F0000000
100091C0
2004860C
60000000
70000003
F0000000
100091E0
2004960C
60000000
70000003
F0000000
10009200
2004A60C
60000000
70000003
F0000000
10009220
2004B60C
60000000
70000003
F0000000
10009240
2004C60C
60000000
70000003
F0000000
10009260
2004D60C
60000000
70000003
F0000000
10009280
2004E60C
60000000
70000003
F0000000
100092A0
2004F60C
60000000
70000003
F0000000
100092C0
2005060C
60000000
70000003
F0000000
100092E0
2005160C
60000000
70000003
F0000000
10009300
2005260C
60000000
70000003
F0000000
10009320
2005360C
60000000
70000003
F0000000
10009340
2005460C
60000000
70000003
F0000000
10009360
2005560C
60000000
70000003
F0000000
10009380
2005660C
60000000
70000003
F0000000
100093A0
2005760C
60000000
70000003
F0000000
100093C0
2005860C
60000000
70000003
F0000000
100093E0
2005960C
60000000
70000003
F0000000
10009400
2005A60C
60000000
70000003
F0000000
10009420
2005B60C
60000000
70000003
F0000000
10009440
2005C60C
60000000
70000003
F0000000
10009460
2005D60C
60000000
70000002
F0000000
80011040
A0000002
10009000
2003A62C
60000001
70000001
F0000000
10009020
2003B62C
60000000
70000003
F0000000
10009040
2003C62C
60000000
70000003
F0000000
10009060
2003D62C
60000000
70000003
F0000000
10009080
2003E62C
60000000
70000003
F0000000
100090A0
2003F62C
60000000
70000003
F0000000
100090C0
2004062C
60000000
70000003
F0000000
100090E0
2004162C
60000000
70000003
F0000000
10009100
2004262C
60000000
70000003
F0000000
10009120
2004362C
60000000
70000003
F0000000
10009140
2004462C
60000000
70000003
F0000000
10009160
2004562C
60000000
70000003
F0000000
10009180
2004662C
60000000
70000003
F0000000
100091A0
2004762C
60000000
70000003
F0000000
100091C0
2004862C
60000000
70000003
F0000000
100091E0
2004962C
60000000
70000003
F0000000
10009200
2004A62C
60000000
70000003
F0000000
10009220
2004B62C
60000000
70000003
F0000000
10009240
2004C62C
60000000
70000003
F0000000
10009260
2004D62C
60000000
70000003
F0000000
10009280
2004E62C
60000000
70000003
F0000000
100092A0
2004F62C
60000000
70000003
F0000000
100092C0
2005062C
60000000
70000003
F0000000
100092E0
2005162C
60000000
70000003
F0000000
10009300
2005262C
60000000
70000003
F0000000
10009320
2005362C
60000000
70000003
F0000000
10009340
2005462C
60000000
70000003
F0000000
10009360
2005562C
60000000
70000003
F0000000
10009380
2005662C
60000000
70000003
F0000000
100093A0
2005762C
60000000
70000003
F0000000
100093C0
2005862C
60000000
70000003
F0000000
100093E0
2005962C
60000000
70000003
F0000000
10009400
2005A62C
60000000
70000003
F0000000
10009420
2005B62C
60000000
70000003
F0000000
10009440
2005C62C
60000000
70000003
F0000000
10009460
2005D62C
60000000
70000002
F0000000
80011060
A0000002
10009000
2003A64C
60000001
70000001
F0000000
10009020
2003B64C
60000000
70000003
F0000000
10009040
2003C64C
60000000
70000003
F0000000
10009060
2003D64C
60000000
70000003
F0000000
10009080
2003E64C
60000000
70000003
F0000000
100090A0
2003F64C
60000000
70000003
F0000000
100090C0
2004064C
60000000
70000003
F0000000
100090E0
2004164C
60000000
70000003
F0000000
10009100
2004264C
60000000
70000003
F0000000
10009120
2004364C
60000000
70000003
F0000000
10009140
2004464C
60000000
70000003
F0000000
10009160
2004564C
60000000
70000003
F0000000
10009180
2004664C
60000000
70000003
F0000000
100091A0
2004764C
60000000
70000003
F0000000
100091C0
2004864C
60000000
70000003
F0000000
100091E0
2004964C
60000000
70000003
F0000000
10009200
2004A64C
60000000
70000003
F0000000
10009220
2004B64C
60000000
70000003
F0000000
10009240
2004C64C
60000000
70000003
F0000000
10009260
2004D64C
60000000
70000003
F0000000
10009280
2004E64C
60000000
70000003
F0000000
100092A0
2004F64C
60000000
70000003
F0000000
100092C0
2005064C
60000000
70000003
F0000000
100092E0
2005164C
60000000
70000003
F0000000
10009300
2005264C
60000000
70000003
F0000000
10009320
2005364C
60000000
70000003
F0000000
10009340
2005464C
60000000
70000003
F0000000
10009360
2005564C
60000000
70000003
F0000000
10009380
2005664C
60000000
70000003
F0000000
100093A0
2005764C
60000000
70000003
F0000000
100093C0
2005864C
60000000
70000003
F0000000
100093E0
2005964C
60000000
70000003
F0000000
10009400
2005A64C
60000000
70000003
F0000000
10009420
2005B64C
60000000
70000003
F0000000
10009440
2005C64C
60000000
70000003
F0000000
10009460
2005D64C
60000000
70000002
F0000000
E0000000
30000020
B11767AA
80000000
A0000000
10010000
200435EC
60000001
70000001
F0000000
10010020
200445EC
60000000
70000003
F0000000
10010040
200455EC
60000000
70000003
F0000000
10010060
200465EC
60000000
70000003
F0000000
10010080
200475EC
60000000
70000003
F0000000
100100A0
200485EC
60000000
70000003
F0000000
100100C0
200495EC
60000000
70000003
F0000000
100100E0
2004A5EC
60000000
70000002
F0000000
80000020
A0000000
10010000
2004360C
60000001
70000001
F0000000
10010020
2004460C
60000000
70000003
F0000000
10010040
2004560C
60000000
70000003
F0000000
10010060
2004660C
60000000
70000003
F0000000
10010080
2004760C
60000000
70000003
F0000000
100100A0
2004860C
60000000
70000003
F0000000
100100C0
2004960C
60000000
70000003
F0000000
100100E0
2004A60C
60000000
70000002
F0000000
80000040
A0000000
10010000
2004362C
60000001
70000001
F0000000
10010020
2004462C
60000000
70000003
F0000000
10010040
2004562C
60000000
70000003
F0000000
10010060
2004662C
60000000
70000003
F0000000
10010080
2004762C
60000000
70000003
F0000000
100100A0
2004862C
60000000
70000003
F0000000
100100C0
2004962C
60000000
70000003
F0000000
100100E0
2004A62C
60000000
70000002
F0000000
80000060
A0000000
10010000
2004364C
60000001
70000001
F0000000
10010020
2004464C
60000000
70000003
F0000000
10010040
2004564C
60000000
70000003
F0000000
10010060
2004664C
60000000
70000003
F0000000
10010080
2004764C
60000000
70000003
F0000000
100100A0
2004864C
60000000
70000003
F0000000
100100C0
2004964C
60000000
70000003
F0000000
100100E0
2004A64C
60000000
70000002
F0000000
80001000
A0000000
10012000
200435EC
60000001
70000001
F0000000
10012020
200445EC
60000000
70000003
F0000000
10012040
200455EC
60000000
70000003
F0000000
10012060
200465EC
60000000
70000003
F0000000
10012080
200475EC
60000000
70000003
F0000000
100120A0
200485EC
60000000
70000003
F0000000
100120C0
200495EC
60000000
70000003
F0000000
100120E0
2004A5EC
60000000
70000002
F0000000
80001020
A0000000
10012000
2004360C
60000001
70000001
F0000000
10012020
2004460C
60000000
70000003
F0000000
10012040
2004560C
60000000
70000003
F0000000
10012060
2004660C
60000000
70000003
F0000000
10012080
2004760C
60000000
70000003
F0000000
100120A0
2004860C
60000000
70000003
F0000000
100120C0
2004960C
60000000
70000003
F0000000
100120E0
2004A60C
60000000
70000002
F0000000
80001040
A0000000
10012000
2004362C
60000001
70000001
F0000000
10012020
2004462C
60000000
70000003
F0000000
10012040
2004562C
60000000
70000003
F0000000
10012060
2004662C
60000000
70000003
F0000000
10012080
2004762C
60000000
70000003
F0000000
100120A0
2004862C
60000000
70000003
F0000000
100120C0
2004962C
60000000
70000003
F0000000
100120E0
2004A62C
60000000
70000002
F0000000
80001060
A0000000
10012000
2004364C
60000001
70000001
F0000000
10012020
2004464C
60000000
70000003
F0000000
10012040
2004564C
60000000
70000003
F0000000
10012060
2004664C
60000000
70000003
F0000000
10012080
2004764C
60000000
70000003
F0000000
100120A0
2004864C
60000000
70000003
F0000000
100120C0
2004964C
60000000
70000003
F0000000
100120E0
2004A64C
60000000
70000002
F0000000
E0000000
30000020
B129A43C
80010000
A0000002
10000000
200455EC
60000001
70000001
F0000000
10000020
200475EC
60000000
70000003
F0000000
10000040
200495EC
60000000
70000003
F0000000
10000060
2004B5EC
60000000
70000003
F0000000
10000080
2004D5EC
60000000
70000003
F0000000
100000A0
2004F5EC
60000000
70000003
F0000000
100000C0
200515EC
60000000
70000003
F0000000
100000E0
200535EC
60000000
70000003
F0000000
10000100
200555EC
60000000
70000003
F0000000
10000120
200575EC
60000000
70000003
F0000000
10000140
200595EC
60000000
70000003
F0000000
10000160
2005B5EC
60000000
70000003
F0000000
10000180
2005D5EC
60000000
70000003
F0000000
100001A0
2005F5EC
60000000
70000003
F0000000
100001C0
200615EC
60000000
70000003
F0000000
100001E0
200635EC
60000000
70000002
F0000000
80010020
A0000002
10000000
2004560C
60000001
70000001
F0000000
10000020
2004760C
60000000
70000003
F0000000
10000040
2004960C
60000000
70000003
F0000000
10000060
2004B60C
60000000
70000003
F0000000
10000080
2004D60C
60000000
70000003
F0000000
100000A0
2004F60C
60000000
70000003
F0000000
100000C0
2005160C
60000000
70000003
F0000000
100000E0
2005360C
60000000
70000003
F0000000
10000100
2005560C
60000000
70000003
F0000000
10000120
2005760C
60000000
70000003
F0000000
10000140
2005960C
60000000
70000003
F0000000
10000160
2005B60C
60000000
70000003
F0000000
10000180
2005D60C
60000000
70000003
F0000000
100001A0
2005F60C
60000000
70000003
F0000000
100001C0
2006160C
60000000
70000003
F0000000
100001E0
2006360C
60000000
70000002
F0000000
80010040
A0000002
10000000
2004562C
60000001
70000001
F0000000
10000020
2004762C
60000000
70000003
F0000000
10000040
2004962C
60000000
70000003
F0000000
10000060
2004B62C
60000000
70000003
F0000000
10000080
2004D62C
60000000
70000003
F0000000
100000A0
2004F62C
60000000
70000003
F0000000
100000C0
2005162C
60000000
70000003
F0000000
100000E0
2005362C
60000000
70000003
F0000000
10000100
2005562C
60000000
70000003
F0000000
10000120
2005762C
60000000
70000003
F0000000
10000140
2005962C
60000000
70000003
F0000000
10000160
2005B62C
60000000
70000003
F0000000
10000180
2005D62C
60000000
70000003
F0000000
100001A0
2005F62C
60000000
70000003
F0000000
100001C0
2006162C
60000000
70000003
F0000000
100001E0
2006362C
60000000
70000002
F0000000
80010060
A0000002
10000000
2004564C
60000001
70000001
F0000000
10000020
2004764C
60000000
70000003
F0000000
10000040
2004964C
60000000
70000003
F0000000
10000060
2004B64C
60000000
70000003
F0000000
10000080
2004D64C
60000000
70000003
F0000000
100000A0
2004F64C
60000000
70000003
F0000000
100000C0
2005164C
60000000
70000003
F0000000
100000E0
2005364C
60000000
70000003
F0000000
10000100
2005564C
60000000
70000003
F0000000
10000120
2005764C
60000000
70000003
F0000000
10000140
2005964C
60000000
70000003
F0000000
10000160
2005B64C
60000000
70000003
F0000000
10000180
2005D64C
60000000
70000003
F0000000
100001A0
2005F64C
60000000
70000003
F0000000
100001C0
2006164C
60000000
70000003
F0000000
100001E0
2006364C
60000000
70000002
F0000000
80010080
A0000002
10000000
2004566C
60000001
70000001
F0000000
10000020
2004766C
60000000
70000003
F0000000
10000040
2004966C
60000000
70000003
F0000000
10000060
2004B66C
60000000
70000003
F0000000
10000080
2004D66C
60000000
70000003
F0000000
100000A0
2004F66C
60000000
70000003
F0000000
100000C0
2005166C
60000000
70000003
F0000000
100000E0
2005366C
60000000
70000003
F0000000
10000100
2005566C
60000000
70000003
F0000000
10000120
2005766C
60000000
70000003
F0000000
10000140
2005966C
60000000
70000003
F0000000
10000160
2005B66C
60000000
70000003
F0000000
10000180
2005D66C
60000000
70000003
F0000000
100001A0
2005F66C
60000000
70000003
F0000000
100001C0
2006166C
60000000
70000003
F0000000
100001E0
2006366C
60000000
70000002
F0000000
800100A0
A0000002
10000000
2004568C
60000001
70000001
F0000000
10000020
2004768C
60000000
70000003
F0000000
10000040
2004968C
60000000
70000003
F0000000
10000060
2004B68C
60000000
70000003
F0000000
10000080
2004D68C
60000000
70000003
F0000000
100000A0
2004F68C
60000000
70000003
F0000000
100000C0
2005168C
60000000
70000003
F0000000
100000E0
2005368C
60000000
70000003
F0000000
10000100
2005568C
60000000
70000003
F0000000
10000120
2005768C
60000000
70000003
F0000000
10000140
2005968C
60000000
70000003
F0000000
10000160
2005B68C
60000000
70000003
F0000000
10000180
2005D68C
60000000
70000003
F0000000
100001A0
2005F68C
60000000
70000003
F0000000
100001C0
2006168C
60000000
70000003
F0000000
100001E0
2006368C
60000000
70000002
F0000000
800100C0
A0000002
10000000
200456AC
60000001
70000001
F0000000
10000020
200476AC
60000000
70000003
F0000000
10000040
200496AC
60000000
70000003
F0000000
10000060
2004B6AC
60000000
70000003
F0000000
10000080
2004D6AC
60000000
70000003
F0000000
100000A0
2004F6AC
60000000
70000003
F0000000
100000C0
200516AC
60000000
70000003
F0000000
100000E0
200536AC
60000000
70000003
F0000000
10000100
200556AC
60000000
70000003
F0000000
10000120
200576AC
60000000
70000003
F0000000
10000140
200596AC
60000000
70000003
F0000000
10000160
2005B6AC
60000000
70000003
F0000000
10000180
2005D6AC
60000000
70000003
F0000000
100001A0
2005F6AC
60000000
70000003
F0000000
100001C0
200616AC
60000000
70000003
F0000000
100001E0
200636AC
60000000
70000002
F0000000
800100E0
A0000002
10000000
200456CC
60000001
70000001
F0000000
10000020
200476CC
60000000
70000003
F0000000
10000040
200496CC
60000000
70000003
F0000000
10000060
2004B6CC
60000000
70000003
F0000000
10000080
2004D6CC
60000000
70000003
F0000000
100000A0
2004F6CC
60000000
70000003
F0000000
100000C0
200516CC
60000000
70000003
F0000000
100000E0
200536CC
60000000
70000003
F0000000
10000100
200556CC
60000000
70000003
F0000000
10000120
200576CC
60000000
70000003
F0000000
10000140
200596CC
60000000
70000003
F0000000
10000160
2005B6CC
60000000
70000003
F0000000
10000180
2005D6CC
60000000
70000003
F0000000
100001A0
2005F6CC
60000000
70000003
F0000000
100001C0
200616CC
60000000
70000003
F0000000
100001E0
200636CC
60000000
70000002
F0000000
80012000
A0000002
10004000
200455EC
60000001
70000001
F0000000
10004020
200475EC
60000000
70000003
F0000000
10004040
200495EC
60000000
70000003
F0000000
10004060
2004B5EC
60000000
70000003
F0000000
10004080
2004D5EC
60000000
70000003
F0000000
100040A0
2004F5EC
60000000
70000003
F0000000
100040C0
200515EC
60000000
70000003
F0000000
100040E0
200535EC
60000000
70000003
F0000000
10004100
200555EC
60000000
70000003
F0000000
10004120
200575EC
60000000
70000003
F0000000
10004140
200595EC
60000000
70000003
F0000000
10004160
2005B5EC
60000000
70000003
F0000000
10004180
2005D5EC
60000000
70000003
F0000000
100041A0
2005F5EC
60000000
70000003
F0000000
100041C0
200615EC
60000000
70000003
F0000000
100041E0
200635EC
60000000
70000002
F0000000
80012020
A0000002
10004000
2004560C
60000001
70000001
F0000000
10004020
2004760C
60000000
70000003
F0000000
10004040
2004960C
60000000
70000003
F0000000
10004060
2004B60C
60000000
70000003
F0000000
10004080
2004D60C
60000000
70000003
F0000000
100040A0
2004F60C
60000000
70000003
F0000000
100040C0
2005160C
60000000
70000003
F0000000
100040E0
2005360C
60000000
70000003
F0000000
10004100
2005560C
60000000
70000003
F0000000
10004120
2005760C
60000000
70000003
F0000000
10004140
2005960C
60000000
70000003
F0000000
10004160
2005B60C
60000000
70000003
F0000000
10004180
2005D60C
60000000
70000003
F0000000
100041A0
2005F60C
60000000
70000003
F0000000
100041C0
2006160C
60000000
70000003
F0000000
100041E0
2006360C
60000000
70000002
F0000000
80012040
A0000002
10004000
2004562C
60000001
70000001
F0000000
10004020
2004762C
60000000
70000003
F0000000
10004040
2004962C
60000000
70000003
F0000000
10004060
2004B62C
60000000
70000003
F0000000
10004080
2004D62C
60000000
70000003
F0000000
100040A0
2004F62C
60000000
70000003
F0000000
100040C0
2005162C
60000000
70000003
F0000000
100040E0
2005362C
60000000
70000003
F0000000
10004100
2005562C
60000000
70000003
F0000000
10004120
2005762C
60000000
70000003
F0000000
10004140
2005962C
60000000
70000003
F0000000
10004160
2005B62C
60000000
70000003
F0000000
10004180
2005D62C
60000000
70000003
F0000000
100041A0
2005F62C
60000000
70000003
F0000000
100041C0
2006162C
60000000
70000003
F0000000
100041E0
2006362C
60000000
70000002
F0000000
80012060
A0000002
10004000
2004564C
60000001
70000001
F0000000
10004020
2004764C
60000000
70000003
F0000000
10004040
2004964C
60000000
70000003
F0000000
10004060
2004B64C
60000000
70000003
F0000000
10004080
2004D64C
60000000
70000003
F0000000
100040A0
2004F64C
60000000
70000003
F0000000
100040C0
2005164C
60000000
70000003
F0000000
100040E0
2005364C
60000000
70000003
F0000000
10004100
2005564C
60000000
70000003
F0000000
10004120
2005764C
60000000
70000003
F0000000
10004140
2005964C
60000000
70000003
F0000000
10004160
2005B64C
60000000
70000003
F0000000
10004180
2005D64C
60000000
70000003
F0000000
100041A0
2005F64C
60000000
70000003
F0000000
100041C0
2006164C
60000000
70000003
F0000000
100041E0
2006364C
60000000
70000002
F0000000
80012080
A0000002
10004000
2004566C
60000001
70000001
F0000000
10004020
2004766C
60000000
70000003
F0000000
10004040
2004966C
60000000
70000003
F0000000
10004060
2004B66C
60000000
70000003
F0000000
10004080
2004D66C
60000000
70000003
F0000000
100040A0
2004F66C
60000000
70000003
F0000000
100040C0
2005166C
60000000
70000003
F0000000
100040E0
2005366C
60000000
70000003
F0000000
10004100
2005566C
60000000
70000003
F0000000
10004120
2005766C
60000000
70000003
F0000000
10004140
2005966C
60000000
70000003
F0000000
10004160
2005B66C
60000000
70000003
F0000000
10004180
2005D66C
60000000
70000003
F0000000
100041A0
2005F66C
60000000
70000003
F0000000
100041C0
2006166C
60000000
70000003
F0000000
100041E0
2006366C
60000000
70000002
F0000000
800120A0
A0000002
10004000
2004568C
60000001
70000001
F0000000
10004020
2004768C
60000000
70000003
F0000000
10004040
2004968C
60000000
70000003
F0000000
10004060
2004B68C
60000000
70000003
F0000000
10004080
2004D68C
60000000
70000003
F0000000
100040A0
2004F68C
60000000
70000003
F0000000
100040C0
2005168C
60000000
70000003
F0000000
100040E0
2005368C
60000000
70000003
F0000000
10004100
2005568C
60000000
70000003
F0000000
10004120
2005768C
60000000
70000003
F0000000
10004140
2005968C
60000000
70000003
F0000000
10004160
2005B68C
60000000
70000003
F0000000
10004180
2005D68C
60000000
70000003
F0000000
100041A0
2005F68C
60000000
70000003
F0000000
100041C0
2006168C
60000000
70000003
F0000000
100041E0
2006368C
60000000
70000002
F0000000
800120C0
A0000002
10004000
200456AC
60000001
70000001
F0000000
10004020
200476AC
60000000
70000003
F0000000
10004040
200496AC
60000000
70000003
F0000000
10004060
2004B6AC
60000000
70000003
F0000000
10004080
2004D6AC
60000000
70000003
F0000000
100040A0
2004F6AC
60000000
70000003
F0000000
100040C0
200516AC
60000000
70000003
F0000000
100040E0
200536AC
60000000
70000003
F0000000
10004100
200556AC
60000000
70000003
F0000000
10004120
200576AC
60000000
70000003
F0000000
10004140
200596AC
60000000
70000003
F0000000
10004160
2005B6AC
60000000
70000003
F0000000
10004180
2005D6AC
60000000
70000003
F0000000
100041A0
2005F6AC
60000000
70000003
F0000000
100041C0
200616AC
60000000
70000003
F0000000
100041E0
200636AC
60000000
70000002
F0000000
800120E0
A0000002
10004000
200456CC
60000001
70000001
F0000000
10004020
200476CC
60000000
70000003
F0000000
10004040
200496CC
60000000
70000003
F0000000
10004060
2004B6CC
60000000
70000003
F0000000
10004080
2004D6CC
60000000
70000003
F0000000
100040A0
2004F6CC
60000000
70000003
F0000000
100040C0
200516CC
60000000
70000003
F0000000
100040E0
200536CC
60000000
70000003
F0000000
10004100
200556CC
60000000
70000003
F0000000
10004120
200576CC
60000000
70000003
F0000000
10004140
200596CC
60000000
70000003
F0000000
10004160
2005B6CC
60000000
70000003
F0000000
10004180
2005D6CC
60000000
70000003
F0000000
100041A0
2005F6CC
60000000
70000003
F0000000
100041C0
200616CC
60000000
70000003
F0000000
100041E0
200636CC
60000000
70000002
F0000000
E0000000
30000020
B03E8FA6
80000000
A0000002
10010000
2004D5EC
60000001
70000001
F0000000
10010020
2004E5EC
60000000
70000003
F0000000
10010040
2004F5EC
60000000
70000003
F0000000
10010060
200505EC
60000000
70000003
F0000000
10010080
200515EC
60000000
70000003
F0000000
100100A0
200525EC
60000000
70000003
F0000000
100100C0
200535EC
60000000
70000003
F0000000
100100E0
200545EC
60000000
70000003
F0000000
10010100
200555EC
60000000
70000003
F0000000
10010120
200565EC
60000000
70000003
F0000000
10010140
200575EC
60000000
70000003
F0000000
10010160
200585EC
60000000
70000002
F0000000
80000020
A0000002
10010000
2004D60C
60000001
70000001
F0000000
10010020
2004E60C
60000000
70000003
F0000000
10010040
2004F60C
60000000
70000003
F0000000
10010060
2005060C
60000000
70000003
F0000000
10010080
2005160C
60000000
70000003
F0000000
100100A0
2005260C
60000000
70000003
F0000000
100100C0
2005360C
60000000
70000003
F0000000
100100E0
2005460C
60000000
70000003
F0000000
10010100
2005560C
60000000
70000003
F0000000
10010120
2005660C
60000000
70000003
F0000000
10010140
2005760C
60000000
70000003
F0000000
10010160
2005860C
60000000
70000002
F0000000
80000040
A0000002
10010000
2004D62C
60000001
70000001
F0000000
10010020
2004E62C
60000000
70000003
F0000000
10010040
2004F62C
60000000
70000003
F0000000
10010060
2005062C
60000000
70000003
F0000000
10010080
2005162C
60000000
70000003
F0000000
100100A0
2005262C
60000000
70000003
F0000000
100100C0
2005362C
60000000
70000003
F0000000
100100E0
2005462C
60000000
70000003
F0000000
10010100
2005562C
60000000
70000003
F0000000
10010120
2005662C
60000000
70000003
F0000000
10010140
2005762C
60000000
70000003
F0000000
10010160
2005862C
60000000
70000002
F0000000
80000060
A0000002
10010000
2004D64C
60000001
70000001
F0000000
10010020
2004E64C
60000000
70000003
F0000000
10010040
2004F64C
60000000
70000003
F0000000
10010060
2005064C
60000000
70000003
F0000000
10010080
2005164C
60000000
70000003
F0000000
100100A0
2005264C
60000000
70000003
F0000000
100100C0
2005364C
60000000
70000003
F0000000
100100E0
2005464C
60000000
70000003
F0000000
10010100
2005564C
60000000
70000003
F0000000
10010120
2005664C
60000000
70000003
F0000000
10010140
2005764C
60000000
70000003
F0000000
10010160
2005864C
60000000
70000002
F0000000
80001000
A0000002
10013000
2004D5EC
60000001
70000001
F0000000
10013020
2004E5EC
60000000
70000003
F0000000
10013040
2004F5EC
60000000
70000003
F0000000
10013060
200505EC
60000000
70000003
F0000000
10013080
200515EC
60000000
70000003
F0000000
100130A0
200525EC
60000000
70000003
F0000000
100130C0
200535EC
60000000
70000003
F0000000
100130E0
200545EC
60000000
70000003
F0000000
10013100
200555EC
60000000
70000003
F0000000
10013120
200565EC
60000000
70000003
F0000000
10013140
200575EC
60000000
70000003
F0000000
10013160
200585EC
60000000
70000002
F0000000
80001020
A0000002
10013000
2004D60C
60000001
70000001
F0000000
10013020
2004E60C
60000000
70000003
F0000000
10013040
2004F60C
60000000
70000003
F0000000
10013060
2005060C
60000000
70000003
F0000000
10013080
2005160C
60000000
70000003
F0000000
100130A0
2005260C
60000000
70000003
F0000000
100130C0
2005360C
60000000
70000003
F0000000
100130E0
2005460C
60000000
70000003
F0000000
10013100
2005560C
60000000
70000003
F0000000
10013120
2005660C
60000000
70000003
F0000000
10013140
2005760C
60000000
70000003
F0000000
10013160
2005860C
60000000
70000002
F0000000
80001040
A0000002
10013000
2004D62C
60000001
70000001
F0000000
10013020
2004E62C
60000000
70000003
F0000000
10013040
2004F62C
60000000
70000003
F0000000
10013060
2005062C
60000000
70000003
F0000000
10013080
2005162C
60000000
70000003
F0000000
100130A0
2005262C
60000000
70000003
F0000000
100130C0
2005362C
60000000
70000003
F0000000
100130E0
2005462C
60000000
70000003
F0000000
10013100
2005562C
60000000
70000003
F0000000
10013120
2005662C
60000000
70000003
F0000000
10013140
2005762C
60000000
70000003
F0000000
10013160
2005862C
60000000
70000002
F0000000
80001060
A0000002
10013000
2004D64C
60000001
70000001
F0000000
10013020
2004E64C
60000000
70000003
F0000000
10013040
2004F64C
60000000
70000003
F0000000
10013060
2005064C
60000000
70000003
F0000000
10013080
2005164C
60000000
70000003
F0000000
100130A0
2005264C
60000000
70000003
F0000000
100130C0
2005364C
60000000
70000003
F0000000
100130E0
2005464C
60000000
70000003
F0000000
10013100
2005564C
60000000
70000003
F0000000
10013120
2005664C
60000000
70000003
F0000000
10013140
2005764C
60000000
70000003
F0000000
10013160
2005864C
60000000
70000002
F0000000
E0000000
30000020
B096070C
80010000
A0000002
10000000
200505EC
60000001
70000001
F0000000
10000020
200515EC
60000000
70000003
F0000000
10000040
200525EC
60000000
70000003
F0000000
10000060
200535EC
60000000
70000003
F0000000
10000080
200545EC
60000000
70000003
F0000000
100000A0
200555EC
60000000
70000002
F0000000
80010020
A0000002
10000000
2005060C
60000001
70000001
F0000000
10000020
2005160C
60000000
70000003
F0000000
10000040
2005260C
60000000
70000003
F0000000
10000060
2005360C
60000000
70000003
F0000000
10000080
2005460C
60000000
70000003
F0000000
100000A0
2005560C
60000000
70000002
F0000000
80010040
A0000002
10000000
2005062C
60000001
70000001
F0000000
10000020
2005162C
60000000
70000003
F0000000
10000040
2005262C
60000000
70000003
F0000000
10000060
2005362C
60000000
70000003
F0000000
10000080
2005462C
60000000
70000003
F0000000
100000A0
2005562C
60000000
70000002
F0000000
80010060
A0000002
10000000
2005064C
60000001
70000001
F0000000
10000020
2005164C
60000000
70000003
F0000000
10000040
2005264C
60000000
70000003
F0000000
10000060
2005364C
60000000
70000003
F0000000
10000080
2005464C
60000000
70000003
F0000000
100000A0
2005564C
60000000
70000002
F0000000
80011000
A0000002
10001800
200505EC
60000001
70000001
F0000000
10001820
200515EC
60000000
70000003
F0000000
10001840
200525EC
60000000
70000003
F0000000
10001860
200535EC
60000000
70000003
F0000000
10001880
200545EC
60000000
70000003
F0000000
100018A0
200555EC
60000000
70000002
F0000000
80011020
A0000002
10001800
2005060C
60000001
70000001
F0000000
10001820
2005160C
60000000
70000003
F0000000
10001840
2005260C
60000000
70000003
F0000000
10001860
2005360C
60000000
70000003
F0000000
10001880
2005460C
60000000
70000003
F0000000
100018A0
2005560C
60000000
70000002
F0000000
80011040
A0000002
10001800
2005062C
60000001
70000001
F0000000
10001820
2005162C
60000000
70000003
F0000000
10001840
2005262C
60000000
70000003
F0000000
10001860
2005362C
60000000
70000003
F0000000
10001880
2005462C
60000000
70000003
F0000000
100018A0
2005562C
60000000
70000002
F0000000
80011060
A0000002
10001800
2005064C
60000001
70000001
F0000000
10001820
2005164C
60000000
70000003
F0000000
10001840
2005264C
60000000
70000003
F0000000
10001860
2005364C
60000000
70000003
F0000000
10001880
2005464C
60000000
70000003
F0000000
100018A0
2005564C
60000000
70000002
F0000000
E0000000
30000020
B123D210
80000000
A0000002
10010000
20051DEC
60000001
70000001
F0000000
10010020
200525EC
60000000
70000003
F0000000
10010040
20052DEC
60000000
70000003
F0000000
10010060
200535EC
60000000
70000003
F0000000
10010080
20053DEC
60000000
70000003
F0000000
100100A0
200545EC
60000000
70000003
F0000000
100100C0
20054DEC
60000000
70000003
F0000000
100100E0
200555EC
60000000
70000003
F0000000
10010100
20055DEC
60000000
70000003
F0000000
10010120
200565EC
60000000
70000003
F0000000
10010140
20056DEC
60000000
70000003
F0000000
10010160
200575EC
60000000
70000003
F0000000
10010180
20057DEC
60000000
70000003
F0000000
100101A0
200585EC
60000000
70000003
F0000000
100101C0
20058DEC
60000000
70000003
F0000000
100101E0
200595EC
60000000
70000003
F0000000
10010200
20059DEC
60000000
70000003
F0000000
10010220
2005A5EC
60000000
70000002
F0000000
80000020
A0000002
10010000
20051E0C
60000001
70000001
F0000000
10010020
2005260C
60000000
70000003
F0000000
10010040
20052E0C
60000000
70000003
F0000000
10010060
2005360C
60000000
70000003
F0000000
10010080
20053E0C
60000000
70000003
F0000000
100100A0
2005460C
60000000
70000003
F0000000
100100C0
20054E0C
60000000
70000003
F0000000
100100E0
2005560C
60000000
70000003
F0000000
10010100
20055E0C
60000000
70000003
F0000000
10010120
2005660C
60000000
70000003
F0000000
10010140
20056E0C
60000000
70000003
F0000000
10010160
2005760C
60000000
70000003
F0000000
10010180
20057E0C
60000000
70000003
F0000000
100101A0
2005860C
60000000
70000003
F0000000
100101C0
20058E0C
60000000
70000003
F0000000
100101E0
2005960C
60000000
70000003
F0000000
10010200
20059E0C
60000000
70000003
F0000000
10010220
2005A60C
60000000
70000002
F0000000
80000800
A0000002
10014800
20051DEC
60000001
70000001
F0000000
10014820
200525EC
60000000
70000003
F0000000
10014840
20052DEC
60000000
70000003
F0000000
10014860
200535EC
60000000
70000003
F0000000
10014880
20053DEC
60000000
70000003
F0000000
100148A0
200545EC
60000000
70000003
F0000000
100148C0
20054DEC
60000000
70000003
F0000000
100148E0
200555EC
60000000
70000003
F0000000
10014900
20055DEC
60000000
70000003
F0000000
10014920
200565EC
60000000
70000003
F0000000
10014940
20056DEC
60000000
70000003
F0000000
10014960
200575EC
60000000
70000003
F0000000
10014980
20057DEC
60000000
70000003
F0000000
100149A0
200585EC
60000000
70000003
F0000000
100149C0
20058DEC
60000000
70000003
F0000000
100149E0
200595EC
60000000
70000003
F0000000
10014A00
20059DEC
60000000
70000003
F0000000
10014A20
2005A5EC
60000000
70000002
F0000000
80000820
A0000002
10014800
20051E0C
60000001
70000001
F0000000
10014820
2005260C
60000000
70000003
F0000000
10014840
20052E0C
60000000
70000003
F0000000
10014860
2005360C
60000000
70000003
F0000000
10014880
20053E0C
60000000
70000003
F0000000
100148A0
2005460C
60000000
70000003
F0000000
100148C0
20054E0C
60000000
70000003
F0000000
100148E0
2005560C
60000000
70000003
F0000000
10014900
20055E0C
60000000
70000003
F0000000
10014920
2005660C
60000000
70000003
F0000000
10014940
20056E0C
60000000
70000003
F0000000
10014960
2005760C
60000000
70000003
F0000000
10014980
20057E0C
60000000
70000003
F0000000
100149A0
2005860C
60000000
70000003
F0000000
100149C0
20058E0C
60000000
70000003
F0000000
100149E0
2005960C
60000000
70000003
F0000000
10014A00
20059E0C
60000000
70000003
F0000000
10014A20
2005A60C
60000000
70000002
F0000000
E0000000
30000020
B0A7F050
80010000
A0000002
10000000
200541EC
60000001
70000001
F0000000
10000020
200549EC
60000000
70000003
F0000000
10000040
200551EC
60000000
70000003
F0000000
10000060
200559EC
60000000
70000003
F0000000
10000080
200561EC
60000000
70000003
F0000000
100000A0
200569EC
60000000
70000003
F0000000
100000C0
200571EC
60000000
70000003
F0000000
100000E0
200579EC
60000000
70000003
F0000000
10000100
200581EC
60000000
70000003
F0000000
10000120
200589EC
60000000
70000003
F0000000
10000140
200591EC
60000000
70000003
F0000000
10000160
200599EC
60000000
70000003
F0000000
10000180
2005A1EC
60000000
70000003
F0000000
100001A0
2005A9EC
60000000
70000003
F0000000
100001C0
2005B1EC
60000000
70000003
F0000000
100001E0
2005B9EC
60000000
70000003
F0000000
10000200
2005C1EC
60000000
70000003
F0000000
10000220
2005C9EC
60000000
70000002
F0000000
80010020
A0000002
10000000
2005420C
60000001
70000001
F0000000
10000020
20054A0C
60000000
70000003
F0000000
10000040
2005520C
60000000
70000003
F0000000
10000060
20055A0C
60000000
70000003
F0000000
10000080
2005620C
60000000
70000003
F0000000
100000A0
20056A0C
60000000
70000003
F0000000
100000C0
2005720C
60000000
70000003
F0000000
100000E0
20057A0C
60000000
70000003
F0000000
10000100
2005820C
60000000
70000003
F0000000
10000120
20058A0C
60000000
70000003
F0000000
10000140
2005920C
60000000
70000003
F0000000
10000160
20059A0C
60000000
70000003
F0000000
10000180
2005A20C
60000000
70000003
F0000000
100001A0
2005AA0C
60000000
70000003
F0000000
100001C0
2005B20C
60000000
70000003
F0000000
100001E0
2005BA0C
60000000
70000003
F0000000
10000200
2005C20C
60000000
70000003
F0000000
10000220
2005CA0C
60000000
70000002
F0000000
80010800
A0000002
10004800
200541EC
60000001
70000001
F0000000
10004820
200549EC
60000000
70000003
F0000000
10004840
200551EC
60000000
70000003
F0000000
10004860
200559EC
60000000
70000003
F0000000
10004880
200561EC
60000000
70000003
F0000000
100048A0
200569EC
60000000
70000003
F0000000
100048C0
200571EC
60000000
70000003
F0000000
100048E0
200579EC
60000000
70000003
F0000000
10004900
200581EC
60000000
70000003
F0000000
10004920
200589EC
60000000
70000003
F0000000
10004940
200591EC
60000000
70000003
F0000000
10004960
200599EC
60000000
70000003
F0000000
10004980
2005A1EC
60000000
70000003
F0000000
100049A0
2005A9EC
60000000
70000003
F0000000
100049C0
2005B1EC
60000000
70000003
F0000000
100049E0
2005B9EC
60000000
70000003
F0000000
10004A00
2005C1EC
60000000
70000003
F0000000
10004A20
2005C9EC
60000000
70000002
F0000000
80010820
A0000002
10004800
2005420C
60000001
70000001
F0000000
10004820
20054A0C
60000000
70000003
F0000000
10004840
2005520C
60000000
70000003
F0000000
10004860
20055A0C
60000000
70000003
F0000000
10004880
2005620C
60000000
70000003
F0000000
100048A0
20056A0C
60000000
70000003
F0000000
100048C0
2005720C
60000000
70000003
F0000000
100048E0
20057A0C
60000000
70000003
F0000000
10004900
2005820C
60000000
70000003
F0000000
10004920
20058A0C
60000000
70000003
F0000000
10004940
2005920C
60000000
70000003
F0000000
10004960
20059A0C
60000000
70000003
F0000000
10004980
2005A20C
60000000
70000003
F0000000
100049A0
2005AA0C
60000000
70000003
F0000000
100049C0
2005B20C
60000000
70000003
F0000000
100049E0
2005BA0C
60000000
70000003
F0000000
10004A00
2005C20C
60000000
70000003
F0000000
10004A20
2005CA0C
60000000
70000002
F0000000
E0000000
30000020
B0A3BF27
80000000
A0000002
10010000
200565EC
60000001
70000001
F0000000
10010020
20056DEC
60000000
70000003
F0000000
10010040
200575EC
60000000
70000003
F0000000
10010060
20057DEC
60000000
70000003
F0000000
10010080
200585EC
60000000
70000003
F0000000
100100A0
20058DEC
60000000
70000002
F0000000
80000020
A0000002
10010000
2005660C
60000001
70000001
F0000000
10010020
20056E0C
60000000
70000003
F0000000
10010040
2005760C
60000000
70000003
F0000000
10010060
20057E0C
60000000
70000003
F0000000
10010080
2005860C
60000000
70000003
F0000000
100100A0
20058E0C
60000000
70000002
F0000000
80000800
A0000002
10011800
200565EC
60000001
70000001
F0000000
10011820
20056DEC
60000000
70000003
F0000000
10011840
200575EC
60000000
70000003
F0000000
10011860
20057DEC
60000000
70000003
F0000000
10011880
200585EC
60000000
70000003
F0000000
100118A0
20058DEC
60000000
70000002
F0000000
80000820
A0000002
10011800
2005660C
60000001
70000001
F0000000
10011820
20056E0C
60000000
70000003
F0000000
10011840
2005760C
60000000
70000003
F0000000
10011860
20057E0C
60000000
70000003
F0000000
10011880
2005860C
60000000
70000003
F0000000
100118A0
20058E0C
60000000
70000002
F0000000
E0000000
30000020
B03BBC81
80010000
A0000002
10000000
200571EC
60000001
70000001
F0000000
10000020
200579EC
60000000
70000003
F0000000
10000040
200581EC
60000000
70000002
F0000000
80010020
A0000002
10000000
2005720C
60000001
70000001
F0000000
10000020
20057A0C
60000000
70000003
F0000000
10000040
2005820C
60000000
70000002
F0000000
80010800
A0000002
10000C00
200571EC
60000001
70000001
F0000000
10000C20
200579EC
60000000
70000003
F0000000
10000C40
200581EC
60000000
70000002
F0000000
80010820
A0000002
10000C00
2005720C
60000001
70000001
F0000000
10000C20
20057A0C
60000000
70000003
F0000000
10000C40
2005820C
60000000
70000002
F0000000
E0000000
30000020
B0D95785
80000000
A0000002
10010000
200577EC
60000001
70000001
F0000000
10010020
20057BEC
60000000
70000003
F0000000
10010040
20057FEC
60000000
70000003
F0000000
10010060
200583EC
60000000
70000003
F0000000
10010080
200587EC
60000000
70000003
F0000000
100100A0
20058BEC
60000000
70000003
F0000000
100100C0
20058FEC
60000000
70000003
F0000000
100100E0
200593EC
60000000
70000003
F0000000
10010100
200597EC
60000000
70000002
F0000000
80000400
A0000002
10012400
200577EC
60000001
70000001
F0000000
10012420
20057BEC
60000000
70000003
F0000000
10012440
20057FEC
60000000
70000003
F0000000
10012460
200583EC
60000000
70000003
F0000000
10012480
200587EC
60000000
70000003
F0000000
100124A0
20058BEC
60000000
70000003
F0000000
100124C0
20058FEC
60000000
70000003
F0000000
100124E0
200593EC
60000000
70000003
F0000000
10012500
200597EC
60000000
70000002
F0000000
E0000000
30000020
B05B3C5E
80010000
A0000002
10000000
200580EC
60000001
70000001
F0000000
10000020
200584EC
60000000
70000003
F0000000
10000040
200588EC
60000000
70000003
F0000000
10000060
20058CEC
60000000
70000003
F0000000
10000080
200590EC
60000000
70000003
F0000000
100000A0
200594EC
60000000
70000003
F0000000
100000C0
200598EC
60000000
70000003
F0000000
100000E0
20059CEC
60000000
70000003
F0000000
10000100
2005A0EC
60000000
70000002
F0000000
80010400
A0000002
10002400
200580EC
60000001
70000001
F0000000
10002420
200584EC
60000000
70000003
F0000000
10002440
200588EC
60000000
70000003
F0000000
10002460
20058CEC
60000000
70000003
F0000000
10002480
200590EC
60000000
70000003
F0000000
100024A0
200594EC
60000000
70000003
F0000000
100024C0
200598EC
60000000
70000003
F0000000
100024E0
20059CEC
60000000
70000003
F0000000
10002500
2005A0EC
60000000
70000002
F0000000
E0000000
30000020
B06E694A
80000000
A0000002
10010000
200589EC
60000001
70000001
F0000000
10010020
200591EC
60000000
70000003
F0000000
10010040
200599EC
60000000
70000003
F0000000
10010060
2005A1EC
60000000
70000003
F0000000
10010080
2005A9EC
60000000
70000003
F0000000
100100A0
2005B1EC
60000000
70000003
F0000000
100100C0
2005B9EC
60000000
70000003
F0000000
100100E0
2005C1EC
60000000
70000003
F0000000
10010100
2005C9EC
60000000
70000003
F0000000
10010120
2005D1EC
60000000
70000003
F0000000
10010140
2005D9EC
60000000
70000003
F0000000
10010160
2005E1EC
60000000
70000003
F0000000
10010180
2005E9EC
60000000
70000003
F0000000
100101A0
2005F1EC
60000000
70000003
F0000000
100101C0
2005F9EC
60000000
70000003
F0000000
100101E0
200601EC
60000000
70000003
F0000000
10010200
200609EC
60000000
70000003
F0000000
10010220
200611EC
60000000
70000002
F0000000
80000020
A0000002
10010000
20058A0C
60000001
70000001
F0000000
10010020
2005920C
60000000
70000003
F0000000
10010040
20059A0C
60000000
70000003
F0000000
10010060
2005A20C
60000000
70000003
F0000000
10010080
2005AA0C
60000000
70000003
F0000000
100100A0
2005B20C
60000000
70000003
F0000000
100100C0
2005BA0C
60000000
70000003
F0000000
100100E0
2005C20C
60000000
70000003
F0000000
10010100
2005CA0C
60000000
70000003
F0000000
10010120
2005D20C
60000000
70000003
F0000000
10010140
2005DA0C
60000000
70000003
F0000000
10010160
2005E20C
60000000
70000003
F0000000
10010180
2005EA0C
60000000
70000003
F0000000
100101A0
2005F20C
60000000
70000003
F0000000
100101C0
2005FA0C
60000000
70000003
F0000000
100101E0
2006020C
60000000
70000003
F0000000
10010200
20060A0C
60000000
70000003
F0000000
10010220
2006120C
60000000
70000002
F0000000
E0000000
30000020
B0438D31
80010000
A0000002
10000000
2005ADEC
60000001
70000001
F0000000
10000020
2005BDEC
60000000
70000003
F0000000
10000040
2005CDEC
60000000
70000003
F0000000
10000060
2005DDEC
60000000
70000003
F0000000
10000080
2005EDEC
60000000
70000003
F0000000
100000A0
2005FDEC
60000000
70000002
F0000000
80010020
A0000002
10000000
2005AE0C
60000001
70000001
F0000000
10000020
2005BE0C
60000000
70000003
F0000000
10000040
2005CE0C
60000000
70000003
F0000000
10000060
2005DE0C
60000000
70000003
F0000000
10000080
2005EE0C
60000000
70000003
F0000000
100000A0
2005FE0C
60000000
70000002
F0000000
80010040
A0000002
10000000
2005AE2C
60000001
70000001
F0000000
10000020
2005BE2C
60000000
70000003
F0000000
10000040
2005CE2C
60000000
70000003
F0000000
10000060
2005DE2C
60000000
70000003
F0000000
10000080
2005EE2C
60000000
70000003
F0000000
100000A0
2005FE2C
60000000
70000002
F0000000
80010060
A0000002
10000000
2005AE4C
60000001
70000001
F0000000
10000020
2005BE4C
60000000
70000003
F0000000
10000040
2005CE4C
60000000
70000003
F0000000
10000060
2005DE4C
60000000
70000003
F0000000
10000080
2005EE4C
60000000
70000003
F0000000
100000A0
2005FE4C
60000000
70000002
F0000000
E0000000
30000020
B0829B12
80000000
A0000002
10010000
2005C5EC
60000001
70000001
F0000000
10010020
2005D5EC
60000000
70000003
F0000000
10010040
2005E5EC
60000000
70000003
F0000000
10010060
2005F5EC
60000000
70000003
F0000000
10010080
200605EC
60000000
70000003
F0000000
100100A0
200615EC
60000000
70000002
F0000000
80000020
A0000002
10010000
2005C60C
60000001
70000001
F0000000
10010020
2005D60C
60000000
70000003
F0000000
10010040
2005E60C
60000000
70000003
F0000000
10010060
2005F60C
60000000
70000003
F0000000
10010080
2006060C
60000000
70000003
F0000000
100100A0
2006160C
60000000
70000002
F0000000
80000040
A0000002
10010000
2005C62C
60000001
70000001
F0000000
10010020
2005D62C
60000000
70000003
F0000000
10010040
2005E62C
60000000
70000003
F0000000
10010060
2005F62C
60000000
70000003
F0000000
10010080
2006062C
60000000
70000003
F0000000
100100A0
2006162C
60000000
70000002
F0000000
80000060
A0000002
10010000
2005C64C
60000001
70000001
F0000000
10010020
2005D64C
60000000
70000003
F0000000
10010040
2005E64C
60000000
70000003
F0000000
10010060
2005F64C
60000000
70000003
F0000000
10010080
2006064C
60000000
70000003
F0000000
100100A0
2006164C
60000000
70000002
F0000000
E0000000
30000020
B0ED16C3
80010000
A0000002
10000000
2005DDEC
60000001
70000001
F0000000
10000020
2005E5EC
60000000
70000003
F0000000
10000040
2005EDEC
60000000
70000003
F0000000
10000060
2005F5EC
60000000
70000003
F0000000
10000080
2005FDEC
60000000
70000003
F0000000
100000A0
200605EC
60000000
70000003
F0000000
100000C0
20060DEC
60000000
70000003
F0000000
100000E0
200615EC
60000000
70000003
F0000000
10000100
20061DEC
60000000
70000003
F0000000
10000120
200625EC
60000000
70000003
F0000000
10000140
20062DEC
60000000
70000003
F0000000
10000160
200635EC
60000000
70000003
F0000000
10000180
20063DEC
60000000
70000003
F0000000
100001A0
200645EC
60000000
70000003
F0000000
100001C0
20064DEC
60000000
70000003
F0000000
100001E0
200655EC
60000000
70000003
F0000000
10000200
20065DEC
60000000
70000003
F0000000
10000220
200665EC
60000000
70000002
F0000000
80010020
A0000002
10000000
2005DE0C
60000001
70000001
F0000000
10000020
2005E60C
60000000
70000003
F0000000
10000040
2005EE0C
60000000
70000003
F0000000
10000060
2005F60C
60000000
70000003
F0000000
10000080
2005FE0C
60000000
70000003
F0000000
100000A0
2006060C
60000000
70000003
F0000000
100000C0
20060E0C
60000000
70000003
F0000000
100000E0
2006160C
60000000
70000003
F0000000
10000100
20061E0C
60000000
70000003
F0000000
10000120
2006260C
60000000
70000003
F0000000
10000140
20062E0C
60000000
70000003
F0000000
10000160
2006360C
60000000
70000003
F0000000
10000180
20063E0C
60000000
70000003
F0000000
100001A0
2006460C
60000000
70000003
F0000000
100001C0
20064E0C
60000000
70000003
F0000000
100001E0
2006560C
60000000
70000003
F0000000
10000200
20065E0C
60000000
70000003
F0000000
10000220
2006660C
60000000
70000002
F0000000
E0000000
30000020
B043BD08
80000000
A0000002
10010000
200601EC
60000001
70000001
F0000000
10010020
200609EC
60000000
70000003
F0000000
10010040
200611EC
60000000
70000003
F0000000
10010060
200619EC
60000000
70000003
F0000000
10010080
200621EC
60000000
70000003
F0000000
100100A0
200629EC
60000000
70000003
F0000000
100100C0
200631EC
60000000
70000003
F0000000
100100E0
200639EC
60000000
70000003
F0000000
10010100
200641EC
60000000
70000003
F0000000
10010120
200649EC
60000000
70000003
F0000000
10010140
200651EC
60000000
70000003
F0000000
10010160
200659EC
60000000
70000003
F0000000
10010180
200661EC
60000000
70000003
F0000000
100101A0
200669EC
60000000
70000003
F0000000
100101C0
200671EC
60000000
70000003
F0000000
100101E0
200679EC
60000000
70000003
F0000000
10010200
200681EC
60000000
70000003
F0000000
10010220
200689EC
60000000
70000002
F0000000
80000020
A0000002
10010000
2006020C
60000001
70000001
F0000000
10010020
20060A0C
60000000
70000003
F0000000
10010040
2006120C
60000000
70000003
F0000000
10010060
20061A0C
60000000
70000003
F0000000
10010080
2006220C
60000000
70000003
F0000000
100100A0
20062A0C
60000000
70000003
F0000000
100100C0
2006320C
60000000
70000003
F0000000
100100E0
20063A0C
60000000
70000003
F0000000
10010100
2006420C
60000000
70000003
F0000000
10010120
20064A0C
60000000
70000003
F0000000
10010140
2006520C
60000000
70000003
F0000000
10010160
20065A0C
60000000
70000003
F0000000
10010180
2006620C
60000000
70000003
F0000000
100101A0
20066A0C
60000000
70000003
F0000000
100101C0
2006720C
60000000
70000003
F0000000
100101E0
20067A0C
60000000
70000003
F0000000
10010200
2006820C
60000000
70000003
F0000000
10010220
20068A0C
60000000
70000002
F0000000
E0000000
30000020
B0AC6081
80010000
A0000002
10000000
200625EC
60000001
70000001
F0000000
10000020
200635EC
60000000
70000003
F0000000
10000040
200645EC
60000000
70000003
F0000000
10000060
200655EC
60000000
70000003
F0000000
10000080
200665EC
60000000
70000003
F0000000
100000A0
200675EC
60000000
70000003
F0000000
100000C0
200685EC
60000000
70000003
F0000000
100000E0
200695EC
60000000
70000003
F0000000
10000100
2006A5EC
60000000
70000003
F0000000
10000120
2006B5EC
60000000
70000003
F0000000
10000140
2006C5EC
60000000
70000003
F0000000
10000160
2006D5EC
60000000
70000003
F0000000
10000180
2006E5EC
60000000
70000003
F0000000
100001A0
2006F5EC
60000000
70000003
F0000000
100001C0
200705EC
60000000
70000003
F0000000
100001E0
200715EC
60000000
70000003
F0000000
10000200
200725EC
60000000
70000003
F0000000
10000220
200735EC
60000000
70000003
F0000000
10000240
200745EC
60000000
70000003
F0000000
10000260
200755EC
60000000
70000003
F0000000
10000280
200765EC
60000000
70000003
F0000000
100002A0
200775EC
60000000
70000003
F0000000
100002C0
200785EC
60000000
70000003
F0000000
100002E0
200795EC
60000000
70000003
F0000000
10000300
2007A5EC
60000000
70000003
F0000000
10000320
2007B5EC
60000000
70000003
F0000000
10000340
2007C5EC
60000000
70000003
F0000000
10000360
2007D5EC
60000000
70000003
F0000000
10000380
2007E5EC
60000000
70000003
F0000000
100003A0
2007F5EC
60000000
70000003
F0000000
100003C0
200805EC
60000000
70000003
F0000000
100003E0
200815EC
60000000
70000003
F0000000
10000400
200825EC
60000000
70000003
F0000000
10000420
200835EC
60000000
70000003
F0000000
10000440
200845EC
60000000
70000003
F0000000
10000460
200855EC
60000000
70000002
F0000000
80010020
A0000002
10000000
2006260C
60000001
70000001
F0000000
10000020
2006360C
60000000
70000003
F0000000
10000040
2006460C
60000000
70000003
F0000000
10000060
2006560C
60000000
70000003
F0000000
10000080
2006660C
60000000
70000003
F0000000
100000A0
2006760C
60000000
70000003
F0000000
100000C0
2006860C
60000000
70000003
F0000000
100000E0
2006960C
60000000
70000003
F0000000
10000100
2006A60C
60000000
70000003
F0000000
10000120
2006B60C
60000000
70000003
F0000000
10000140
2006C60C
60000000
70000003
F0000000
10000160
2006D60C
60000000
70000003
F0000000
10000180
2006E60C
60000000
70000003
F0000000
100001A0
2006F60C
60000000
70000003
F0000000
100001C0
2007060C
60000000
70000003
F0000000
100001E0
2007160C
60000000
70000003
F0000000
10000200
2007260C
60000000
70000003
F0000000
10000220
2007360C
60000000
70000003
F0000000
10000240
2007460C
60000000
70000003
F0000000
10000260
2007560C
60000000
70000003
F0000000
10000280
2007660C
60000000
70000003
F0000000
100002A0
2007760C
60000000
70000003
F0000000
100002C0
2007860C
60000000
70000003
F0000000
100002E0
2007960C
60000000
70000003
F0000000
10000300
2007A60C
60000000
70000003
F0000000
10000320
2007B60C
60000000
70000003
F0000000
10000340
2007C60C
60000000
70000003
F0000000
10000360
2007D60C
60000000
70000003
F0000000
10000380
2007E60C
60000000
70000003
F0000000
100003A0
2007F60C
60000000
70000003
F0000000
100003C0
2008060C
60000000
70000003
F0000000
100003E0
2008160C
60000000
70000003
F0000000
10000400
2008260C
60000000
70000003
F0000000
10000420
2008360C
60000000
70000003
F0000000
10000440
2008460C
60000000
70000003
F0000000
10000460
2008560C
60000000
70000002
F0000000
80010040
A0000002
10000000
2006262C
60000001
70000001
F0000000
10000020
2006362C
60000000
70000003
F0000000
10000040
2006462C
60000000
70000003
F0000000
10000060
2006562C
60000000
70000003
F0000000
10000080
2006662C
60000000
70000003
F0000000
100000A0
2006762C
60000000
70000003
F0000000
100000C0
2006862C
60000000
70000003
F0000000
100000E0
2006962C
60000000
70000003
F0000000
10000100
2006A62C
60000000
70000003
F0000000
10000120
2006B62C
60000000
70000003
F0000000
10000140
2006C62C
60000000
70000003
F0000000
10000160
2006D62C
60000000
70000003
F0000000
10000180
2006E62C
60000000
70000003
F0000000
100001A0
2006F62C
60000000
70000003
F0000000
100001C0
2007062C
60000000
70000003
F0000000
100001E0
2007162C
60000000
70000003
F0000000
10000200
2007262C
60000000
70000003
F0000000
10000220
2007362C
60000000
70000003
F0000000
10000240
2007462C
60000000
70000003
F0000000
10000260
2007562C
60000000
70000003
F0000000
10000280
2007662C
60000000
70000003
F0000000
100002A0
2007762C
60000000
70000003
F0000000
100002C0
2007862C
60000000
70000003
F0000000
100002E0
2007962C
60000000
70000003
F0000000
10000300
2007A62C
60000000
70000003
F0000000
10000320
2007B62C
60000000
70000003
F0000000
10000340
2007C62C
60000000
70000003
F0000000
10000360
2007D62C
60000000
70000003
F0000000
10000380
2007E62C
60000000
70000003
F0000000
100003A0
2007F62C
60000000
70000003
F0000000
100003C0
2008062C
60000000
70000003
F0000000
100003E0
2008162C
60000000
70000003
F0000000
10000400
2008262C
60000000
70000003
F0000000
10000420
2008362C
60000000
70000003
F0000000
10000440
2008462C
60000000
70000003
F0000000
10000460
2008562C
60000000
70000002
F0000000
80010060
A0000002
10000000
2006264C
60000001
70000001
F0000000
10000020
2006364C
60000000
70000003
F0000000
10000040
2006464C
60000000
70000003
F0000000
10000060
2006564C
60000000
70000003
F0000000
10000080
2006664C
60000000
70000003
F0000000
100000A0
2006764C
60000000
70000003
F0000000
100000C0
2006864C
60000000
70000003
F0000000
100000E0
2006964C
60000000
70000003
F0000000
10000100
2006A64C
60000000
70000003
F0000000
10000120
2006B64C
60000000
70000003
F0000000
10000140
2006C64C
60000000
70000003
F0000000
10000160
2006D64C
60000000
70000003
F0000000
10000180
2006E64C
60000000
70000003
F0000000
100001A0
2006F64C
60000000
70000003
F0000000
100001C0
2007064C
60000000
70000003
F0000000
100001E0
2007164C
60000000
70000003
F0000000
10000200
2007264C
60000000
70000003
F0000000
10000220
2007364C
60000000
70000003
F0000000
10000240
2007464C
60000000
70000003
F0000000
10000260
2007564C
60000000
70000003
F0000000
10000280
2007664C
60000000
70000003
F0000000
100002A0
2007764C
60000000
70000003
F0000000
100002C0
2007864C
60000000
70000003
F0000000
100002E0
2007964C
60000000
70000003
F0000000
10000300
2007A64C
60000000
70000003
F0000000
10000320
2007B64C
60000000
70000003
F0000000
10000340
2007C64C
60000000
70000003
F0000000
10000360
2007D64C
60000000
70000003
F0000000
10000380
2007E64C
60000000
70000003
F0000000
100003A0
2007F64C
60000000
70000003
F0000000
100003C0
2008064C
60000000
70000003
F0000000
100003E0
2008164C
60000000
70000003
F0000000
10000400
2008264C
60000000
70000003
F0000000
10000420
2008364C
60000000
70000003
F0000000
10000440
2008464C
60000000
70000003
F0000000
10000460
2008564C
60000000
70000002
F0000000
E0000000
30000020
B085A521
80000000
A0000002
10010000
2006B5EC
60000001
70000001
F0000000
10010020
2006D5EC
60000000
70000003
F0000000
10010040
2006F5EC
60000000
70000003
F0000000
10010060
200715EC
60000000
70000003
F0000000
10010080
200735EC
60000000
70000003
F0000000
100100A0
200755EC
60000000
70000003
F0000000
100100C0
200775EC
60000000
70000003
F0000000
100100E0
200795EC
60000000
70000003
F0000000
10010100
2007B5EC
60000000
70000003
F0000000
10010120
2007D5EC
60000000
70000003
F0000000
10010140
2007F5EC
60000000
70000003
F0000000
10010160
200815EC
60000000
70000002
F0000000
80000020
A0000002
10010000
2006B60C
60000001
70000001
F0000000
10010020
2006D60C
60000000
70000003
F0000000
10010040
2006F60C
60000000
70000003
F0000000
10010060
2007160C
60000000
70000003
F0000000
10010080
2007360C
60000000
70000003
F0000000
100100A0
2007560C
60000000
70000003
F0000000
100100C0
2007760C
60000000
70000003
F0000000
100100E0
2007960C
60000000
70000003
F0000000
10010100
2007B60C
60000000
70000003
F0000000
10010120
2007D60C
60000000
70000003
F0000000
10010140
2007F60C
60000000
70000003
F0000000
10010160
2008160C
60000000
70000002
F0000000
80000040
A0000002
10010000
2006B62C
60000001
70000001
F0000000
10010020
2006D62C
60000000
70000003
F0000000
10010040
2006F62C
60000000
70000003
F0000000
10010060
2007162C
60000000
70000003
F0000000
10010080
2007362C
60000000
70000003
F0000000
100100A0
2007562C
60000000
70000003
F0000000
100100C0
2007762C
60000000
70000003
F0000000
100100E0
2007962C
60000000
70000003
F0000000
10010100
2007B62C
60000000
70000003
F0000000
10010120
2007D62C
60000000
70000003
F0000000
10010140
2007F62C
60000000
70000003
F0000000
10010160
2008162C
60000000
70000002
F0000000
80000060
A0000002
10010000
2006B64C
60000001
70000001
F0000000
10010020
2006D64C
60000000
70000003
F0000000
10010040
2006F64C
60000000
70000003
F0000000
10010060
2007164C
60000000
70000003
F0000000
10010080
2007364C
60000000
70000003
F0000000
100100A0
2007564C
60000000
70000003
F0000000
100100C0
2007764C
60000000
70000003
F0000000
100100E0
2007964C
60000000
70000003
F0000000
10010100
2007B64C
60000000
70000003
F0000000
10010120
2007D64C
60000000
70000003
F0000000
10010140
2007F64C
60000000
70000003
F0000000
10010160
2008164C
60000000
70000002
F0000000
80000080
A0000002
10010000
2006B66C
60000001
70000001
F0000000
10010020
2006D66C
60000000
70000003
F0000000
10010040
2006F66C
60000000
70000003
F0000000
10010060
2007166C
60000000
70000003
F0000000
10010080
2007366C
60000000
70000003
F0000000
100100A0
2007566C
60000000
70000003
F0000000
100100C0
2007766C
60000000
70000003
F0000000
100100E0
2007966C
60000000
70000003
F0000000
10010100
2007B66C
60000000
70000003
F0000000
10010120
2007D66C
60000000
70000003
F0000000
10010140
2007F66C
60000000
70000003
F0000000
10010160
2008166C
60000000
70000002
F0000000
800000A0
A0000002
10010000
2006B68C
60000001
70000001
F0000000
10010020
2006D68C
60000000
70000003
F0000000
10010040
2006F68C
60000000
70000003
F0000000
10010060
2007168C
60000000
70000003
F0000000
10010080
2007368C
60000000
70000003
F0000000
100100A0
2007568C
60000000
70000003
F0000000
100100C0
2007768C
60000000
70000003
F0000000
100100E0
2007968C
60000000
70000003
F0000000
10010100
2007B68C
60000000
70000003
F0000000
10010120
2007D68C
60000000
70000003
F0000000
10010140
2007F68C
60000000
70000003
F0000000
10010160
2008168C
60000000
70000002
F0000000
800000C0
A0000002
10010000
2006B6AC
60000001
70000001
F0000000
10010020
2006D6AC
60000000
70000003
F0000000
10010040
2006F6AC
60000000
70000003
F0000000
10010060
200716AC
60000000
70000003
F0000000
10010080
200736AC
60000000
70000003
F0000000
100100A0
200756AC
60000000
70000003
F0000000
100100C0
200776AC
60000000
70000003
F0000000
100100E0
200796AC
60000000
70000003
F0000000
10010100
2007B6AC
60000000
70000003
F0000000
10010120
2007D6AC
60000000
70000003
F0000000
10010140
2007F6AC
60000000
70000003
F0000000
10010160
200816AC
60000000
70000002
F0000000
800000E0
A0000002
10010000
2006B6CC
60000001
70000001
F0000000
10010020
2006D6CC
60000000
70000003
F0000000
10010040
2006F6CC
60000000
70000003
F0000000
10010060
200716CC
60000000
70000003
F0000000
10010080
200736CC
60000000
70000003
F0000000
100100A0
200756CC
60000000
70000003
F0000000
100100C0
200776CC
60000000
70000003
F0000000
100100E0
200796CC
60000000
70000003
F0000000
10010100
2007B6CC
60000000
70000003
F0000000
10010120
2007D6CC
60000000
70000003
F0000000
10010140
2007F6CC
60000000
70000003
F0000000
10010160
200816CC
60000000
70000002
F0000000
E0000000
30000020
B054B832
80010000
A0000002
10000000
200715EC
60000001
70000001
F0000000
10000020
200735EC
60000000
70000003
F0000000
10000040
200755EC
60000000
70000003
F0000000
10000060
200775EC
60000000
70000003
F0000000
10000080
200795EC
60000000
70000003
F0000000
100000A0
2007B5EC
60000000
70000003
F0000000
100000C0
2007D5EC
60000000
70000003
F0000000
100000E0
2007F5EC
60000000
70000003
F0000000
10000100
200815EC
60000000
70000003
F0000000
10000120
200835EC
60000000
70000003
F0000000
10000140
200855EC
60000000
70000003
F0000000
10000160
200875EC
60000000
70000002
F0000000
80010020
A0000002
10000000
2007160C
60000001
70000001
F0000000
10000020
2007360C
60000000
70000003
F0000000
10000040
2007560C
60000000
70000003
F0000000
10000060
2007760C
60000000
70000003
F0000000
10000080
2007960C
60000000
70000003
F0000000
100000A0
2007B60C
60000000
70000003
F0000000
100000C0
2007D60C
60000000
70000003
F0000000
100000E0
2007F60C
60000000
70000003
F0000000
10000100
2008160C
60000000
70000003
F0000000
10000120
2008360C
60000000
70000003
F0000000
10000140
2008560C
60000000
70000003
F0000000
10000160
2008760C
60000000
70000002
F0000000
80010040
A0000002
10000000
2007162C
60000001
70000001
F0000000
10000020
2007362C
60000000
70000003
F0000000
10000040
2007562C
60000000
70000003
F0000000
10000060
2007762C
60000000
70000003
F0000000
10000080
2007962C
60000000
70000003
F0000000
100000A0
2007B62C
60000000
70000003
F0000000
100000C0
2007D62C
60000000
70000003
F0000000
100000E0
2007F62C
60000000
70000003
F0000000
10000100
2008162C
60000000
70000003
F0000000
10000120
2008362C
60000000
70000003
F0000000
10000140
2008562C
60000000
70000003
F0000000
10000160
2008762C
60000000
70000002
F0000000
80010060
A0000002
10000000
2007164C
60000001
70000001
F0000000
10000020
2007364C
60000000
70000003
F0000000
10000040
2007564C
60000000
70000003
F0000000
10000060
2007764C
60000000
70000003
F0000000
10000080
2007964C
60000000
70000003
F0000000
100000A0
2007B64C
60000000
70000003
F0000000
100000C0
2007D64C
60000000
70000003
F0000000
100000E0
2007F64C
60000000
70000003
F0000000
10000100
2008164C
60000000
70000003
F0000000
10000120
2008364C
60000000
70000003
F0000000
10000140
2008564C
60000000
70000003
F0000000
10000160
2008764C
60000000
70000002
F0000000
80010080
A0000002
10000000
2007166C
60000001
70000001
F0000000
10000020
2007366C
60000000
70000003
F0000000
10000040
2007566C
60000000
70000003
F0000000
10000060
2007766C
60000000
70000003
F0000000
10000080
2007966C
60000000
70000003
F0000000
100000A0
2007B66C
60000000
70000003
F0000000
100000C0
2007D66C
60000000
70000003
F0000000
100000E0
2007F66C
60000000
70000003
F0000000
10000100
2008166C
60000000
70000003
F0000000
10000120
2008366C
60000000
70000003
F0000000
10000140
2008566C
60000000
70000003
F0000000
10000160
2008766C
60000000
70000002
F0000000
800100A0
A0000002
10000000
2007168C
60000001
70000001
F0000000
10000020
2007368C
60000000
70000003
F0000000
10000040
2007568C
60000000
70000003
F0000000
10000060
2007768C
60000000
70000003
F0000000
10000080
2007968C
60000000
70000003
F0000000
100000A0
2007B68C
60000000
70000003
F0000000
100000C0
2007D68C
60000000
70000003
F0000000
100000E0
2007F68C
60000000
70000003
F0000000
10000100
2008168C
60000000
70000003
F0000000
10000120
2008368C
60000000
70000003
F0000000
10000140
2008568C
60000000
70000003
F0000000
10000160
2008768C
60000000
70000002
F0000000
800100C0
A0000002
10000000
200716AC
60000001
70000001
F0000000
10000020
200736AC
60000000
70000003
F0000000
10000040
200756AC
60000000
70000003
F0000000
10000060
200776AC
60000000
70000003
F0000000
10000080
200796AC
60000000
70000003
F0000000
100000A0
2007B6AC
60000000
70000003
F0000000
100000C0
2007D6AC
60000000
70000003
F0000000
100000E0
2007F6AC
60000000
70000003
F0000000
10000100
200816AC
60000000
70000003
F0000000
10000120
200836AC
60000000
70000003
F0000000
10000140
200856AC
60000000
70000003
F0000000
10000160
200876AC
60000000
70000002
F0000000
800100E0
A0000002
10000000
200716CC
60000001
70000001
F0000000
10000020
200736CC
60000000
70000003
F0000000
10000040
200756CC
60000000
70000003
F0000000
10000060
200776CC
60000000
70000003
F0000000
10000080
200796CC
60000000
70000003
F0000000
100000A0
2007B6CC
60000000
70000003
F0000000
100000C0
2007D6CC
60000000
70000003
F0000000
100000E0
2007F6CC
60000000
70000003
F0000000
10000100
200816CC
60000000
70000003
F0000000
10000120
200836CC
60000000
70000003
F0000000
10000140
200856CC
60000000
70000003
F0000000
10000160
200876CC
60000000
70000002
F0000000
E0000000
30000020
B1360492
80000000
A0000002
10010000
200775EC
60000001
70000001
F0000000
10010020
200785EC
60000000
70000003
F0000000
10010040
200795EC
60000000
70000003
F0000000
10010060
2007A5EC
60000000
70000003
F0000000
10010080
2007B5EC
60000000
70000003
F0000000
100100A0
2007C5EC
60000000
70000003
F0000000
100100C0
2007D5EC
60000000
70000003
F0000000
100100E0
2007E5EC
60000000
70000003
F0000000
10010100
2007F5EC
60000000
70000003
F0000000
10010120
200805EC
60000000
70000003
F0000000
10010140
200815EC
60000000
70000003
F0000000
10010160
200825EC
60000000
70000003
F0000000
10010180
200835EC
60000000
70000003
F0000000
100101A0
200845EC
60000000
70000003
F0000000
100101C0
200855EC
60000000
70000003
F0000000
100101E0
200865EC
60000000
70000003
F0000000
10010200
200875EC
60000000
70000003
F0000000
10010220
200885EC
60000000
70000003
F0000000
10010240
200895EC
60000000
70000003
F0000000
10010260
2008A5EC
60000000
70000003
F0000000
10010280
2008B5EC
60000000
70000003
F0000000
100102A0
2008C5EC
60000000
70000003
F0000000
100102C0
2008D5EC
60000000
70000003
F0000000
100102E0
2008E5EC
60000000
70000003
F0000000
10010300
2008F5EC
60000000
70000003
F0000000
10010320
200905EC
60000000
70000003
F0000000
10010340
200915EC
60000000
70000003
F0000000
10010360
200925EC
60000000
70000003
F0000000
10010380
200935EC
60000000
70000003
F0000000
100103A0
200945EC
60000000
70000003
F0000000
100103C0
200955EC
60000000
70000003
F0000000
100103E0
200965EC
60000000
70000003
F0000000
10010400
200975EC
60000000
70000003
F0000000
10010420
200985EC
60000000
70000003
F0000000
10010440
200995EC
60000000
70000003
F0000000
10010460
2009A5EC
60000000
70000002
F0000000
80000020
A0000002
10010000
2007760C
60000001
70000001
F0000000
10010020
2007860C
60000000
70000003
F0000000
10010040
2007960C
60000000
70000003
F0000000
10010060
2007A60C
60000000
70000003
F0000000
10010080
2007B60C
60000000
70000003
F0000000
100100A0
2007C60C
60000000
70000003
F0000000
100100C0
2007D60C
60000000
70000003
F0000000
100100E0
2007E60C
60000000
70000003
F0000000
10010100
2007F60C
60000000
70000003
F0000000
10010120
2008060C
60000000
70000003
F0000000
10010140
2008160C
60000000
70000003
F0000000
10010160
2008260C
60000000
70000003
F0000000
10010180
2008360C
60000000
70000003
F0000000
100101A0
2008460C
60000000
70000003
F0000000
100101C0
2008560C
60000000
70000003
F0000000
100101E0
2008660C
60000000
70000003
F0000000
10010200
2008760C
60000000
70000003
F0000000
10010220
2008860C
60000000
70000003
F0000000
10010240
2008960C
60000000
70000003
F0000000
10010260
2008A60C
60000000
70000003
F0000000
10010280
2008B60C
60000000
70000003
F0000000
100102A0
2008C60C
60000000
70000003
F0000000
100102C0
2008D60C
60000000
70000003
F0000000
100102E0
2008E60C
60000000
70000003
F0000000
10010300
2008F60C
60000000
70000003
F0000000
10010320
2009060C
60000000
70000003
F0000000
10010340
2009160C
60000000
70000003
F0000000
10010360
2009260C
60000000
70000003
F0000000
10010380
2009360C
60000000
70000003
F0000000
100103A0
2009460C
60000000
70000003
F0000000
100103C0
2009560C
60000000
70000003
F0000000
100103E0
2009660C
60000000
70000003
F0000000
10010400
2009760C
60000000
70000003
F0000000
10010420
2009860C
60000000
70000003
F0000000
10010440
2009960C
60000000
70000003
F0000000
10010460
2009A60C
60000000
70000002
F0000000
80000040
A0000002
10010000
2007762C
60000001
70000001
F0000000
10010020
2007862C
60000000
70000003
F0000000
10010040
2007962C
60000000
70000003
F0000000
10010060
2007A62C
60000000
70000003
F0000000
10010080
2007B62C
60000000
70000003
F0000000
100100A0
2007C62C
60000000
70000003
F0000000
100100C0
2007D62C
60000000
70000003
F0000000
100100E0
2007E62C
60000000
70000003
F0000000
10010100
2007F62C
60000000
70000003
F0000000
10010120
2008062C
60000000
70000003
F0000000
10010140
2008162C
60000000
70000003
F0000000
10010160
2008262C
60000000
70000003
F0000000
10010180
2008362C
60000000
70000003
F0000000
100101A0
2008462C
60000000
70000003
F0000000
100101C0
2008562C
60000000
70000003
F0000000
100101E0
2008662C
60000000
70000003
F0000000
10010200
2008762C
60000000
70000003
F0000000
10010220
2008862C
60000000
70000003
F0000000
10010240
2008962C
60000000
70000003
F0000000
10010260
2008A62C
60000000
70000003
F0000000
10010280
2008B62C
60000000
70000003
F0000000
100102A0
2008C62C
60000000
70000003
F0000000
100102C0
2008D62C
60000000
70000003
F0000000
100102E0
2008E62C
60000000
70000003
F0000000
10010300
2008F62C
60000000
70000003
F0000000
10010320
2009062C
60000000
70000003
F0000000
10010340
2009162C
60000000
70000003
F0000000
10010360
2009262C
60000000
70000003
F0000000
10010380
2009362C
60000000
70000003
F0000000
100103A0
2009462C
60000000
70000003
F0000000
100103C0
2009562C
60000000
70000003
F0000000
100103E0
2009662C
60000000
70000003
F0000000
10010400
2009762C
60000000
70000003
F0000000
10010420
2009862C
60000000
70000003
F0000000
10010440
2009962C
60000000
70000003
F0000000
10010460
2009A62C
60000000
70000002
F0000000
80000060
A0000002
10010000
2007764C
60000001
70000001
F0000000
10010020
2007864C
60000000
70000003
F0000000
10010040
2007964C
60000000
70000003
F0000000
10010060
2007A64C
60000000
70000003
F0000000
10010080
2007B64C
60000000
70000003
F0000000
100100A0
2007C64C
60000000
70000003
F0000000
100100C0
2007D64C
60000000
70000003
F0000000
100100E0
2007E64C
60000000
70000003
F0000000
10010100
2007F64C
60000000
70000003
F0000000
10010120
2008064C
60000000
70000003
F0000000
10010140
2008164C
60000000
70000003
F0000000
10010160
2008264C
60000000
70000003
F0000000
10010180
2008364C
60000000
70000003
F0000000
100101A0
2008464C
60000000
70000003
F0000000
100101C0
2008564C
60000000
70000003
F0000000
100101E0
2008664C
60000000
70000003
F0000000
10010200
2008764C
60000000
70000003
F0000000
10010220
2008864C
60000000
70000003
F0000000
10010240
2008964C
60000000
70000003
F0000000
10010260
2008A64C
60000000
70000003
F0000000
10010280
2008B64C
60000000
70000003
F0000000
100102A0
2008C64C
60000000
70000003
F0000000
100102C0
2008D64C
60000000
70000003
F0000000
100102E0
2008E64C
60000000
70000003
F0000000
10010300
2008F64C
60000000
70000003
F0000000
10010320
2009064C
60000000
70000003
F0000000
10010340
2009164C
60000000
70000003
F0000000
10010360
2009264C
60000000
70000003
F0000000
10010380
2009364C
60000000
70000003
F0000000
100103A0
2009464C
60000000
70000003
F0000000
100103C0
2009564C
60000000
70000003
F0000000
100103E0
2009664C
60000000
70000003
F0000000
10010400
2009764C
60000000
70000003
F0000000
10010420
2009864C
60000000
70000003
F0000000
10010440
2009964C
60000000
70000003
F0000000
10010460
2009A64C
60000000
70000002
F0000000
E0000000
30000020
B13D0816
80010000
A0000002
10000000
200805EC
60000001
70000001
F0000000
10000020
200815EC
60000000
70000003
F0000000
10000040
200825EC
60000000
70000003
F0000000
10000060
200835EC
60000000
70000003
F0000000
10000080
200845EC
60000000
70000003
F0000000
100000A0
200855EC
60000000
70000003
F0000000
100000C0
200865EC
60000000
70000003
F0000000
100000E0
200875EC
60000000
70000003
F0000000
10000100
200885EC
60000000
70000003
F0000000
10000120
200895EC
60000000
70000003
F0000000
10000140
2008A5EC
60000000
70000003
F0000000
10000160
2008B5EC
60000000
70000003
F0000000
10000180
2008C5EC
60000000
70000003
F0000000
100001A0
2008D5EC
60000000
70000003
F0000000
100001C0
2008E5EC
60000000
70000003
F0000000
100001E0
2008F5EC
60000000
70000003
F0000000
10000200
200905EC
60000000
70000003
F0000000
10000220
200915EC
60000000
70000003
F0000000
10000240
200925EC
60000000
70000003
F0000000
10000260
200935EC
60000000
70000003
F0000000
10000280
200945EC
60000000
70000003
F0000000
100002A0
200955EC
60000000
70000003
F0000000
100002C0
200965EC
60000000
70000003
F0000000
100002E0
200975EC
60000000
70000003
F0000000
10000300
200985EC
60000000
70000003
F0000000
10000320
200995EC
60000000
70000003
F0000000
10000340
2009A5EC
60000000
70000003
F0000000
10000360
2009B5EC
60000000
70000003
F0000000
10000380
2009C5EC
60000000
70000003
F0000000
100003A0
2009D5EC
60000000
70000003
F0000000
100003C0
2009E5EC
60000000
70000003
F0000000
100003E0
2009F5EC
60000000
70000003
F0000000
10000400
200A05EC
60000000
70000003
F0000000
10000420
200A15EC
60000000
70000003
F0000000
10000440
200A25EC
60000000
70000003
F0000000
10000460
200A35EC
60000000
70000002
F0000000
80010020
A0000002
10000000
2008060C
60000001
70000001
F0000000
10000020
2008160C
60000000
70000003
F0000000
10000040
2008260C
60000000
70000003
F0000000
10000060
2008360C
60000000
70000003
F0000000
10000080
2008460C
60000000
70000003
F0000000
100000A0
2008560C
60000000
70000003
F0000000
100000C0
2008660C
60000000
70000003
F0000000
100000E0
2008760C
60000000
70000003
F0000000
10000100
2008860C
60000000
70000003
F0000000
10000120
2008960C
60000000
70000003
F0000000
10000140
2008A60C
60000000
70000003
F0000000
10000160
2008B60C
60000000
70000003
F0000000
10000180
2008C60C
60000000
70000003
F0000000
100001A0
2008D60C
60000000
70000003
F0000000
100001C0
2008E60C
60000000
70000003
F0000000
100001E0
2008F60C
60000000
70000003
F0000000
10000200
2009060C
60000000
70000003
F0000000
10000220
2009160C
60000000
70000003
F0000000
10000240
2009260C
60000000
70000003
F0000000
10000260
2009360C
60000000
70000003
F0000000
10000280
2009460C
60000000
70000003
F0000000
100002A0
2009560C
60000000
70000003
F0000000
100002C0
2009660C
60000000
70000003
F0000000
100002E0
2009760C
60000000
70000003
F0000000
10000300
2009860C
60000000
70000003
F0000000
10000320
2009960C
60000000
70000003
F0000000
10000340
2009A60C
60000000
70000003
F0000000
10000360
2009B60C
60000000
70000003
F0000000
10000380
2009C60C
60000000
70000003
F0000000
100003A0
2009D60C
60000000
70000003
F0000000
100003C0
2009E60C
60000000
70000003
F0000000
100003E0
2009F60C
60000000
70000003
F0000000
10000400
200A060C
60000000
70000003
F0000000
10000420
200A160C
60000000
70000003
F0000000
10000440
200A260C
60000000
70000003
F0000000
10000460
200A360C
60000000
70000002
F0000000
80010040
A0000002
10000000
2008062C
60000001
70000001
F0000000
10000020
2008162C
60000000
70000003
F0000000
10000040
2008262C
60000000
70000003
F0000000
10000060
2008362C
60000000
70000003
F0000000
10000080
2008462C
60000000
70000003
F0000000
100000A0
2008562C
60000000
70000003
F0000000
100000C0
2008662C
60000000
70000003
F0000000
100000E0
2008762C
60000000
70000003
F0000000
10000100
2008862C
60000000
70000003
F0000000
10000120
2008962C
60000000
70000003
F0000000
10000140
2008A62C
60000000
70000003
F0000000
10000160
2008B62C
60000000
70000003
F0000000
10000180
2008C62C
60000000
70000003
F0000000
100001A0
2008D62C
60000000
70000003
F0000000
100001C0
2008E62C
60000000
70000003
F0000000
100001E0
2008F62C
60000000
70000003
F0000000
10000200
2009062C
60000000
70000003
F0000000
10000220
2009162C
60000000
70000003
F0000000
10000240
2009262C
60000000
70000003
F0000000
10000260
2009362C
60000000
70000003
F0000000
10000280
2009462C
60000000
70000003
F0000000
100002A0
2009562C
60000000
70000003
F0000000
100002C0
2009662C
60000000
70000003
F0000000
100002E0
2009762C
60000000
70000003
F0000000
10000300
2009862C
60000000
70000003
F0000000
10000320
2009962C
60000000
70000003
F0000000
10000340
2009A62C
60000000
70000003
F0000000
10000360
2009B62C
60000000
70000003
F0000000
10000380
2009C62C
60000000
70000003
F0000000
100003A0
2009D62C
60000000
70000003
F0000000
100003C0
2009E62C
60000000
70000003
F0000000
100003E0
2009F62C
60000000
70000003
F0000000
10000400
200A062C
60000000
70000003
F0000000
10000420
200A162C
60000000
70000003
F0000000
10000440
200A262C
60000000
70000003
F0000000
10000460
200A362C
60000000
70000002
F0000000
80010060
A0000002
10000000
2008064C
60000001
70000001
F0000000
10000020
2008164C
60000000
70000003
F0000000
10000040
2008264C
60000000
70000003
F0000000
10000060
2008364C
60000000
70000003
F0000000
10000080
2008464C
60000000
70000003
F0000000
100000A0
2008564C
60000000
70000003
F0000000
100000C0
2008664C
60000000
70000003
F0000000
100000E0
2008764C
60000000
70000003
F0000000
10000100
2008864C
60000000
70000003
F0000000
10000120
2008964C
60000000
70000003
F0000000
10000140
2008A64C
60000000
70000003
F0000000
10000160
2008B64C
60000000
70000003
F0000000
10000180
2008C64C
60000000
70000003
F0000000
100001A0
2008D64C
60000000
70000003
F0000000
100001C0
2008E64C
60000000
70000003
F0000000
100001E0
2008F64C
60000000
70000003
F0000000
10000200
2009064C
60000000
70000003
F0000000
10000220
2009164C
60000000
70000003
F0000000
10000240
2009264C
60000000
70000003
F0000000
10000260
2009364C
60000000
70000003
F0000000
10000280
2009464C
60000000
70000003
F0000000
100002A0
2009564C
60000000
70000003
F0000000
100002C0
2009664C
60000000
70000003
F0000000
100002E0
2009764C
60000000
70000003
F0000000
10000300
2009864C
60000000
70000003
F0000000
10000320
2009964C
60000000
70000003
F0000000
10000340
2009A64C
60000000
70000003
F0000000
10000360
2009B64C
60000000
70000003
F0000000
10000380
2009C64C
60000000
70000003
F0000000
100003A0
2009D64C
60000000
70000003
F0000000
100003C0
2009E64C
60000000
70000003
F0000000
100003E0
2009F64C
60000000
70000003
F0000000
10000400
200A064C
60000000
70000003
F0000000
10000420
200A164C
60000000
70000003
F0000000
10000440
200A264C
60000000
70000003
F0000000
10000460
200A364C
60000000
70000002
F0000000
E0000000
30000020
B05EF886
80000000
A0000002
10010000
200895EC
60000001
70000001
F0000000
10010020
20089DEC
60000000
70000003
F0000000
10010040
2008A5EC
60000000
70000003
F0000000
10010060
2008ADEC
60000000
70000003
F0000000
10010080
2008B5EC
60000000
70000003
F0000000
100100A0
2008BDEC
60000000
70000003
F0000000
100100C0
2008C5EC
60000000
70000003
F0000000
100100E0
2008CDEC
60000000
70000003
F0000000
10010100
2008D5EC
60000000
70000003
F0000000
10010120
2008DDEC
60000000
70000003
F0000000
10010140
2008E5EC
60000000
70000003
F0000000
10010160
2008EDEC
60000000
70000003
F0000000
10010180
2008F5EC
60000000
70000003
F0000000
100101A0
2008FDEC
60000000
70000003
F0000000
100101C0
200905EC
60000000
70000003
F0000000
100101E0
20090DEC
60000000
70000003
F0000000
10010200
200915EC
60000000
70000003
F0000000
10010220
20091DEC
60000000
70000002
F0000000
80000020
A0000002
10010000
2008960C
60000001
70000001
F0000000
10010020
20089E0C
60000000
70000003
F0000000
10010040
2008A60C
60000000
70000003
F0000000
10010060
2008AE0C
60000000
70000003
F0000000
10010080
2008B60C
60000000
70000003
F0000000
100100A0
2008BE0C
60000000
70000003
F0000000
100100C0
2008C60C
60000000
70000003
F0000000
100100E0
2008CE0C
60000000
70000003
F0000000
10010100
2008D60C
60000000
70000003
F0000000
10010120
2008DE0C
60000000
70000003
F0000000
10010140
2008E60C
60000000
70000003
F0000000
10010160
2008EE0C
60000000
70000003
F0000000
10010180
2008F60C
60000000
70000003
F0000000
100101A0
2008FE0C
60000000
70000003
F0000000
100101C0
2009060C
60000000
70000003
F0000000
100101E0
20090E0C
60000000
70000003
F0000000
10010200
2009160C
60000000
70000003
F0000000
10010220
20091E0C
60000000
70000002
F0000000
E0000000
30000020
B05ACD7D
80010000
A0000002
10000000
2008B9EC
60000001
70000001
F0000000
10000020
2008C1EC
60000000
70000003
F0000000
10000040
2008C9EC
60000000
70000003
F0000000
10000060
2008D1EC
60000000
70000003
F0000000
10000080
2008D9EC
60000000
70000003
F0000000
100000A0
2008E1EC
60000000
70000003
F0000000
100000C0
2008E9EC
60000000
70000003
F0000000
100000E0
2008F1EC
60000000
70000003
F0000000
10000100
2008F9EC
60000000
70000003
F0000000
10000120
200901EC
60000000
70000003
F0000000
10000140
200909EC
60000000
70000003
F0000000
10000160
200911EC
60000000
70000003
F0000000
10000180
200919EC
60000000
70000003
F0000000
100001A0
200921EC
60000000
70000003
F0000000
100001C0
200929EC
60000000
70000003
F0000000
100001E0
200931EC
60000000
70000003
F0000000
10000200
200939EC
60000000
70000003
F0000000
10000220
200941EC
60000000
70000002
F0000000
80010020
A0000002
10000000
2008BA0C
60000001
70000001
F0000000
10000020
2008C20C
60000000
70000003
F0000000
10000040
2008CA0C
60000000
70000003
F0000000
10000060
2008D20C
60000000
70000003
F0000000
10000080
2008DA0C
60000000
70000003
F0000000
100000A0
2008E20C
60000000
70000003
F0000000
100000C0
2008EA0C
60000000
70000003
F0000000
100000E0
2008F20C
60000000
70000003
F0000000
10000100
2008FA0C
60000000
70000003
F0000000
10000120
2009020C
60000000
70000003
F0000000
10000140
20090A0C
60000000
70000003
F0000000
10000160
2009120C
60000000
70000003
F0000000
10000180
20091A0C
60000000
70000003
F0000000
100001A0
2009220C
60000000
70000003
F0000000
100001C0
20092A0C
60000000
70000003
F0000000
100001E0
2009320C
60000000
70000003
F0000000
10000200
20093A0C
60000000
70000003
F0000000
10000220
2009420C
60000000
70000002
F0000000
E0000000
30000020
B0D3FBCE
80000000
A0000002
10010000
2008DDEC
60000001
70000001
F0000000
10010020
2008E5EC
60000000
70000003
F0000000
10010040
2008EDEC
60000000
70000003
F0000000
10010060
2008F5EC
60000000
70000003
F0000000
10010080
2008FDEC
60000000
70000003
F0000000
100100A0
200905EC
60000000
70000003
F0000000
100100C0
20090DEC
60000000
70000003
F0000000
100100E0
200915EC
60000000
70000003
F0000000
10010100
20091DEC
60000000
70000003
F0000000
10010120
200925EC
60000000
70000003
F0000000
10010140
20092DEC
60000000
70000003
F0000000
10010160
200935EC
60000000
70000003
F0000000
10010180
20093DEC
60000000
70000003
F0000000
100101A0
200945EC
60000000
70000003
F0000000
100101C0
20094DEC
60000000
70000003
F0000000
100101E0
200955EC
60000000
70000003
F0000000
10010200
20095DEC
60000000
70000003
F0000000
10010220
200965EC
60000000
70000003
F0000000
10010240
20096DEC
60000000
70000003
F0000000
10010260
200975EC
60000000
70000003
F0000000
10010280
20097DEC
60000000
70000003
F0000000
100102A0
200985EC
60000000
70000003
F0000000
100102C0
20098DEC
60000000
70000003
F0000000
100102E0
200995EC
60000000
70000003
F0000000
10010300
20099DEC
60000000
70000003
F0000000
10010320
2009A5EC
60000000
70000003
F0000000
10010340
2009ADEC
60000000
70000003
F0000000
10010360
2009B5EC
60000000
70000003
F0000000
10010380
2009BDEC
60000000
70000003
F0000000
100103A0
2009C5EC
60000000
70000003
F0000000
100103C0
2009CDEC
60000000
70000003
F0000000
100103E0
2009D5EC
60000000
70000003
F0000000
10010400
2009DDEC
60000000
70000003
F0000000
10010420
2009E5EC
60000000
70000003
F0000000
10010440
2009EDEC
60000000
70000003
F0000000
10010460
2009F5EC
60000000
70000002
F0000000
80000020
A0000002
10010000
2008DE0C
60000001
70000001
F0000000
10010020
2008E60C
60000000
70000003
F0000000
10010040
2008EE0C
60000000
70000003
F0000000
10010060
2008F60C
60000000
70000003
F0000000
10010080
2008FE0C
60000000
70000003
F0000000
100100A0
2009060C
60000000
70000003
F0000000
100100C0
20090E0C
60000000
70000003
F0000000
100100E0
2009160C
60000000
70000003
F0000000
10010100
20091E0C
60000000
70000003
F0000000
10010120
2009260C
60000000
70000003
F0000000
10010140
20092E0C
60000000
70000003
F0000000
10010160
2009360C
60000000
70000003
F0000000
10010180
20093E0C
60000000
70000003
F0000000
100101A0
2009460C
60000000
70000003
F0000000
100101C0
20094E0C
60000000
70000003
F0000000
100101E0
2009560C
60000000
70000003
F0000000
10010200
20095E0C
60000000
70000003
F0000000
10010220
2009660C
60000000
70000003
F0000000
10010240
20096E0C
60000000
70000003
F0000000
10010260
2009760C
60000000
70000003
F0000000
10010280
20097E0C
60000000
70000003
F0000000
100102A0
2009860C
60000000
70000003
F0000000
100102C0
20098E0C
60000000
70000003
F0000000
100102E0
2009960C
60000000
70000003
F0000000
10010300
20099E0C
60000000
70000003
F0000000
10010320
2009A60C
60000000
70000003
F0000000
10010340
2009AE0C
60000000
70000003
F0000000
10010360
2009B60C
60000000
70000003
F0000000
10010380
2009BE0C
60000000
70000003
F0000000
100103A0
2009C60C
60000000
70000003
F0000000
100103C0
2009CE0C
60000000
70000003
F0000000
100103E0
2009D60C
60000000
70000003
F0000000
10010400
2009DE0C
60000000
70000003
F0000000
10010420
2009E60C
60000000
70000003
F0000000
10010440
2009EE0C
60000000
70000003
F0000000
10010460
2009F60C
60000000
70000002
F0000000
E0000000
30000020
B084FE55
80010000
A0000002
10000000
200925EC
60000001
70000001
F0000000
10000020
20092DEC
60000000
70000003
F0000000
10000040
200935EC
60000000
70000003
F0000000
10000060
20093DEC
60000000
70000003
F0000000
10000080
200945EC
60000000
70000003
F0000000
100000A0
20094DEC
60000000
70000003
F0000000
100000C0
200955EC
60000000
70000003
F0000000
100000E0
20095DEC
60000000
70000003
F0000000
10000100
200965EC
60000000
70000003
F0000000
10000120
20096DEC
60000000
70000003
F0000000
10000140
200975EC
60000000
70000003
F0000000
10000160
20097DEC
60000000
70000003
F0000000
10000180
200985EC
60000000
70000003
F0000000
100001A0
20098DEC
60000000
70000003
F0000000
100001C0
200995EC
60000000
70000003
F0000000
100001E0
20099DEC
60000000
70000003
F0000000
10000200
2009A5EC
60000000
70000003
F0000000
10000220
2009ADEC
60000000
70000002
F0000000
80010020
A0000002
10000000
2009260C
60000001
70000001
F0000000
10000020
20092E0C
60000000
70000003
F0000000
10000040
2009360C
60000000
70000003
F0000000
10000060
20093E0C
60000000
70000003
F0000000
10000080
2009460C
60000000
70000003
F0000000
100000A0
20094E0C
60000000
70000003
F0000000
100000C0
2009560C
60000000
70000003
F0000000
100000E0
20095E0C
60000000
70000003
F0000000
10000100
2009660C
60000000
70000003
F0000000
10000120
20096E0C
60000000
70000003
F0000000
10000140
2009760C
60000000
70000003
F0000000
10000160
20097E0C
60000000
70000003
F0000000
10000180
2009860C
60000000
70000003
F0000000
100001A0
20098E0C
60000000
70000003
F0000000
100001C0
2009960C
60000000
70000003
F0000000
100001E0
20099E0C
60000000
70000003
F0000000
10000200
2009A60C
60000000
70000003
F0000000
10000220
2009AE0C
60000000
70000002
F0000000
E0000000
30000020
B2C56FA0
80000000
A0000002
10010000
200949EC
60000001
70000001
F0000000
10010020
200951EC
60000000
70000003
F0000000
10010040
200959EC
60000000
70000003
F0000000
10010060
200961EC
60000000
70000003
F0000000
10010080
200969EC
60000000
70000003
F0000000
100100A0
200971EC
60000000
70000003
F0000000
100100C0
200979EC
60000000
70000003
F0000000
100100E0
200981EC
60000000
70000003
F0000000
10010100
200989EC
60000000
70000003
F0000000
10010120
200991EC
60000000
70000003
F0000000
10010140
200999EC
60000000
70000003
F0000000
10010160
2009A1EC
60000000
70000003
F0000000
10010180
2009A9EC
60000000
70000003
F0000000
100101A0
2009B1EC
60000000
70000003
F0000000
100101C0
2009B9EC
60000000
70000003
F0000000
100101E0
2009C1EC
60000000
70000003
F0000000
10010200
2009C9EC
60000000
70000003
F0000000
10010220
2009D1EC
60000000
70000003
F0000000
10010240
2009D9EC
60000000
70000003
F0000000
10010260
2009E1EC
60000000
70000003
F0000000
10010280
2009E9EC
60000000
70000003
F0000000
100102A0
2009F1EC
60000000
70000003
F0000000
100102C0
2009F9EC
60000000
70000003
F0000000
100102E0
200A01EC
60000000
70000003
F0000000
10010300
200A09EC
60000000
70000003
F0000000
10010320
200A11EC
60000000
70000003
F0000000
10010340
200A19EC
60000000
70000003
F0000000
10010360
200A21EC
60000000
70000003
F0000000
10010380
200A29EC
60000000
70000003
F0000000
100103A0
200A31EC
60000000
70000003
F0000000
100103C0
200A39EC
60000000
70000003
F0000000
100103E0
200A41EC
60000000
70000003
F0000000
10010400
200A49EC
60000000
70000003
F0000000
10010420
200A51EC
60000000
70000003
F0000000
10010440
200A59EC
60000000
70000003
F0000000
10010460
200A61EC
60000000
70000003
F0000000
10010480
200A69EC
60000000
70000003
F0000000
100104A0
200A71EC
60000000
70000003
F0000000
100104C0
200A79EC
60000000
70000003
F0000000
100104E0
200A81EC
60000000
70000003
F0000000
10010500
200A89EC
60000000
70000003
F0000000
10010520
200A91EC
60000000
70000003
F0000000
10010540
200A99EC
60000000
70000003
F0000000
10010560
200AA1EC
60000000
70000003
F0000000
10010580
200AA9EC
60000000
70000003
F0000000
100105A0
200AB1EC
60000000
70000003
F0000000
100105C0
200AB9EC
60000000
70000003
F0000000
100105E0
200AC1EC
60000000
70000003
F0000000
10010600
200AC9EC
60000000
70000003
F0000000
10010620
200AD1EC
60000000
70000003
F0000000
10010640
200AD9EC
60000000
70000003
F0000000
10010660
200AE1EC
60000000
70000003
F0000000
10010680
200AE9EC
60000000
70000003
F0000000
100106A0
200AF1EC
60000000
70000003
F0000000
100106C0
200AF9EC
60000000
70000003
F0000000
100106E0
200B01EC
60000000
70000003
F0000000
10010700
200B09EC
60000000
70000003
F0000000
10010720
200B11EC
60000000
70000003
F0000000
10010740
200B19EC
60000000
70000003
F0000000
10010760
200B21EC
60000000
70000003
F0000000
10010780
200B29EC
60000000
70000003
F0000000
100107A0
200B31EC
60000000
70000003
F0000000
100107C0
200B39EC
60000000
70000003
F0000000
100107E0
200B41EC
60000000
70000003
F0000000
10010800
200B49EC
60000000
70000003
F0000000
10010820
200B51EC
60000000
70000003
F0000000
10010840
200B59EC
60000000
70000003
F0000000
10010860
200B61EC
60000000
70000003
F0000000
10010880
200B69EC
60000000
70000003
F0000000
100108A0
200B71EC
60000000
70000003
F0000000
100108C0
200B79EC
60000000
70000003
F0000000
100108E0
200B81EC
60000000
70000002
F0000000
80000020
A0000002
10010000
20094A0C
60000001
70000001
F0000000
10010020
2009520C
60000000
70000003
F0000000
10010040
20095A0C
60000000
70000003
F0000000
10010060
2009620C
60000000
70000003
F0000000
10010080
20096A0C
60000000
70000003
F0000000
100100A0
2009720C
60000000
70000003
F0000000
100100C0
20097A0C
60000000
70000003
F0000000
100100E0
2009820C
60000000
70000003
F0000000
10010100
20098A0C
60000000
70000003
F0000000
10010120
2009920C
60000000
70000003
F0000000
10010140
20099A0C
60000000
70000003
F0000000
10010160
2009A20C
60000000
70000003
F0000000
10010180
2009AA0C
60000000
70000003
F0000000
100101A0
2009B20C
60000000
70000003
F0000000
100101C0
2009BA0C
60000000
70000003
F0000000
100101E0
2009C20C
60000000
70000003
F0000000
10010200
2009CA0C
60000000
70000003
F0000000
10010220
2009D20C
60000000
70000003
F0000000
10010240
2009DA0C
60000000
70000003
F0000000
10010260
2009E20C
60000000
70000003
F0000000
10010280
2009EA0C
60000000
70000003
F0000000
100102A0
2009F20C
60000000
70000003
F0000000
100102C0
2009FA0C
60000000
70000003
F0000000
100102E0
200A020C
60000000
70000003
F0000000
10010300
200A0A0C
60000000
70000003
F0000000
10010320
200A120C
60000000
70000003
F0000000
10010340
200A1A0C
60000000
70000003
F0000000
10010360
200A220C
60000000
70000003
F0000000
10010380
200A2A0C
60000000
70000003
F0000000
100103A0
200A320C
60000000
70000003
F0000000
100103C0
200A3A0C
60000000
70000003
F0000000
100103E0
200A420C
60000000
70000003
F0000000
10010400
200A4A0C
60000000
70000003
F0000000
10010420
200A520C
60000000
70000003
F0000000
10010440
200A5A0C
60000000
70000003
F0000000
10010460
200A620C
60000000
70000003
F0000000
10010480
200A6A0C
60000000
70000003
F0000000
100104A0
200A720C
60000000
70000003
F0000000
100104C0
200A7A0C
60000000
70000003
F0000000
100104E0
200A820C
60000000
70000003
F0000000
10010500
200A8A0C
60000000
70000003
F0000000
10010520
200A920C
60000000
70000003
F0000000
10010540
200A9A0C
60000000
70000003
F0000000
10010560
200AA20C
60000000
70000003
F0000000
10010580
200AAA0C
60000000
70000003
F0000000
100105A0
200AB20C
60000000
70000003
F0000000
100105C0
200ABA0C
60000000
70000003
F0000000
100105E0
200AC20C
60000000
70000003
F0000000
10010600
200ACA0C
60000000
70000003
F0000000
10010620
200AD20C
60000000
70000003
F0000000
10010640
200ADA0C
60000000
70000003
F0000000
10010660
200AE20C
60000000
70000003
F0000000
10010680
200AEA0C
60000000
70000003
F0000000
100106A0
200AF20C
60000000
70000003
F0000000
100106C0
200AFA0C
60000000
70000003
F0000000
100106E0
200B020C
60000000
70000003
F0000000
10010700
200B0A0C
60000000
70000003
F0000000
10010720
200B120C
60000000
70000003
F0000000
10010740
200B1A0C
60000000
70000003
F0000000
10010760
200B220C
60000000
70000003
F0000000
10010780
200B2A0C
60000000
70000003
F0000000
100107A0
200B320C
60000000
70000003
F0000000
100107C0
200B3A0C
60000000
70000003
F0000000
100107E0
200B420C
60000000
70000003
F0000000
10010800
200B4A0C
60000000
70000003
F0000000
10010820
200B520C
60000000
70000003
F0000000
10010840
200B5A0C
60000000
70000003
F0000000
10010860
200B620C
60000000
70000003
F0000000
10010880
200B6A0C
60000000
70000003
F0000000
100108A0
200B720C
60000000
70000003
F0000000
100108C0
200B7A0C
60000000
70000003
F0000000
100108E0
200B820C
60000000
70000002
F0000000
E0000000
30000020
B09A4B71
80010000
A0000002
10000000
2009D9EC
60000001
70000001
F0000000
10000020
2009E1EC
60000000
70000003
F0000000
10000040
2009E9EC
60000000
70000003
F0000000
10000060
2009F1EC
60000000
70000003
F0000000
10000080
2009F9EC
60000000
70000003
F0000000
100000A0
200A01EC
60000000
70000003
F0000000
100000C0
200A09EC
60000000
70000003
F0000000
100000E0
200A11EC
60000000
70000003
F0000000
10000100
200A19EC
60000000
70000003
F0000000
10000120
200A21EC
60000000
70000003
F0000000
10000140
200A29EC
60000000
70000003
F0000000
10000160
200A31EC
60000000
70000003
F0000000
10000180
200A39EC
60000000
70000003
F0000000
100001A0
200A41EC
60000000
70000003
F0000000
100001C0
200A49EC
60000000
70000003
F0000000
100001E0
200A51EC
60000000
70000003
F0000000
10000200
200A59EC
60000000
70000003
F0000000
10000220
200A61EC
60000000
70000002
F0000000
80010020
A0000002
10000000
2009DA0C
60000001
70000001
F0000000
10000020
2009E20C
60000000
70000003
F0000000
10000040
2009EA0C
60000000
70000003
F0000000
10000060
2009F20C
60000000
70000003
F0000000
10000080
2009FA0C
60000000
70000003
F0000000
100000A0
200A020C
60000000
70000003
F0000000
100000C0
200A0A0C
60000000
70000003
F0000000
100000E0
200A120C
60000000
70000003
F0000000
10000100
200A1A0C
60000000
70000003
F0000000
10000120
200A220C
60000000
70000003
F0000000
10000140
200A2A0C
60000000
70000003
F0000000
10000160
200A320C
60000000
70000003
F0000000
10000180
200A3A0C
60000000
70000003
F0000000
100001A0
200A420C
60000000
70000003
F0000000
100001C0
200A4A0C
60000000
70000003
F0000000
100001E0
200A520C
60000000
70000003
F0000000
10000200
200A5A0C
60000000
70000003
F0000000
10000220
200A620C
60000000
70000002
F0000000
E0000000
30000020
B0508252
80000000
A0000002
10010000
2009FDEC
60000001
70000001
F0000000
10010020
200A05EC
60000000
70000003
F0000000
10010040
200A0DEC
60000000
70000003
F0000000
10010060
200A15EC
60000000
70000003
F0000000
10010080
200A1DEC
60000000
70000003
F0000000
100100A0
200A25EC
60000000
70000003
F0000000
100100C0
200A2DEC
60000000
70000003
F0000000
100100E0
200A35EC
60000000
70000003
F0000000
10010100
200A3DEC
60000000
70000003
F0000000
10010120
200A45EC
60000000
70000003
F0000000
10010140
200A4DEC
60000000
70000003
F0000000
10010160
200A55EC
60000000
70000003
F0000000
10010180
200A5DEC
60000000
70000003
F0000000
100101A0
200A65EC
60000000
70000003
F0000000
100101C0
200A6DEC
60000000
70000003
F0000000
100101E0
200A75EC
60000000
70000003
F0000000
10010200
200A7DEC
60000000
70000003
F0000000
10010220
200A85EC
60000000
70000002
F0000000
80000020
A0000002
10010000
2009FE0C
60000001
70000001
F0000000
10010020
200A060C
60000000
70000003
F0000000
10010040
200A0E0C
60000000
70000003
F0000000
10010060
200A160C
60000000
70000003
F0000000
10010080
200A1E0C
60000000
70000003
F0000000
100100A0
200A260C
60000000
70000003
F0000000
100100C0
200A2E0C
60000000
70000003
F0000000
100100E0
200A360C
60000000
70000003
F0000000
10010100
200A3E0C
60000000
70000003
F0000000
10010120
200A460C
60000000
70000003
F0000000
10010140
200A4E0C
60000000
70000003
F0000000
10010160
200A560C
60000000
70000003
F0000000
10010180
200A5E0C
60000000
70000003
F0000000
100101A0
200A660C
60000000
70000003
F0000000
100101C0
200A6E0C
60000000
70000003
F0000000
100101E0
200A760C
60000000
70000003
F0000000
10010200
200A7E0C
60000000
70000003
F0000000
10010220
200A860C
60000000
70000002
F0000000
E0000000
30000020
B0531722
80010000
A0000002
10000000
200A21EC
60000001
70000001
F0000000
10000020
200A29EC
60000000
70000003
F0000000
10000040
200A31EC
60000000
70000003
F0000000
10000060
200A39EC
60000000
70000003
F0000000
10000080
200A41EC
60000000
70000003
F0000000
100000A0
200A49EC
60000000
70000003
F0000000
100000C0
200A51EC
60000000
70000003
F0000000
100000E0
200A59EC
60000000
70000003
F0000000
10000100
200A61EC
60000000
70000003
F0000000
10000120
200A69EC
60000000
70000003
F0000000
10000140
200A71EC
60000000
70000003
F0000000
10000160
200A79EC
60000000
70000003
F0000000
10000180
200A81EC
60000000
70000003
F0000000
100001A0
200A89EC
60000000
70000003
F0000000
100001C0
200A91EC
60000000
70000003
F0000000
100001E0
200A99EC
60000000
70000003
F0000000
10000200
200AA1EC
60000000
70000003
F0000000
10000220
200AA9EC
60000000
70000002
F0000000
80010020
A0000002
10000000
200A220C
60000001
70000001
F0000000
10000020
200A2A0C
60000000
70000003
F0000000
10000040
200A320C
60000000
70000003
F0000000
10000060
200A3A0C
60000000
70000003
F0000000
10000080
200A420C
60000000
70000003
F0000000
100000A0
200A4A0C
60000000
70000003
F0000000
100000C0
200A520C
60000000
70000003
F0000000
100000E0
200A5A0C
60000000
70000003
F0000000
10000100
200A620C
60000000
70000003
F0000000
10000120
200A6A0C
60000000
70000003
F0000000
10000140
200A720C
60000000
70000003
F0000000
10000160
200A7A0C
60000000
70000003
F0000000
10000180
200A820C
60000000
70000003
F0000000
100001A0
200A8A0C
60000000
70000003
F0000000
100001C0
200A920C
60000000
70000003
F0000000
100001E0
200A9A0C
60000000
70000003
F0000000
10000200
200AA20C
60000000
70000003
F0000000
10000220
200AAA0C
60000000
70000002
F0000000
E0000000
30000020
B081C914
80000000
A0000002
10010000
200A45EC
60000001
70000001
F0000000
10010020
200A4DEC
60000000
70000003
F0000000
10010040
200A55EC
60000000
70000003
F0000000
10010060
200A5DEC
60000000
70000003
F0000000
10010080
200A65EC
60000000
70000003
F0000000
100100A0
200A6DEC
60000000
70000003
F0000000
100100C0
200A75EC
60000000
70000003
F0000000
100100E0
200A7DEC
60000000
70000003
F0000000
10010100
200A85EC
60000000
70000003
F0000000
10010120
200A8DEC
60000000
70000003
F0000000
10010140
200A95EC
60000000
70000003
F0000000
10010160
200A9DEC
60000000
70000003
F0000000
10010180
200AA5EC
60000000
70000003
F0000000
100101A0
200AADEC
60000000
70000003
F0000000
100101C0
200AB5EC
60000000
70000003
F0000000
100101E0
200ABDEC
60000000
70000003
F0000000
10010200
200AC5EC
60000000
70000003
F0000000
10010220
200ACDEC
60000000
70000003
F0000000
10010240
200AD5EC
60000000
70000003
F0000000
10010260
200ADDEC
60000000
70000003
F0000000
10010280
200AE5EC
60000000
70000003
F0000000
100102A0
200AEDEC
60000000
70000003
F0000000
100102C0
200AF5EC
60000000
70000003
F0000000
100102E0
200AFDEC
60000000
70000003
F0000000
10010300
200B05EC
60000000
70000003
F0000000
10010320
200B0DEC
60000000
70000003
F0000000
10010340
200B15EC
60000000
70000003
F0000000
10010360
200B1DEC
60000000
70000003
F0000000
10010380
200B25EC
60000000
70000003
F0000000
100103A0
200B2DEC
60000000
70000003
F0000000
100103C0
200B35EC
60000000
70000003
F0000000
100103E0
200B3DEC
60000000
70000003
F0000000
10010400
200B45EC
60000000
70000003
F0000000
10010420
200B4DEC
60000000
70000003
F0000000
10010440
200B55EC
60000000
70000003
F0000000
10010460
200B5DEC
60000000
70000002
F0000000
80000020
A0000002
10010000
200A460C
60000001
70000001
F0000000
10010020
200A4E0C
60000000
70000003
F0000000
10010040
200A560C
60000000
70000003
F0000000
10010060
200A5E0C
60000000
70000003
F0000000
10010080
200A660C
60000000
70000003
F0000000
100100A0
200A6E0C
60000000
70000003
F0000000
100100C0
200A760C
60000000
70000003
F0000000
100100E0
200A7E0C
60000000
70000003
F0000000
10010100
200A860C
60000000
70000003
F0000000
10010120
200A8E0C
60000000
70000003
F0000000
10010140
200A960C
60000000
70000003
F0000000
10010160
200A9E0C
60000000
70000003
F0000000
10010180
200AA60C
60000000
70000003
F0000000
100101A0
200AAE0C
60000000
70000003
F0000000
100101C0
200AB60C
60000000
70000003
F0000000
100101E0
200ABE0C
60000000
70000003
F0000000
10010200
200AC60C
60000000
70000003
F0000000
10010220
200ACE0C
60000000
70000003
F0000000
10010240
200AD60C
60000000
70000003
F0000000
10010260
200ADE0C
60000000
70000003
F0000000
10010280
200AE60C
60000000
70000003
F0000000
100102A0
200AEE0C
60000000
70000003
F0000000
100102C0
200AF60C
60000000
70000003
F0000000
100102E0
200AFE0C
60000000
70000003
F0000000
10010300
200B060C
60000000
70000003
F0000000
10010320
200B0E0C
60000000
70000003
F0000000
10010340
200B160C
60000000
70000003
F0000000
10010360
200B1E0C
60000000
70000003
F0000000
10010380
200B260C
60000000
70000003
F0000000
100103A0
200B2E0C
60000000
70000003
F0000000
100103C0
200B360C
60000000
70000003
F0000000
100103E0
200B3E0C
60000000
70000003
F0000000
10010400
200B460C
60000000
70000003
F0000000
10010420
200B4E0C
60000000
70000003
F0000000
10010440
200B560C
60000000
70000003
F0000000
10010460
200B5E0C
60000000
70000002
F0000000
E0000000
30000020
B0DB28E7
80010000
A0000002
10000000
200A8DEC
60000001
70000001
F0000000
10000020
200A95EC
60000000
70000003
F0000000
10000040
200A9DEC
60000000
70000003
F0000000
10000060
200AA5EC
60000000
70000003
F0000000
10000080
200AADEC
60000000
70000003
F0000000
100000A0
200AB5EC
60000000
70000003
F0000000
100000C0
200ABDEC
60000000
70000003
F0000000
100000E0
200AC5EC
60000000
70000003
F0000000
10000100
200ACDEC
60000000
70000003
F0000000
10000120
200AD5EC
60000000
70000003
F0000000
10000140
200ADDEC
60000000
70000003
F0000000
10000160
200AE5EC
60000000
70000003
F0000000
10000180
200AEDEC
60000000
70000003
F0000000
100001A0
200AF5EC
60000000
70000003
F0000000
100001C0
200AFDEC
60000000
70000003
F0000000
100001E0
200B05EC
60000000
70000003
F0000000
10000200
200B0DEC
60000000
70000003
F0000000
10000220
200B15EC
60000000
70000002
F0000000
80010020
A0000002
10000000
200A8E0C
60000001
70000001
F0000000
10000020
200A960C
60000000
70000003
F0000000
10000040
200A9E0C
60000000
70000003
F0000000
10000060
200AA60C
60000000
70000003
F0000000
10000080
200AAE0C
60000000
70000003
F0000000
100000A0
200AB60C
60000000
70000003
F0000000
100000C0
200ABE0C
60000000
70000003
F0000000
100000E0
200AC60C
60000000
70000003
F0000000
10000100
200ACE0C
60000000
70000003
F0000000
10000120
200AD60C
60000000
70000003
F0000000
10000140
200ADE0C
60000000
70000003
F0000000
10000160
200AE60C
60000000
70000003
F0000000
10000180
200AEE0C
60000000
70000003
F0000000
100001A0
200AF60C
60000000
70000003
F0000000
100001C0
200AFE0C
60000000
70000003
F0000000
100001E0
200B060C
60000000
70000003
F0000000
10000200
200B0E0C
60000000
70000003
F0000000
10000220
200B160C
60000000
70000002
F0000000
E0000000
30000020
B0E0DB29
80000000
A0000002
10010000
200AB1EC
60000001
70000001
F0000000
10010020
200AB9EC
60000000
70000003
F0000000
10010040
200AC1EC
60000000
70000003
F0000000
10010060
200AC9EC
60000000
70000003
F0000000
10010080
200AD1EC
60000000
70000003
F0000000
100100A0
200AD9EC
60000000
70000003
F0000000
100100C0
200AE1EC
60000000
70000003
F0000000
100100E0
200AE9EC
60000000
70000003
F0000000
10010100
200AF1EC
60000000
70000003
F0000000
10010120
200AF9EC
60000000
70000003
F0000000
10010140
200B01EC
60000000
70000003
F0000000
10010160
200B09EC
60000000
70000003
F0000000
10010180
200B11EC
60000000
70000003
F0000000
100101A0
200B19EC
60000000
70000003
F0000000
100101C0
200B21EC
60000000
70000003
F0000000
100101E0
200B29EC
60000000
70000003
F0000000
10010200
200B31EC
60000000
70000003
F0000000
10010220
200B39EC
60000000
70000003
F0000000
10010240
200B41EC
60000000
70000003
F0000000
10010260
200B49EC
60000000
70000003
F0000000
10010280
200B51EC
60000000
70000003
F0000000
100102A0
200B59EC
60000000
70000003
F0000000
100102C0
200B61EC
60000000
70000003
F0000000
100102E0
200B69EC
60000000
70000003
F0000000
10010300
200B71EC
60000000
70000003
F0000000
10010320
200B79EC
60000000
70000003
F0000000
10010340
200B81EC
60000000
70000003
F0000000
10010360
200B89EC
60000000
70000003
F0000000
10010380
200B91EC
60000000
70000003
F0000000
100103A0
200B99EC
60000000
70000003
F0000000
100103C0
200BA1EC
60000000
70000003
F0000000
100103E0
200BA9EC
60000000
70000003
F0000000
10010400
200BB1EC
60000000
70000003
F0000000
10010420
200BB9EC
60000000
70000003
F0000000
10010440
200BC1EC
60000000
70000003
F0000000
10010460
200BC9EC
60000000
70000003
F0000000
10010480
200BD1EC
60000000
70000003
F0000000
100104A0
200BD9EC
60000000
70000003
F0000000
100104C0
200BE1EC
60000000
70000003
F0000000
100104E0
200BE9EC
60000000
70000003
F0000000
10010500
200BF1EC
60000000
70000003
F0000000
10010520
200BF9EC
60000000
70000003
F0000000
10010540
200C01EC
60000000
70000003
F0000000
10010560
200C09EC
60000000
70000003
F0000000
10010580
200C11EC
60000000
70000003
F0000000
100105A0
200C19EC
60000000
70000003
F0000000
100105C0
200C21EC
60000000
70000003
F0000000
100105E0
200C29EC
60000000
70000003
F0000000
10010600
200C31EC
60000000
70000003
F0000000
10010620
200C39EC
60000000
70000003
F0000000
10010640
200C41EC
60000000
70000003
F0000000
10010660
200C49EC
60000000
70000003
F0000000
10010680
200C51EC
60000000
70000003
F0000000
100106A0
200C59EC
60000000
70000003
F0000000
100106C0
200C61EC
60000000
70000003
F0000000
100106E0
200C69EC
60000000
70000003
F0000000
10010700
200C71EC
60000000
70000003
F0000000
10010720
200C79EC
60000000
70000003
F0000000
10010740
200C81EC
60000000
70000003
F0000000
10010760
200C89EC
60000000
70000003
F0000000
10010780
200C91EC
60000000
70000003
F0000000
100107A0
200C99EC
60000000
70000003
F0000000
100107C0
200CA1EC
60000000
70000003
F0000000
100107E0
200CA9EC
60000000
70000003
F0000000
10010800
200CB1EC
60000000
70000003
F0000000
10010820
200CB9EC
60000000
70000003
F0000000
10010840
200CC1EC
60000000
70000003
F0000000
10010860
200CC9EC
60000000
70000003
F0000000
10010880
200CD1EC
60000000
70000003
F0000000
100108A0
200CD9EC
60000000
70000003
F0000000
100108C0
200CE1EC
60000000
70000003
F0000000
100108E0
200CE9EC
60000000
70000002
F0000000
80000020
A0000002
10010000
200AB20C
60000001
70000001
F0000000
10010020
200ABA0C
60000000
70000003
F0000000
10010040
200AC20C
60000000
70000003
F0000000
10010060
200ACA0C
60000000
70000003
F0000000
10010080
200AD20C
60000000
70000003
F0000000
100100A0
200ADA0C
60000000
70000003
F0000000
100100C0
200AE20C
60000000
70000003
F0000000
100100E0
200AEA0C
60000000
70000003
F0000000
10010100
200AF20C
60000000
70000003
F0000000
10010120
200AFA0C
60000000
70000003
F0000000
10010140
200B020C
60000000
70000003
F0000000
10010160
200B0A0C
60000000
70000003
F0000000
10010180
200B120C
60000000
70000003
F0000000
100101A0
200B1A0C
60000000
70000003
F0000000
100101C0
200B220C
60000000
70000003
F0000000
100101E0
200B2A0C
60000000
70000003
F0000000
10010200
200B320C
60000000
70000003
F0000000
10010220
200B3A0C
60000000
70000003
F0000000
10010240
200B420C
60000000
70000003
F0000000
10010260
200B4A0C
60000000
70000003
F0000000
10010280
200B520C
60000000
70000003
F0000000
100102A0
200B5A0C
60000000
70000003
F0000000
100102C0
200B620C
60000000
70000003
F0000000
100102E0
200B6A0C
60000000
70000003
F0000000
10010300
200B720C
60000000
70000003
F0000000
10010320
200B7A0C
60000000
70000003
F0000000
10010340
200B820C
60000000
70000003
F0000000
10010360
200B8A0C
60000000
70000003
F0000000
10010380
200B920C
60000000
70000003
F0000000
100103A0
200B9A0C
60000000
70000003
F0000000
100103C0
200BA20C
60000000
70000003
F0000000
100103E0
200BAA0C
60000000
70000003
F0000000
10010400
200BB20C
60000000
70000003
F0000000
10010420
200BBA0C
60000000
70000003
F0000000
10010440
200BC20C
60000000
70000003
F0000000
10010460
200BCA0C
60000000
70000003
F0000000
10010480
200BD20C
60000000
70000003
F0000000
100104A0
200BDA0C
60000000
70000003
F0000000
100104C0
200BE20C
60000000
70000003
F0000000
100104E0
200BEA0C
60000000
70000003
F0000000
10010500
200BF20C
60000000
70000003
F0000000
10010520
200BFA0C
60000000
70000003
F0000000
10010540
200C020C
60000000
70000003
F0000000
10010560
200C0A0C
60000000
70000003
F0000000
10010580
200C120C
60000000
70000003
F0000000
100105A0
200C1A0C
60000000
70000003
F0000000
100105C0
200C220C
60000000
70000003
F0000000
100105E0
200C2A0C
60000000
70000003
F0000000
10010600
200C320C
60000000
70000003
F0000000
10010620
200C3A0C
60000000
70000003
F0000000
10010640
200C420C
60000000
70000003
F0000000
10010660
200C4A0C
60000000
70000003
F0000000
10010680
200C520C
60000000
70000003
F0000000
100106A0
200C5A0C
60000000
70000003
F0000000
100106C0
200C620C
60000000
70000003
F0000000
100106E0
200C6A0C
60000000
70000003
F0000000
10010700
200C720C
60000000
70000003
F0000000
10010720
200C7A0C
60000000
70000003
F0000000
10010740
200C820C
60000000
70000003
F0000000
10010760
200C8A0C
60000000
70000003
F0000000
10010780
200C920C
60000000
70000003
F0000000
100107A0
200C9A0C
60000000
70000003
F0000000
100107C0
200CA20C
60000000
70000003
F0000000
100107E0
200CAA0C
60000000
70000003
F0000000
10010800
200CB20C
60000000
70000003
F0000000
10010820
200CBA0C
60000000
70000003
F0000000
10010840
200CC20C
60000000
70000003
F0000000
10010860
200CCA0C
60000000
70000003
F0000000
10010880
200CD20C
60000000
70000003
F0000000
100108A0
200CDA0C
60000000
70000003
F0000000
100108C0
200CE20C
60000000
70000003
F0000000
100108E0
200CEA0C
60000000
70000002
F0000000
E0000000
30000020
B037F5DE
80010000
A0000002
10000000
200B41EC
60000001
70000001
F0000000
10000020
200B49EC
60000000
70000003
F0000000
10000040
200B51EC
60000000
70000003
F0000000
10000060
200B59EC
60000000
70000003
F0000000
10000080
200B61EC
60000000
70000003
F0000000
100000A0
200B69EC
60000000
70000003
F0000000
100000C0
200B71EC
60000000
70000003
F0000000
100000E0
200B79EC
60000000
70000003
F0000000
10000100
200B81EC
60000000
70000003
F0000000
10000120
200B89EC
60000000
70000003
F0000000
10000140
200B91EC
60000000
70000003
F0000000
10000160
200B99EC
60000000
70000003
F0000000
10000180
200BA1EC
60000000
70000003
F0000000
100001A0
200BA9EC
60000000
70000003
F0000000
100001C0
200BB1EC
60000000
70000003
F0000000
100001E0
200BB9EC
60000000
70000003
F0000000
10000200
200BC1EC
60000000
70000003
F0000000
10000220
200BC9EC
60000000
70000002
F0000000
80010020
A0000002
10000000
200B420C
60000001
70000001
F0000000
10000020
200B4A0C
60000000
70000003
F0000000
10000040
200B520C
60000000
70000003
F0000000
10000060
200B5A0C
60000000
70000003
F0000000
10000080
200B620C
60000000
70000003
F0000000
100000A0
200B6A0C
60000000
70000003
F0000000
100000C0
200B720C
60000000
70000003
F0000000
100000E0
200B7A0C
60000000
70000003
F0000000
10000100
200B820C
60000000
70000003
F0000000
10000120
200B8A0C
60000000
70000003
F0000000
10000140
200B920C
60000000
70000003
F0000000
10000160
200B9A0C
60000000
70000003
F0000000
10000180
200BA20C
60000000
70000003
F0000000
100001A0
200BAA0C
60000000
70000003
F0000000
100001C0
200BB20C
60000000
70000003
F0000000
100001E0
200BBA0C
60000000
70000003
F0000000
10000200
200BC20C
60000000
70000003
F0000000
10000220
200BCA0C
60000000
70000002
F0000000
E0000000